PROTEOME_IDS,vfdb,HUMAN_HOMOLOGS,ALGPRED,SIGNALP
tr|W1DKV5|W1DKV5_KLEPN,0,0,0,0
tr|W1DGW6|W1DGW6_KLEPN,0,0,0,0
tr|W1DI39|W1DI39_KLEPN,1,0,0,0
tr|W1DJT2|W1DJT2_KLEPN,1,0,0,0
tr|W1DKD2|W1DKD2_KLEPN,1,1,1,0
tr|W1DKE8|W1DKE8_KLEPN,0,0,0,0
tr|W1DKL7|W1DKL7_KLEPN,0,0,0,0
tr|W1DLX4|W1DLX4_KLEPN,0,0,0,0
tr|W1DM16|W1DM16_KLEPN,0,0,0,0
tr|W1DMK6|W1DMK6_KLEPN,0,0,0,0
tr|W1DNW1|W1DNW1_KLEPN,0,0,0,0
tr|W1DPF4|W1DPF4_KLEPN,0,0,0,0
tr|W1DRP9|W1DRP9_KLEPN,1,1,1,0
tr|W1DSP7|W1DSP7_KLEPN,0,0,0,0
tr|W1DUE4|W1DUE4_KLEPN,0,0,0,0
tr|W1DUW3|W1DUW3_KLEPN,0,0,0,0
tr|W1DWN0|W1DWN0_KLEPN,0,0,0,0
tr|W1DCB8|W1DCB8_KLEPN,0,0,0,0
tr|W1DCL9|W1DCL9_KLEPN,0,0,0,0
tr|W1DCW0|W1DCW0_KLEPN,0,0,0,0
tr|W1DCW5|W1DCW5_KLEPN,0,0,0,0
tr|W1DDC3|W1DDC3_KLEPN,0,0,0,0
tr|W1DDI7|W1DDI7_KLEPN,0,0,0,0
tr|W1DDM1|W1DDM1_KLEPN,0,0,0,0
tr|W1DDP9|W1DDP9_KLEPN,0,0,0,0
tr|W1DDQ0|W1DDQ0_KLEPN,0,0,0,0
tr|W1DE94|W1DE94_KLEPN,0,0,0,0
tr|W1DE99|W1DE99_KLEPN,0,0,0,0
tr|W1DEA9|W1DEA9_KLEPN,0,0,0,0
tr|W1DEE5|W1DEE5_KLEPN,0,0,0,0
tr|W1DEE8|W1DEE8_KLEPN,0,0,0,0
tr|W1DEE9|W1DEE9_KLEPN,0,0,0,0
tr|W1DEL8|W1DEL8_KLEPN,0,0,0,0
tr|W1DEP4|W1DEP4_KLEPN,0,0,0,0
tr|W1DES1|W1DES1_KLEPN,0,0,0,0
tr|W1DEY1|W1DEY1_KLEPN,0,0,0,0
tr|W1DF36|W1DF36_KLEPN,0,0,0,0
tr|W1DF40|W1DF40_KLEPN,0,0,0,0
tr|W1DF79|W1DF79_KLEPN,0,0,0,0
tr|W1DF86|W1DF86_KLEPN,0,0,0,0
tr|W1DFA4|W1DFA4_KLEPN,0,0,0,0
tr|W1DFC2|W1DFC2_KLEPN,0,0,0,0
tr|W1DFE6|W1DFE6_KLEPN,1,0,0,0
tr|W1DFI2|W1DFI2_KLEPN,1,0,0,0
tr|W1DFJ8|W1DFJ8_KLEPN,0,0,0,0
tr|W1DFN3|W1DFN3_KLEPN,0,0,0,0
tr|W1DFN9|W1DFN9_KLEPN,0,0,0,0
tr|W1DFP6|W1DFP6_KLEPN,0,0,0,0
tr|W1DFR6|W1DFR6_KLEPN,1,0,0,0
tr|W1DFU2|W1DFU2_KLEPN,0,0,0,0
tr|W1DFV9|W1DFV9_KLEPN,1,0,0,0
tr|W1DFW2|W1DFW2_KLEPN,0,0,0,0
tr|W1DFW6|W1DFW6_KLEPN,0,0,0,0
tr|W1DG04|W1DG04_KLEPN,0,0,0,0
tr|W1DG34|W1DG34_KLEPN,0,0,0,0
tr|W1DG40|W1DG40_KLEPN,0,0,0,0
tr|W1DG85|W1DG85_KLEPN,0,0,0,0
tr|W1DG95|W1DG95_KLEPN,0,0,0,0
tr|W1DGB5|W1DGB5_KLEPN,0,0,0,0
tr|W1DGF0|W1DGF0_KLEPN,0,0,0,0
tr|W1DGJ1|W1DGJ1_KLEPN,0,0,0,0
tr|W1DGJ4|W1DGJ4_KLEPN,0,0,0,0
tr|W1DGJ9|W1DGJ9_KLEPN,0,0,0,0
tr|W1DGM8|W1DGM8_KLEPN,1,0,0,0
tr|W1DGP1|W1DGP1_KLEPN,0,0,0,0
tr|W1DGP5|W1DGP5_KLEPN,0,0,0,0
tr|W1DH01|W1DH01_KLEPN,0,0,0,0
tr|W1DH20|W1DH20_KLEPN,0,0,0,0
tr|W1DH33|W1DH33_KLEPN,0,0,0,0
tr|W1DH75|W1DH75_KLEPN,1,1,1,0
tr|W1DH90|W1DH90_KLEPN,0,0,0,0
tr|W1DHB1|W1DHB1_KLEPN,0,0,0,0
tr|W1DHB4|W1DHB4_KLEPN,0,0,0,0
tr|W1DHB7|W1DHB7_KLEPN,1,1,1,0
tr|W1DHF0|W1DHF0_KLEPN,0,0,0,0
tr|W1DHG9|W1DHG9_KLEPN,0,0,0,0
tr|W1DHI1|W1DHI1_KLEPN,0,0,0,0
tr|W1DHM3|W1DHM3_KLEPN,0,0,0,0
tr|W1DHM9|W1DHM9_KLEPN,0,0,0,0
tr|W1DHN6|W1DHN6_KLEPN,0,0,0,0
tr|W1DHR6|W1DHR6_KLEPN,1,1,1,0
tr|W1DHT3|W1DHT3_KLEPN,0,0,0,0
tr|W1DHT7|W1DHT7_KLEPN,0,0,0,0
tr|W1DHX2|W1DHX2_KLEPN,0,0,0,0
tr|W1DHX5|W1DHX5_KLEPN,0,0,0,0
tr|W1DHX6|W1DHX6_KLEPN,0,0,0,0
tr|W1DHZ1|W1DHZ1_KLEPN,0,0,0,0
tr|W1DI02|W1DI02_KLEPN,0,0,0,0
tr|W1DI31|W1DI31_KLEPN,0,0,0,0
tr|W1DI41|W1DI41_KLEPN,1,0,0,0
tr|W1DI42|W1DI42_KLEPN,0,0,0,0
tr|W1DI50|W1DI50_KLEPN,0,0,0,0
tr|W1DI63|W1DI63_KLEPN,0,0,0,0
tr|W1DI82|W1DI82_KLEPN,0,0,0,0
tr|W1DIB9|W1DIB9_KLEPN,0,0,0,0
tr|W1DID1|W1DID1_KLEPN,0,0,0,0
tr|W1DIF3|W1DIF3_KLEPN,1,1,1,0
tr|W1DIH3|W1DIH3_KLEPN,0,0,0,0
tr|W1DIH6|W1DIH6_KLEPN,0,0,0,0
tr|W1DIH7|W1DIH7_KLEPN,0,0,0,0
tr|W1DIL4|W1DIL4_KLEPN,0,0,0,0
tr|W1DIL5|W1DIL5_KLEPN,1,1,1,0
tr|W1DIM3|W1DIM3_KLEPN,0,0,0,0
tr|W1DIN0|W1DIN0_KLEPN,0,0,0,0
tr|W1DIN2|W1DIN2_KLEPN,0,0,0,0
tr|W1DIP6|W1DIP6_KLEPN,0,0,0,0
tr|W1DIR4|W1DIR4_KLEPN,0,0,0,0
tr|W1DIT5|W1DIT5_KLEPN,0,0,0,0
tr|W1DIT6|W1DIT6_KLEPN,0,0,0,0
tr|W1DIV7|W1DIV7_KLEPN,0,0,0,0
tr|W1DIW1|W1DIW1_KLEPN,0,0,0,0
tr|W1DIW4|W1DIW4_KLEPN,0,0,0,0
tr|W1DIX4|W1DIX4_KLEPN,0,0,0,0
tr|W1DJ07|W1DJ07_KLEPN,0,0,0,0
tr|W1DJ19|W1DJ19_KLEPN,0,0,0,0
tr|W1DJ40|W1DJ40_KLEPN,0,0,0,0
tr|W1DJ49|W1DJ49_KLEPN,0,0,0,0
tr|W1DJ61|W1DJ61_KLEPN,1,0,0,0
tr|W1DJ81|W1DJ81_KLEPN,0,0,0,0
tr|W1DJ96|W1DJ96_KLEPN,0,0,0,0
tr|W1DJC3|W1DJC3_KLEPN,0,0,0,0
tr|W1DJI3|W1DJI3_KLEPN,0,0,0,0
tr|W1DJJ9|W1DJJ9_KLEPN,0,0,0,0
tr|W1DJK4|W1DJK4_KLEPN,0,0,0,0
tr|W1DJL5|W1DJL5_KLEPN,1,0,0,0
tr|W1DJL7|W1DJL7_KLEPN,0,0,0,0
tr|W1DJM3|W1DJM3_KLEPN,0,0,0,0
tr|W1DJT0|W1DJT0_KLEPN,0,0,0,0
tr|W1DJT5|W1DJT5_KLEPN,0,0,0,0
tr|W1DJT7|W1DJT7_KLEPN,0,0,0,0
tr|W1DJV6|W1DJV6_KLEPN,0,0,0,0
tr|W1DJZ1|W1DJZ1_KLEPN,0,0,0,0
tr|W1DK13|W1DK13_KLEPN,0,0,0,0
tr|W1DK25|W1DK25_KLEPN,0,0,0,0
tr|W1DK31|W1DK31_KLEPN,0,0,0,0
tr|W1DK91|W1DK91_KLEPN,0,0,0,0
tr|W1DK95|W1DK95_KLEPN,0,0,0,0
tr|W1DKA0|W1DKA0_KLEPN,0,0,0,0
tr|W1DKB3|W1DKB3_KLEPN,0,0,0,0
tr|W1DKB7|W1DKB7_KLEPN,0,0,0,0
tr|W1DKC9|W1DKC9_KLEPN,0,0,0,0
tr|W1DKE2|W1DKE2_KLEPN,0,0,0,0
tr|W1DKH1|W1DKH1_KLEPN,0,0,0,0
tr|W1DKI5|W1DKI5_KLEPN,0,0,0,0
tr|W1DKI8|W1DKI8_KLEPN,0,0,0,0
tr|W1DKN7|W1DKN7_KLEPN,0,0,0,0
tr|W1DKS1|W1DKS1_KLEPN,0,0,0,0
tr|W1DKV1|W1DKV1_KLEPN,0,0,0,0
tr|W1DKV8|W1DKV8_KLEPN,0,0,0,0
tr|W1DKW4|W1DKW4_KLEPN,0,0,0,0
tr|W1DKX7|W1DKX7_KLEPN,0,0,0,0
tr|W1DKZ6|W1DKZ6_KLEPN,0,0,0,0
tr|W1DL04|W1DL04_KLEPN,1,1,1,0
tr|W1DL19|W1DL19_KLEPN,0,0,0,0
tr|W1DL35|W1DL35_KLEPN,0,0,0,0
tr|W1DL83|W1DL83_KLEPN,0,0,0,0
tr|W1DL89|W1DL89_KLEPN,0,0,0,0
tr|W1DL92|W1DL92_KLEPN,0,0,0,0
tr|W1DLA0|W1DLA0_KLEPN,0,0,0,0
tr|W1DLB6|W1DLB6_KLEPN,1,0,0,0
tr|W1DLB8|W1DLB8_KLEPN,0,0,0,0
tr|W1DLD2|W1DLD2_KLEPN,0,0,0,0
tr|W1DLF1|W1DLF1_KLEPN,0,0,0,0
tr|W1DLF3|W1DLF3_KLEPN,0,0,0,0
tr|W1DLL4|W1DLL4_KLEPN,0,0,0,0
tr|W1DLR0|W1DLR0_KLEPN,1,1,0,0
tr|W1DLU6|W1DLU6_KLEPN,0,0,0,0
tr|W1DLV1|W1DLV1_KLEPN,0,0,0,0
tr|W1DLV4|W1DLV4_KLEPN,1,1,1,0
tr|W1DLW9|W1DLW9_KLEPN,1,1,1,0
tr|W1DM30|W1DM30_KLEPN,0,0,0,0
tr|W1DM37|W1DM37_KLEPN,0,0,0,0
tr|W1DM90|W1DM90_KLEPN,0,0,0,0
tr|W1DM93|W1DM93_KLEPN,0,0,0,0
tr|W1DM94|W1DM94_KLEPN,0,0,0,0
tr|W1DMA1|W1DMA1_KLEPN,0,0,0,0
tr|W1DMB6|W1DMB6_KLEPN,0,0,0,0
tr|W1DMC5|W1DMC5_KLEPN,0,0,0,0
tr|W1DMC8|W1DMC8_KLEPN,0,0,0,0
tr|W1DMD5|W1DMD5_KLEPN,0,0,0,0
tr|W1DMG2|W1DMG2_KLEPN,0,0,0,0
tr|W1DMH8|W1DMH8_KLEPN,0,0,0,0
tr|W1DMJ8|W1DMJ8_KLEPN,0,0,0,0
tr|W1DMK8|W1DMK8_KLEPN,0,0,0,0
tr|W1DML7|W1DML7_KLEPN,0,0,0,0
tr|W1DMQ5|W1DMQ5_KLEPN,0,0,0,0
tr|W1DMQ6|W1DMQ6_KLEPN,0,0,0,0
tr|W1DMT6|W1DMT6_KLEPN,0,0,0,0
tr|W1DMU6|W1DMU6_KLEPN,1,0,0,0
tr|W1DMW3|W1DMW3_KLEPN,1,1,0,0
tr|W1DMW8|W1DMW8_KLEPN,0,0,0,0
tr|W1DMX1|W1DMX1_KLEPN,0,0,0,0
tr|W1DMX5|W1DMX5_KLEPN,0,0,0,0
tr|W1DMY1|W1DMY1_KLEPN,1,1,1,0
tr|W1DN07|W1DN07_KLEPN,0,0,0,0
tr|W1DN65|W1DN65_KLEPN,1,1,1,0
tr|W1DNA0|W1DNA0_KLEPN,0,0,0,0
tr|W1DNA2|W1DNA2_KLEPN,0,0,0,0
tr|W1DNA3|W1DNA3_KLEPN,0,0,0,0
tr|W1DNF1|W1DNF1_KLEPN,0,0,0,0
tr|W1DNF6|W1DNF6_KLEPN,0,0,0,0
tr|W1DNJ1|W1DNJ1_KLEPN,0,0,0,0
tr|W1DNK1|W1DNK1_KLEPN,0,0,0,0
tr|W1DNK6|W1DNK6_KLEPN,1,0,0,0
tr|W1DNL1|W1DNL1_KLEPN,0,0,0,0
tr|W1DNN3|W1DNN3_KLEPN,0,0,0,0
tr|W1DNP3|W1DNP3_KLEPN,1,1,1,0
tr|W1DNQ6|W1DNQ6_KLEPN,0,0,0,0
tr|W1DNR4|W1DNR4_KLEPN,0,0,0,0
tr|W1DNS9|W1DNS9_KLEPN,0,0,0,0
tr|W1DNT3|W1DNT3_KLEPN,0,0,0,0
tr|W1DNV6|W1DNV6_KLEPN,0,0,0,0
tr|W1DNW6|W1DNW6_KLEPN,0,0,0,0
tr|W1DNY2|W1DNY2_KLEPN,0,0,0,0
tr|W1DNZ1|W1DNZ1_KLEPN,0,0,0,0
tr|W1DNZ3|W1DNZ3_KLEPN,0,0,0,0
tr|W1DP19|W1DP19_KLEPN,0,0,0,0
tr|W1DP32|W1DP32_KLEPN,0,0,0,0
tr|W1DP59|W1DP59_KLEPN,0,0,0,0
tr|W1DP71|W1DP71_KLEPN,0,0,0,0
tr|W1DP79|W1DP79_KLEPN,0,0,0,0
tr|W1DPC6|W1DPC6_KLEPN,0,0,0,0
tr|W1DPE1|W1DPE1_KLEPN,0,0,0,0
tr|W1DPF2|W1DPF2_KLEPN,0,0,0,0
tr|W1DPG2|W1DPG2_KLEPN,0,0,0,0
tr|W1DPJ1|W1DPJ1_KLEPN,0,0,0,0
tr|W1DPL6|W1DPL6_KLEPN,0,0,0,0
tr|W1DPM7|W1DPM7_KLEPN,0,0,0,0
tr|W1DPS7|W1DPS7_KLEPN,0,0,0,0
tr|W1DPV2|W1DPV2_KLEPN,0,0,0,0
tr|W1DPV3|W1DPV3_KLEPN,0,0,0,0
tr|W1DPW4|W1DPW4_KLEPN,0,0,0,0
tr|W1DPY0|W1DPY0_KLEPN,0,0,0,0
tr|W1DPY5|W1DPY5_KLEPN,1,1,1,0
tr|W1DPY9|W1DPY9_KLEPN,0,0,0,0
tr|W1DQB4|W1DQB4_KLEPN,0,0,0,0
tr|W1DQE3|W1DQE3_KLEPN,0,0,0,0
tr|W1DQE5|W1DQE5_KLEPN,0,0,0,0
tr|W1DQI4|W1DQI4_KLEPN,0,0,0,0
tr|W1DQJ4|W1DQJ4_KLEPN,0,0,0,0
tr|W1DQM4|W1DQM4_KLEPN,0,0,0,0
tr|W1DQN6|W1DQN6_KLEPN,0,0,0,0
tr|W1DQS5|W1DQS5_KLEPN,0,0,0,0
tr|W1DQS9|W1DQS9_KLEPN,0,0,0,0
tr|W1DQT7|W1DQT7_KLEPN,0,0,0,0
tr|W1DQV1|W1DQV1_KLEPN,0,0,0,0
tr|W1DQX4|W1DQX4_KLEPN,0,0,0,0
tr|W1DQZ1|W1DQZ1_KLEPN,0,0,0,0
tr|W1DQZ2|W1DQZ2_KLEPN,0,0,0,0
tr|W1DR17|W1DR17_KLEPN,0,0,0,0
tr|W1DR40|W1DR40_KLEPN,1,1,1,0
tr|W1DR74|W1DR74_KLEPN,0,0,0,0
tr|W1DR83|W1DR83_KLEPN,1,0,0,0
tr|W1DR88|W1DR88_KLEPN,0,0,0,0
tr|W1DRB1|W1DRB1_KLEPN,0,0,0,0
tr|W1DRD1|W1DRD1_KLEPN,0,0,0,0
tr|W1DRE0|W1DRE0_KLEPN,0,0,0,0
tr|W1DRJ3|W1DRJ3_KLEPN,0,0,0,0
tr|W1DRK0|W1DRK0_KLEPN,1,1,1,0
tr|W1DRL4|W1DRL4_KLEPN,0,0,0,0
tr|W1DRP2|W1DRP2_KLEPN,0,0,0,0
tr|W1DRQ4|W1DRQ4_KLEPN,0,0,0,0
tr|W1DRQ9|W1DRQ9_KLEPN,0,0,0,0
tr|W1DRR6|W1DRR6_KLEPN,0,0,0,0
tr|W1DRT5|W1DRT5_KLEPN,0,0,0,0
tr|W1DRY3|W1DRY3_KLEPN,1,1,1,0
tr|W1DRY4|W1DRY4_KLEPN,0,0,0,0
tr|W1DRZ3|W1DRZ3_KLEPN,1,1,1,0
tr|W1DS30|W1DS30_KLEPN,0,0,0,0
tr|W1DS55|W1DS55_KLEPN,0,0,0,0
tr|W1DSA4|W1DSA4_KLEPN,0,0,0,0
tr|W1DSF6|W1DSF6_KLEPN,0,0,0,0
tr|W1DSG4|W1DSG4_KLEPN,0,0,0,0
tr|W1DSH0|W1DSH0_KLEPN,0,0,0,0
tr|W1DSJ6|W1DSJ6_KLEPN,0,0,0,0
tr|W1DSL0|W1DSL0_KLEPN,0,0,0,0
tr|W1DSN5|W1DSN5_KLEPN,0,0,0,0
tr|W1DSQ5|W1DSQ5_KLEPN,0,0,0,0
tr|W1DSQ8|W1DSQ8_KLEPN,1,0,0,0
tr|W1DSR9|W1DSR9_KLEPN,0,0,0,0
tr|W1DST2|W1DST2_KLEPN,0,0,0,0
tr|W1DSU1|W1DSU1_KLEPN,0,0,0,0
tr|W1DSU3|W1DSU3_KLEPN,0,0,0,0
tr|W1DSV9|W1DSV9_KLEPN,0,0,0,0
tr|W1DSW3|W1DSW3_KLEPN,1,1,1,0
tr|W1DT09|W1DT09_KLEPN,0,0,0,0
tr|W1DT25|W1DT25_KLEPN,0,0,0,0
tr|W1DT72|W1DT72_KLEPN,0,0,0,0
tr|W1DTD6|W1DTD6_KLEPN,1,1,1,0
tr|W1DTN5|W1DTN5_KLEPN,0,0,0,0
tr|W1DTQ6|W1DTQ6_KLEPN,0,0,0,0
tr|W1DTR2|W1DTR2_KLEPN,1,0,0,0
tr|W1DTR3|W1DTR3_KLEPN,0,0,0,0
tr|W1DTV5|W1DTV5_KLEPN,0,0,0,0
tr|W1DU08|W1DU08_KLEPN,0,0,0,0
tr|W1DU13|W1DU13_KLEPN,1,0,0,0
tr|W1DU29|W1DU29_KLEPN,1,0,0,0
tr|W1DU51|W1DU51_KLEPN,0,0,0,0
tr|W1DU59|W1DU59_KLEPN,1,1,1,0
tr|W1DU66|W1DU66_KLEPN,0,0,0,0
tr|W1DU70|W1DU70_KLEPN,0,0,0,0
tr|W1DU78|W1DU78_KLEPN,0,0,0,0
tr|W1DU87|W1DU87_KLEPN,0,0,0,0
tr|W1DU91|W1DU91_KLEPN,0,0,0,0
tr|W1DUB3|W1DUB3_KLEPN,0,0,0,0
tr|W1DUE6|W1DUE6_KLEPN,0,0,0,0
tr|W1DUL3|W1DUL3_KLEPN,0,0,0,0
tr|W1DUL9|W1DUL9_KLEPN,0,0,0,0
tr|W1DUM9|W1DUM9_KLEPN,0,0,0,0
tr|W1DUP1|W1DUP1_KLEPN,0,0,0,0
tr|W1DUW7|W1DUW7_KLEPN,0,0,0,0
tr|W1DV03|W1DV03_KLEPN,0,0,0,0
tr|W1DV09|W1DV09_KLEPN,0,0,0,0
tr|W1DV94|W1DV94_KLEPN,0,0,0,0
tr|W1DVE7|W1DVE7_KLEPN,0,0,0,0
tr|W1DVG4|W1DVG4_KLEPN,0,0,0,0
tr|W1DVG6|W1DVG6_KLEPN,0,0,0,0
tr|W1DVQ8|W1DVQ8_KLEPN,0,0,0,0
tr|W1DVV5|W1DVV5_KLEPN,1,1,1,0
tr|W1DW11|W1DW11_KLEPN,0,0,0,0
tr|W1DW74|W1DW74_KLEPN,0,0,0,0
tr|W1DWA7|W1DWA7_KLEPN,0,0,0,0
tr|W1DWR6|W1DWR6_KLEPN,0,0,0,0
tr|W1DWZ3|W1DWZ3_KLEPN,0,0,0,0
tr|W1DX06|W1DX06_KLEPN,0,0,0,0
tr|W1DXT9|W1DXT9_KLEPN,0,0,0,0
tr|W1DY24|W1DY24_KLEPN,0,0,0,0
tr|W1DYD9|W1DYD9_KLEPN,0,0,0,0
tr|W1DCD0|W1DCD0_KLEPN,0,0,0,0
tr|W1DCH6|W1DCH6_KLEPN,1,1,1,0
tr|W1DCJ0|W1DCJ0_KLEPN,0,0,0,0
tr|W1DCK2|W1DCK2_KLEPN,0,0,0,0
tr|W1DCK7|W1DCK7_KLEPN,0,0,0,0
tr|W1DCM6|W1DCM6_KLEPN,0,0,0,0
tr|W1DCM8|W1DCM8_KLEPN,0,0,0,0
tr|W1DCN6|W1DCN6_KLEPN,0,0,0,0
tr|W1DCP0|W1DCP0_KLEPN,1,1,1,0
tr|W1DCQ1|W1DCQ1_KLEPN,0,0,0,0
tr|W1DCR4|W1DCR4_KLEPN,0,0,0,0
tr|W1DCR8|W1DCR8_KLEPN,1,1,1,0
tr|W1DCT5|W1DCT5_KLEPN,0,0,0,0
tr|W1DCV5|W1DCV5_KLEPN,0,0,0,0
tr|W1DCX2|W1DCX2_KLEPN,0,0,0,0
tr|W1DCZ9|W1DCZ9_KLEPN,1,1,1,0
tr|W1DD01|W1DD01_KLEPN,0,0,0,0
tr|W1DD09|W1DD09_KLEPN,0,0,0,0
tr|W1DD15|W1DD15_KLEPN,0,0,0,0
tr|W1DD19|W1DD19_KLEPN,0,0,0,0
tr|W1DD42|W1DD42_KLEPN,0,0,0,0
tr|W1DD63|W1DD63_KLEPN,0,0,0,0
tr|W1DD76|W1DD76_KLEPN,0,0,0,0
tr|W1DDA7|W1DDA7_KLEPN,0,0,0,0
tr|W1DDB1|W1DDB1_KLEPN,0,0,0,0
tr|W1DDD0|W1DDD0_KLEPN,0,0,0,0
tr|W1DDF2|W1DDF2_KLEPN,0,0,0,0
tr|W1DDF7|W1DDF7_KLEPN,0,0,0,0
tr|W1DDG1|W1DDG1_KLEPN,0,0,0,0
tr|W1DDG5|W1DDG5_KLEPN,0,0,0,0
tr|W1DDG8|W1DDG8_KLEPN,0,0,0,0
tr|W1DDH4|W1DDH4_KLEPN,0,0,0,0
tr|W1DDH7|W1DDH7_KLEPN,0,0,0,0
tr|W1DDH8|W1DDH8_KLEPN,1,0,0,0
tr|W1DDI1|W1DDI1_KLEPN,0,0,0,0
tr|W1DDJ2|W1DDJ2_KLEPN,0,0,0,0
tr|W1DDK2|W1DDK2_KLEPN,1,1,1,0
tr|W1DDL5|W1DDL5_KLEPN,0,0,0,0
tr|W1DDW4|W1DDW4_KLEPN,0,0,0,0
tr|W1DDW9|W1DDW9_KLEPN,0,0,0,0
tr|W1DDZ7|W1DDZ7_KLEPN,0,0,0,0
tr|W1DE10|W1DE10_KLEPN,1,1,1,0
tr|W1DE12|W1DE12_KLEPN,0,0,0,0
tr|W1DE38|W1DE38_KLEPN,0,0,0,0
tr|W1DE42|W1DE42_KLEPN,0,0,0,0
tr|W1DE49|W1DE49_KLEPN,0,0,0,0
tr|W1DE64|W1DE64_KLEPN,0,0,0,0
tr|W1DE77|W1DE77_KLEPN,0,0,0,0
tr|W1DE97|W1DE97_KLEPN,0,0,0,0
tr|W1DEA5|W1DEA5_KLEPN,0,0,0,0
tr|W1DED0|W1DED0_KLEPN,0,0,0,0
tr|W1DEG6|W1DEG6_KLEPN,0,0,0,0
tr|W1DEG9|W1DEG9_KLEPN,0,0,0,0
tr|W1DEJ3|W1DEJ3_KLEPN,0,0,0,0
tr|W1DEJ4|W1DEJ4_KLEPN,0,0,0,0
tr|W1DEK0|W1DEK0_KLEPN,0,0,0,0
tr|W1DEK4|W1DEK4_KLEPN,0,0,0,0
tr|W1DEL0|W1DEL0_KLEPN,0,0,0,0
tr|W1DEL3|W1DEL3_KLEPN,0,0,0,0
tr|W1DEL4|W1DEL4_KLEPN,0,0,0,0
tr|W1DEM8|W1DEM8_KLEPN,0,0,0,0
tr|W1DEN3|W1DEN3_KLEPN,0,0,0,0
tr|W1DEN4|W1DEN4_KLEPN,0,0,0,0
tr|W1DEN6|W1DEN6_KLEPN,0,0,0,0
tr|W1DEU0|W1DEU0_KLEPN,0,0,0,0
tr|W1DEW2|W1DEW2_KLEPN,0,0,0,0
tr|W1DEW3|W1DEW3_KLEPN,1,1,1,0
tr|W1DEX3|W1DEX3_KLEPN,0,0,0,0
tr|W1DEY7|W1DEY7_KLEPN,1,1,1,0
tr|W1DEY8|W1DEY8_KLEPN,0,0,0,0
tr|W1DEY9|W1DEY9_KLEPN,0,0,0,0
tr|W1DEZ1|W1DEZ1_KLEPN,0,0,0,0
tr|W1DEZ4|W1DEZ4_KLEPN,0,0,0,0
tr|W1DEZ6|W1DEZ6_KLEPN,0,0,0,0
tr|W1DF16|W1DF16_KLEPN,0,0,0,0
tr|W1DF17|W1DF17_KLEPN,0,0,0,0
tr|W1DF30|W1DF30_KLEPN,1,0,0,0
tr|W1DF42|W1DF42_KLEPN,0,0,0,0
tr|W1DF46|W1DF46_KLEPN,0,0,0,0
tr|W1DF50|W1DF50_KLEPN,0,0,0,0
tr|W1DF54|W1DF54_KLEPN,0,0,0,0
tr|W1DF67|W1DF67_KLEPN,0,0,0,0
tr|W1DF85|W1DF85_KLEPN,0,0,0,0
tr|W1DF90|W1DF90_KLEPN,0,0,0,0
tr|W1DF98|W1DF98_KLEPN,0,0,0,0
tr|W1DFB0|W1DFB0_KLEPN,1,0,0,0
tr|W1DFB5|W1DFB5_KLEPN,0,0,0,0
tr|W1DFB6|W1DFB6_KLEPN,0,0,0,0
tr|W1DFC7|W1DFC7_KLEPN,0,0,0,0
tr|W1DFD0|W1DFD0_KLEPN,0,0,0,0
tr|W1DFF2|W1DFF2_KLEPN,0,0,0,0
tr|W1DFF9|W1DFF9_KLEPN,0,0,0,0
tr|W1DFG2|W1DFG2_KLEPN,0,0,0,0
tr|W1DFG4|W1DFG4_KLEPN,0,0,0,0
tr|W1DFH4|W1DFH4_KLEPN,0,0,0,0
tr|W1DFH6|W1DFH6_KLEPN,0,0,0,0
tr|W1DFI6|W1DFI6_KLEPN,0,0,0,0
tr|W1DFI8|W1DFI8_KLEPN,0,0,0,0
tr|W1DFI9|W1DFI9_KLEPN,0,0,0,0
tr|W1DFJ2|W1DFJ2_KLEPN,0,0,0,0
tr|W1DFJ3|W1DFJ3_KLEPN,1,1,1,0
tr|W1DFJ4|W1DFJ4_KLEPN,0,0,0,0
tr|W1DFK4|W1DFK4_KLEPN,0,0,0,0
tr|W1DFK5|W1DFK5_KLEPN,0,0,0,0
tr|W1DFK8|W1DFK8_KLEPN,0,0,0,0
tr|W1DFL6|W1DFL6_KLEPN,0,0,0,0
tr|W1DFL8|W1DFL8_KLEPN,0,0,0,0
tr|W1DFM3|W1DFM3_KLEPN,0,0,0,0
tr|W1DFM4|W1DFM4_KLEPN,0,0,0,0
tr|W1DFM9|W1DFM9_KLEPN,0,0,0,0
tr|W1DFN4|W1DFN4_KLEPN,0,0,0,0
tr|W1DFP1|W1DFP1_KLEPN,0,0,0,0
tr|W1DFP3|W1DFP3_KLEPN,0,0,0,0
tr|W1DFP7|W1DFP7_KLEPN,0,0,0,0
tr|W1DFP9|W1DFP9_KLEPN,0,0,0,0
tr|W1DFQ2|W1DFQ2_KLEPN,0,0,0,0
tr|W1DFR7|W1DFR7_KLEPN,1,0,0,0
tr|W1DFR9|W1DFR9_KLEPN,1,0,0,0
tr|W1DFS0|W1DFS0_KLEPN,0,0,0,0
tr|W1DFT2|W1DFT2_KLEPN,0,0,0,0
tr|W1DFU8|W1DFU8_KLEPN,0,0,0,0
tr|W1DFV1|W1DFV1_KLEPN,0,0,0,0
tr|W1DFW8|W1DFW8_KLEPN,0,0,0,0
tr|W1DFW9|W1DFW9_KLEPN,0,0,0,0
tr|W1DFX2|W1DFX2_KLEPN,0,0,0,0
tr|W1DFX7|W1DFX7_KLEPN,0,0,0,0
tr|W1DFX9|W1DFX9_KLEPN,1,0,0,0
tr|W1DFZ2|W1DFZ2_KLEPN,0,0,0,0
tr|W1DFZ7|W1DFZ7_KLEPN,0,0,0,0
tr|W1DG14|W1DG14_KLEPN,0,0,0,0
tr|W1DG18|W1DG18_KLEPN,0,0,0,0
tr|W1DG22|W1DG22_KLEPN,0,0,0,0
tr|W1DG24|W1DG24_KLEPN,0,0,0,0
tr|W1DG25|W1DG25_KLEPN,0,0,0,0
tr|W1DG31|W1DG31_KLEPN,0,0,0,0
tr|W1DG32|W1DG32_KLEPN,0,0,0,0
tr|W1DG42|W1DG42_KLEPN,0,0,0,0
tr|W1DG50|W1DG50_KLEPN,1,1,1,0
tr|W1DG54|W1DG54_KLEPN,0,0,0,0
tr|W1DG55|W1DG55_KLEPN,0,0,0,0
tr|W1DG56|W1DG56_KLEPN,0,0,0,0
tr|W1DG61|W1DG61_KLEPN,0,0,0,0
tr|W1DG72|W1DG72_KLEPN,1,1,1,0
tr|W1DG75|W1DG75_KLEPN,0,0,0,0
tr|W1DG93|W1DG93_KLEPN,0,0,0,0
tr|W1DG98|W1DG98_KLEPN,0,0,0,0
tr|W1DGA1|W1DGA1_KLEPN,0,0,0,0
tr|W1DGB1|W1DGB1_KLEPN,0,0,0,0
tr|W1DGD0|W1DGD0_KLEPN,0,0,0,0
tr|W1DGD3|W1DGD3_KLEPN,0,0,0,0
tr|W1DGD6|W1DGD6_KLEPN,1,1,1,0
tr|W1DGE1|W1DGE1_KLEPN,0,0,0,0
tr|W1DGG5|W1DGG5_KLEPN,0,0,0,0
tr|W1DGH1|W1DGH1_KLEPN,0,0,0,0
tr|W1DGH7|W1DGH7_KLEPN,0,0,0,0
tr|W1DGI9|W1DGI9_KLEPN,0,0,0,0
tr|W1DGJ7|W1DGJ7_KLEPN,0,0,0,0
tr|W1DGK3|W1DGK3_KLEPN,0,0,0,0
tr|W1DGK6|W1DGK6_KLEPN,0,0,0,0
tr|W1DGL2|W1DGL2_KLEPN,0,0,0,0
tr|W1DGL4|W1DGL4_KLEPN,1,1,1,0
tr|W1DGL7|W1DGL7_KLEPN,0,0,0,0
tr|W1DGL9|W1DGL9_KLEPN,0,0,0,0
tr|W1DGM1|W1DGM1_KLEPN,1,0,0,0
tr|W1DGN7|W1DGN7_KLEPN,0,0,0,0
tr|W1DGN9|W1DGN9_KLEPN,0,0,0,0
tr|W1DGP3|W1DGP3_KLEPN,0,0,0,0
tr|W1DGR8|W1DGR8_KLEPN,0,0,0,0
tr|W1DGS0|W1DGS0_KLEPN,0,0,0,0
tr|W1DGS7|W1DGS7_KLEPN,1,1,1,0
tr|W1DGT1|W1DGT1_KLEPN,1,1,1,0
tr|W1DGT4|W1DGT4_KLEPN,0,0,0,0
tr|W1DGU9|W1DGU9_KLEPN,0,0,0,0
tr|W1DGW2|W1DGW2_KLEPN,0,0,0,0
tr|W1DGW5|W1DGW5_KLEPN,0,0,0,0
tr|W1DGX6|W1DGX6_KLEPN,1,0,0,0
tr|W1DGY4|W1DGY4_KLEPN,0,0,0,0
tr|W1DGY8|W1DGY8_KLEPN,0,0,0,0
tr|W1DGY9|W1DGY9_KLEPN,1,1,1,0
tr|W1DGZ0|W1DGZ0_KLEPN,1,1,1,0
tr|W1DGZ2|W1DGZ2_KLEPN,0,0,0,0
tr|W1DGZ7|W1DGZ7_KLEPN,0,0,0,0
tr|W1DGZ9|W1DGZ9_KLEPN,0,0,0,0
tr|W1DH17|W1DH17_KLEPN,0,0,0,0
tr|W1DH29|W1DH29_KLEPN,0,0,0,0
tr|W1DH41|W1DH41_KLEPN,0,0,0,0
tr|W1DH48|W1DH48_KLEPN,0,0,0,0
tr|W1DH60|W1DH60_KLEPN,0,0,0,0
tr|W1DH68|W1DH68_KLEPN,0,0,0,0
tr|W1DH72|W1DH72_KLEPN,0,0,0,0
tr|W1DH77|W1DH77_KLEPN,0,0,0,0
tr|W1DH78|W1DH78_KLEPN,0,0,0,0
tr|W1DH96|W1DH96_KLEPN,0,0,0,0
tr|W1DH98|W1DH98_KLEPN,0,0,0,0
tr|W1DHA1|W1DHA1_KLEPN,0,0,0,0
tr|W1DHA2|W1DHA2_KLEPN,0,0,0,0
tr|W1DHA6|W1DHA6_KLEPN,0,0,0,0
tr|W1DHA7|W1DHA7_KLEPN,0,0,0,0
tr|W1DHB2|W1DHB2_KLEPN,0,0,0,0
tr|W1DHB6|W1DHB6_KLEPN,0,0,0,0
tr|W1DHC0|W1DHC0_KLEPN,0,0,0,0
tr|W1DHC1|W1DHC1_KLEPN,0,0,0,0
tr|W1DHC3|W1DHC3_KLEPN,0,0,0,0
tr|W1DHC5|W1DHC5_KLEPN,0,0,0,0
tr|W1DHC7|W1DHC7_KLEPN,0,0,0,0
tr|W1DHC8|W1DHC8_KLEPN,0,0,0,0
tr|W1DHD2|W1DHD2_KLEPN,0,0,0,0
tr|W1DHD9|W1DHD9_KLEPN,1,0,0,0
tr|W1DHE0|W1DHE0_KLEPN,0,0,0,0
tr|W1DHE5|W1DHE5_KLEPN,0,0,0,0
tr|W1DHF2|W1DHF2_KLEPN,0,0,0,0
tr|W1DHF3|W1DHF3_KLEPN,0,0,0,0
tr|W1DHF4|W1DHF4_KLEPN,0,0,0,0
tr|W1DHF6|W1DHF6_KLEPN,0,0,0,0
tr|W1DHF7|W1DHF7_KLEPN,0,0,0,0
tr|W1DHG2|W1DHG2_KLEPN,0,0,0,0
tr|W1DHG4|W1DHG4_KLEPN,0,0,0,0
tr|W1DHH6|W1DHH6_KLEPN,1,0,0,0
tr|W1DHI4|W1DHI4_KLEPN,0,0,0,0
tr|W1DHI7|W1DHI7_KLEPN,0,0,0,0
tr|W1DHK7|W1DHK7_KLEPN,0,0,0,0
tr|W1DHL7|W1DHL7_KLEPN,1,1,0,0
tr|W1DHM0|W1DHM0_KLEPN,0,0,0,0
tr|W1DHM4|W1DHM4_KLEPN,0,0,0,0
tr|W1DHM8|W1DHM8_KLEPN,0,0,0,0
tr|W1DHN0|W1DHN0_KLEPN,0,0,0,0
tr|W1DHN1|W1DHN1_KLEPN,0,0,0,0
tr|W1DHN2|W1DHN2_KLEPN,0,0,0,0
tr|W1DHP3|W1DHP3_KLEPN,0,0,0,0
tr|W1DHP4|W1DHP4_KLEPN,0,0,0,0
tr|W1DHP5|W1DHP5_KLEPN,0,0,0,0
tr|W1DHP8|W1DHP8_KLEPN,0,0,0,0
tr|W1DHQ1|W1DHQ1_KLEPN,0,0,0,0
tr|W1DHS0|W1DHS0_KLEPN,0,0,0,0
tr|W1DHS2|W1DHS2_KLEPN,0,0,0,0
tr|W1DHS3|W1DHS3_KLEPN,0,0,0,0
tr|W1DHS4|W1DHS4_KLEPN,0,0,0,0
tr|W1DHS7|W1DHS7_KLEPN,0,0,0,0
tr|W1DHS8|W1DHS8_KLEPN,0,0,0,0
tr|W1DHS9|W1DHS9_KLEPN,0,0,0,0
tr|W1DHT0|W1DHT0_KLEPN,0,0,0,0
tr|W1DHT2|W1DHT2_KLEPN,0,0,0,0
tr|W1DHT4|W1DHT4_KLEPN,1,0,0,0
tr|W1DHU5|W1DHU5_KLEPN,0,0,0,0
tr|W1DHV0|W1DHV0_KLEPN,0,0,0,0
tr|W1DHV3|W1DHV3_KLEPN,0,0,0,0
tr|W1DHV4|W1DHV4_KLEPN,1,0,0,0
tr|W1DHV7|W1DHV7_KLEPN,0,0,0,0
tr|W1DHW6|W1DHW6_KLEPN,0,0,0,0
tr|W1DHX1|W1DHX1_KLEPN,0,0,0,0
tr|W1DHY5|W1DHY5_KLEPN,0,0,0,0
tr|W1DI22|W1DI22_KLEPN,0,0,0,0
tr|W1DI25|W1DI25_KLEPN,0,0,0,0
tr|W1DI34|W1DI34_KLEPN,1,0,0,0
tr|W1DI38|W1DI38_KLEPN,0,0,0,0
tr|W1DI53|W1DI53_KLEPN,0,0,0,0
tr|W1DI60|W1DI60_KLEPN,0,0,0,0
tr|W1DI61|W1DI61_KLEPN,0,0,0,0
tr|W1DI64|W1DI64_KLEPN,1,1,0,0
tr|W1DI66|W1DI66_KLEPN,0,0,0,0
tr|W1DI68|W1DI68_KLEPN,0,0,0,0
tr|W1DI75|W1DI75_KLEPN,0,0,0,0
tr|W1DI78|W1DI78_KLEPN,0,0,0,0
tr|W1DI91|W1DI91_KLEPN,0,0,0,0
tr|W1DI94|W1DI94_KLEPN,0,0,0,0
tr|W1DI97|W1DI97_KLEPN,0,0,0,0
tr|W1DI98|W1DI98_KLEPN,0,0,0,0
tr|W1DIA2|W1DIA2_KLEPN,1,1,1,0
tr|W1DIA6|W1DIA6_KLEPN,0,0,0,0
tr|W1DIB2|W1DIB2_KLEPN,0,0,0,0
tr|W1DIB3|W1DIB3_KLEPN,0,0,0,0
tr|W1DIB5|W1DIB5_KLEPN,0,0,0,0
tr|W1DIB7|W1DIB7_KLEPN,0,0,0,0
tr|W1DIC8|W1DIC8_KLEPN,1,1,1,0
tr|W1DID0|W1DID0_KLEPN,0,0,0,0
tr|W1DID3|W1DID3_KLEPN,0,0,0,0
tr|W1DID6|W1DID6_KLEPN,0,0,0,0
tr|W1DIE2|W1DIE2_KLEPN,0,0,0,0
tr|W1DIE9|W1DIE9_KLEPN,0,0,0,0
tr|W1DIF0|W1DIF0_KLEPN,0,0,0,0
tr|W1DIF9|W1DIF9_KLEPN,0,0,0,0
tr|W1DIG4|W1DIG4_KLEPN,0,0,0,0
tr|W1DIG6|W1DIG6_KLEPN,1,0,0,0
tr|W1DIH2|W1DIH2_KLEPN,1,1,1,0
tr|W1DII4|W1DII4_KLEPN,0,0,0,0
tr|W1DII6|W1DII6_KLEPN,0,0,0,0
tr|W1DII7|W1DII7_KLEPN,0,0,0,0
tr|W1DIJ1|W1DIJ1_KLEPN,0,0,0,0
tr|W1DIJ5|W1DIJ5_KLEPN,0,0,0,0
tr|W1DIJ6|W1DIJ6_KLEPN,0,0,0,0
tr|W1DIL8|W1DIL8_KLEPN,0,0,0,0
tr|W1DIL9|W1DIL9_KLEPN,0,0,0,0
tr|W1DIM0|W1DIM0_KLEPN,0,0,0,0
tr|W1DIM5|W1DIM5_KLEPN,0,0,0,0
tr|W1DIM6|W1DIM6_KLEPN,0,0,0,0
tr|W1DIN3|W1DIN3_KLEPN,0,0,0,0
tr|W1DIN7|W1DIN7_KLEPN,0,0,0,0
tr|W1DIN9|W1DIN9_KLEPN,0,0,0,0
tr|W1DIQ3|W1DIQ3_KLEPN,0,0,0,0
tr|W1DIQ5|W1DIQ5_KLEPN,0,0,0,0
tr|W1DIR1|W1DIR1_KLEPN,0,0,0,0
tr|W1DIR2|W1DIR2_KLEPN,0,0,0,0
tr|W1DIR3|W1DIR3_KLEPN,0,0,0,0
tr|W1DIR6|W1DIR6_KLEPN,0,0,0,0
tr|W1DIR7|W1DIR7_KLEPN,0,0,0,0
tr|W1DIR9|W1DIR9_KLEPN,0,0,0,0
tr|W1DIS2|W1DIS2_KLEPN,0,0,0,0
tr|W1DIS4|W1DIS4_KLEPN,0,0,0,0
tr|W1DIS7|W1DIS7_KLEPN,0,0,0,0
tr|W1DIS8|W1DIS8_KLEPN,0,0,0,0
tr|W1DIT4|W1DIT4_KLEPN,0,0,0,0
tr|W1DIT7|W1DIT7_KLEPN,0,0,0,0
tr|W1DIU3|W1DIU3_KLEPN,0,0,0,0
tr|W1DIU6|W1DIU6_KLEPN,0,0,0,0
tr|W1DIV1|W1DIV1_KLEPN,0,0,0,0
tr|W1DIV3|W1DIV3_KLEPN,0,0,0,0
tr|W1DIW2|W1DIW2_KLEPN,0,0,0,0
tr|W1DIW8|W1DIW8_KLEPN,0,0,0,0
tr|W1DIX0|W1DIX0_KLEPN,0,0,0,0
tr|W1DIX1|W1DIX1_KLEPN,1,1,1,0
tr|W1DIX8|W1DIX8_KLEPN,0,0,0,0
tr|W1DIY1|W1DIY1_KLEPN,0,0,0,0
tr|W1DIY2|W1DIY2_KLEPN,0,0,0,0
tr|W1DIY4|W1DIY4_KLEPN,1,1,0,0
tr|W1DIY7|W1DIY7_KLEPN,0,0,0,0
tr|W1DJ01|W1DJ01_KLEPN,0,0,0,0
tr|W1DJ02|W1DJ02_KLEPN,0,0,0,0
tr|W1DJ03|W1DJ03_KLEPN,1,1,1,0
tr|W1DJ05|W1DJ05_KLEPN,0,0,0,0
tr|W1DJ16|W1DJ16_KLEPN,0,0,0,0
tr|W1DJ17|W1DJ17_KLEPN,0,0,0,0
tr|W1DJ21|W1DJ21_KLEPN,0,0,0,0
tr|W1DJ27|W1DJ27_KLEPN,0,0,0,0
tr|W1DJ29|W1DJ29_KLEPN,0,0,0,0
tr|W1DJ30|W1DJ30_KLEPN,0,0,0,0
tr|W1DJ31|W1DJ31_KLEPN,0,0,0,0
tr|W1DJ43|W1DJ43_KLEPN,0,0,0,0
tr|W1DJ50|W1DJ50_KLEPN,0,0,0,0
tr|W1DJ52|W1DJ52_KLEPN,1,1,0,0
tr|W1DJ53|W1DJ53_KLEPN,0,0,0,0
tr|W1DJ56|W1DJ56_KLEPN,0,0,0,0
tr|W1DJ64|W1DJ64_KLEPN,0,0,0,0
tr|W1DJ73|W1DJ73_KLEPN,0,0,0,0
tr|W1DJ74|W1DJ74_KLEPN,0,0,0,0
tr|W1DJ80|W1DJ80_KLEPN,1,1,1,0
tr|W1DJ87|W1DJ87_KLEPN,0,0,0,0
tr|W1DJ92|W1DJ92_KLEPN,0,0,0,0
tr|W1DJ97|W1DJ97_KLEPN,0,0,0,0
tr|W1DJB3|W1DJB3_KLEPN,0,0,0,0
tr|W1DJB9|W1DJB9_KLEPN,0,0,0,0
tr|W1DJC2|W1DJC2_KLEPN,0,0,0,0
tr|W1DJC6|W1DJC6_KLEPN,0,0,0,0
tr|W1DJD0|W1DJD0_KLEPN,0,0,0,0
tr|W1DJE2|W1DJE2_KLEPN,1,1,1,0
tr|W1DJE8|W1DJE8_KLEPN,0,0,0,0
tr|W1DJG0|W1DJG0_KLEPN,0,0,0,0
tr|W1DJG2|W1DJG2_KLEPN,0,0,0,0
tr|W1DJG3|W1DJG3_KLEPN,1,1,1,0
tr|W1DJG5|W1DJG5_KLEPN,0,0,0,0
tr|W1DJH2|W1DJH2_KLEPN,0,0,0,0
tr|W1DJH6|W1DJH6_KLEPN,0,0,0,0
tr|W1DJJ1|W1DJJ1_KLEPN,0,0,0,0
tr|W1DJJ2|W1DJJ2_KLEPN,0,0,0,0
tr|W1DJJ6|W1DJJ6_KLEPN,0,0,0,0
tr|W1DJJ8|W1DJJ8_KLEPN,1,0,0,0
tr|W1DJK5|W1DJK5_KLEPN,0,0,0,0
tr|W1DJL2|W1DJL2_KLEPN,0,0,0,0
tr|W1DJL8|W1DJL8_KLEPN,0,0,0,0
tr|W1DJL9|W1DJL9_KLEPN,0,0,0,0
tr|W1DJM0|W1DJM0_KLEPN,0,0,0,0
tr|W1DJM6|W1DJM6_KLEPN,1,1,1,0
tr|W1DJN1|W1DJN1_KLEPN,0,0,0,0
tr|W1DJN6|W1DJN6_KLEPN,0,0,0,0
tr|W1DJN8|W1DJN8_KLEPN,1,1,1,0
tr|W1DJP1|W1DJP1_KLEPN,0,0,0,0
tr|W1DJP3|W1DJP3_KLEPN,0,0,0,0
tr|W1DJP6|W1DJP6_KLEPN,0,0,0,0
tr|W1DJP9|W1DJP9_KLEPN,0,0,0,0
tr|W1DJQ1|W1DJQ1_KLEPN,0,0,0,0
tr|W1DJQ5|W1DJQ5_KLEPN,0,0,0,0
tr|W1DJQ8|W1DJQ8_KLEPN,0,0,0,0
tr|W1DJQ9|W1DJQ9_KLEPN,0,0,0,0
tr|W1DJS0|W1DJS0_KLEPN,0,0,0,0
tr|W1DJS5|W1DJS5_KLEPN,0,0,0,0
tr|W1DJS7|W1DJS7_KLEPN,0,0,0,0
tr|W1DJT3|W1DJT3_KLEPN,0,0,0,0
tr|W1DJU0|W1DJU0_KLEPN,0,0,0,0
tr|W1DJU4|W1DJU4_KLEPN,0,0,0,0
tr|W1DJU7|W1DJU7_KLEPN,0,0,0,0
tr|W1DJU8|W1DJU8_KLEPN,0,0,0,0
tr|W1DJU9|W1DJU9_KLEPN,0,0,0,0
tr|W1DJV2|W1DJV2_KLEPN,0,0,0,0
tr|W1DJV5|W1DJV5_KLEPN,0,0,0,0
tr|W1DJV7|W1DJV7_KLEPN,0,0,0,0
tr|W1DJW1|W1DJW1_KLEPN,0,0,0,0
tr|W1DJW4|W1DJW4_KLEPN,0,0,0,0
tr|W1DJX1|W1DJX1_KLEPN,0,0,0,0
tr|W1DJX9|W1DJX9_KLEPN,1,1,1,0
tr|W1DJY0|W1DJY0_KLEPN,0,0,0,0
tr|W1DJY9|W1DJY9_KLEPN,0,0,0,0
tr|W1DJZ8|W1DJZ8_KLEPN,0,0,0,0
tr|W1DK02|W1DK02_KLEPN,0,0,0,0
tr|W1DK07|W1DK07_KLEPN,0,0,0,0
tr|W1DK09|W1DK09_KLEPN,0,0,0,0
tr|W1DK15|W1DK15_KLEPN,0,0,0,0
tr|W1DK38|W1DK38_KLEPN,0,0,0,0
tr|W1DK39|W1DK39_KLEPN,0,0,0,0
tr|W1DK40|W1DK40_KLEPN,0,0,0,0
tr|W1DK44|W1DK44_KLEPN,1,1,1,0
tr|W1DK45|W1DK45_KLEPN,0,0,0,0
tr|W1DK46|W1DK46_KLEPN,0,0,0,0
tr|W1DK47|W1DK47_KLEPN,0,0,0,0
tr|W1DK54|W1DK54_KLEPN,0,0,0,0
tr|W1DK60|W1DK60_KLEPN,0,0,0,0
tr|W1DK66|W1DK66_KLEPN,0,0,0,0
tr|W1DK69|W1DK69_KLEPN,0,0,0,0
tr|W1DK78|W1DK78_KLEPN,0,0,0,0
tr|W1DK87|W1DK87_KLEPN,0,0,0,0
tr|W1DK89|W1DK89_KLEPN,0,0,0,0
tr|W1DK99|W1DK99_KLEPN,0,0,0,0
tr|W1DKA1|W1DKA1_KLEPN,0,0,0,0
tr|W1DKA3|W1DKA3_KLEPN,0,0,0,0
tr|W1DKA8|W1DKA8_KLEPN,0,0,0,0
tr|W1DKB1|W1DKB1_KLEPN,0,0,0,0
tr|W1DKB5|W1DKB5_KLEPN,0,0,0,0
tr|W1DKC3|W1DKC3_KLEPN,0,0,0,0
tr|W1DKD4|W1DKD4_KLEPN,0,0,0,0
tr|W1DKD6|W1DKD6_KLEPN,0,0,0,0
tr|W1DKE5|W1DKE5_KLEPN,0,0,0,0
tr|W1DKG2|W1DKG2_KLEPN,0,0,0,0
tr|W1DKG4|W1DKG4_KLEPN,0,0,0,0
tr|W1DKG7|W1DKG7_KLEPN,1,1,1,0
tr|W1DKH0|W1DKH0_KLEPN,0,0,0,0
tr|W1DKH8|W1DKH8_KLEPN,0,0,0,0
tr|W1DKI0|W1DKI0_KLEPN,0,0,0,0
tr|W1DKI2|W1DKI2_KLEPN,0,0,0,0
tr|W1DKJ9|W1DKJ9_KLEPN,0,0,0,0
tr|W1DKK3|W1DKK3_KLEPN,0,0,0,0
tr|W1DKK4|W1DKK4_KLEPN,0,0,0,0
tr|W1DKM3|W1DKM3_KLEPN,0,0,0,0
tr|W1DKM4|W1DKM4_KLEPN,0,0,0,0
tr|W1DKM5|W1DKM5_KLEPN,0,0,0,0
tr|W1DKN0|W1DKN0_KLEPN,0,0,0,0
tr|W1DKN1|W1DKN1_KLEPN,0,0,0,0
tr|W1DKN2|W1DKN2_KLEPN,0,0,0,0
tr|W1DKN3|W1DKN3_KLEPN,0,0,0,0
tr|W1DKN4|W1DKN4_KLEPN,0,0,0,0
tr|W1DKP2|W1DKP2_KLEPN,0,0,0,0
tr|W1DKQ1|W1DKQ1_KLEPN,0,0,0,0
tr|W1DKQ7|W1DKQ7_KLEPN,0,0,0,0
tr|W1DKQ9|W1DKQ9_KLEPN,0,0,0,0
tr|W1DKR1|W1DKR1_KLEPN,1,1,1,0
tr|W1DKR2|W1DKR2_KLEPN,0,0,0,0
tr|W1DKR6|W1DKR6_KLEPN,0,0,0,0
tr|W1DKS4|W1DKS4_KLEPN,0,0,0,0
tr|W1DKT3|W1DKT3_KLEPN,0,0,0,0
tr|W1DKT7|W1DKT7_KLEPN,0,0,0,0
tr|W1DKT8|W1DKT8_KLEPN,0,0,0,0
tr|W1DKT9|W1DKT9_KLEPN,0,0,0,0
tr|W1DKU0|W1DKU0_KLEPN,0,0,0,0
tr|W1DKU4|W1DKU4_KLEPN,0,0,0,0
tr|W1DKW0|W1DKW0_KLEPN,0,0,0,0
tr|W1DKW1|W1DKW1_KLEPN,0,0,0,0
tr|W1DKW6|W1DKW6_KLEPN,0,0,0,0
tr|W1DKW9|W1DKW9_KLEPN,0,0,0,0
tr|W1DKY4|W1DKY4_KLEPN,0,0,0,0
tr|W1DKZ3|W1DKZ3_KLEPN,0,0,0,0
tr|W1DL03|W1DL03_KLEPN,0,0,0,0
tr|W1DL17|W1DL17_KLEPN,0,0,0,0
tr|W1DL20|W1DL20_KLEPN,0,0,0,0
tr|W1DL27|W1DL27_KLEPN,1,1,1,0
tr|W1DL32|W1DL32_KLEPN,0,0,0,0
tr|W1DL36|W1DL36_KLEPN,0,0,0,0
tr|W1DL51|W1DL51_KLEPN,0,0,0,0
tr|W1DL53|W1DL53_KLEPN,0,0,0,0
tr|W1DL55|W1DL55_KLEPN,0,0,0,0
tr|W1DL65|W1DL65_KLEPN,0,0,0,0
tr|W1DL66|W1DL66_KLEPN,0,0,0,0
tr|W1DL69|W1DL69_KLEPN,0,0,0,0
tr|W1DL70|W1DL70_KLEPN,0,0,0,0
tr|W1DL78|W1DL78_KLEPN,1,1,1,0
tr|W1DL79|W1DL79_KLEPN,0,0,0,0
tr|W1DL85|W1DL85_KLEPN,1,1,1,0
tr|W1DL86|W1DL86_KLEPN,0,0,0,0
tr|W1DL87|W1DL87_KLEPN,0,0,0,0
tr|W1DL95|W1DL95_KLEPN,1,1,1,0
tr|W1DLA5|W1DLA5_KLEPN,0,0,0,0
tr|W1DLB3|W1DLB3_KLEPN,0,0,0,0
tr|W1DLB4|W1DLB4_KLEPN,1,1,1,0
tr|W1DLB5|W1DLB5_KLEPN,0,0,0,0
tr|W1DLC0|W1DLC0_KLEPN,0,0,0,0
tr|W1DLC1|W1DLC1_KLEPN,0,0,0,0
tr|W1DLE1|W1DLE1_KLEPN,0,0,0,0
tr|W1DLE5|W1DLE5_KLEPN,0,0,0,0
tr|W1DLE6|W1DLE6_KLEPN,0,0,0,0
tr|W1DLF0|W1DLF0_KLEPN,0,0,0,0
tr|W1DLG0|W1DLG0_KLEPN,0,0,0,0
tr|W1DLG6|W1DLG6_KLEPN,0,0,0,0
tr|W1DLH4|W1DLH4_KLEPN,1,1,1,0
tr|W1DLI6|W1DLI6_KLEPN,0,0,0,0
tr|W1DLI9|W1DLI9_KLEPN,0,0,0,0
tr|W1DLJ0|W1DLJ0_KLEPN,0,0,0,0
tr|W1DLJ1|W1DLJ1_KLEPN,1,1,1,0
tr|W1DLJ4|W1DLJ4_KLEPN,0,0,0,0
tr|W1DLJ6|W1DLJ6_KLEPN,0,0,0,0
tr|W1DLJ8|W1DLJ8_KLEPN,1,0,0,0
tr|W1DLJ9|W1DLJ9_KLEPN,1,1,1,0
tr|W1DLK3|W1DLK3_KLEPN,0,0,0,0
tr|W1DLL7|W1DLL7_KLEPN,0,0,0,0
tr|W1DLM9|W1DLM9_KLEPN,0,0,0,0
tr|W1DLN0|W1DLN0_KLEPN,1,1,1,1
tr|W1DLP5|W1DLP5_KLEPN,0,0,0,0
tr|W1DLP8|W1DLP8_KLEPN,0,0,0,0
tr|W1DLQ0|W1DLQ0_KLEPN,0,0,0,0
tr|W1DLR1|W1DLR1_KLEPN,0,0,0,0
tr|W1DLR2|W1DLR2_KLEPN,0,0,0,0
tr|W1DLR5|W1DLR5_KLEPN,0,0,0,0
tr|W1DLS5|W1DLS5_KLEPN,0,0,0,0
tr|W1DLT1|W1DLT1_KLEPN,0,0,0,0
tr|W1DLT4|W1DLT4_KLEPN,0,0,0,0
tr|W1DLU1|W1DLU1_KLEPN,0,0,0,0
tr|W1DLU3|W1DLU3_KLEPN,0,0,0,0
tr|W1DLU7|W1DLU7_KLEPN,0,0,0,0
tr|W1DLV0|W1DLV0_KLEPN,0,0,0,0
tr|W1DLV3|W1DLV3_KLEPN,0,0,0,0
tr|W1DLW1|W1DLW1_KLEPN,0,0,0,0
tr|W1DLW2|W1DLW2_KLEPN,0,0,0,0
tr|W1DLW4|W1DLW4_KLEPN,1,1,1,0
tr|W1DLW8|W1DLW8_KLEPN,0,0,0,0
tr|W1DLX3|W1DLX3_KLEPN,1,1,1,0
tr|W1DLX9|W1DLX9_KLEPN,0,0,0,0
tr|W1DLY0|W1DLY0_KLEPN,0,0,0,0
tr|W1DLY1|W1DLY1_KLEPN,0,0,0,0
tr|W1DLY4|W1DLY4_KLEPN,0,0,0,0
tr|W1DLY8|W1DLY8_KLEPN,0,0,0,0
tr|W1DLZ3|W1DLZ3_KLEPN,0,0,0,0
tr|W1DLZ8|W1DLZ8_KLEPN,0,0,0,0
tr|W1DM00|W1DM00_KLEPN,1,0,0,0
tr|W1DM04|W1DM04_KLEPN,0,0,0,0
tr|W1DM09|W1DM09_KLEPN,1,1,1,0
tr|W1DM17|W1DM17_KLEPN,0,0,0,0
tr|W1DM20|W1DM20_KLEPN,0,0,0,0
tr|W1DM31|W1DM31_KLEPN,0,0,0,0
tr|W1DM39|W1DM39_KLEPN,1,1,1,0
tr|W1DM44|W1DM44_KLEPN,0,0,0,0
tr|W1DM46|W1DM46_KLEPN,0,0,0,0
tr|W1DM47|W1DM47_KLEPN,1,1,1,0
tr|W1DM48|W1DM48_KLEPN,0,0,0,0
tr|W1DM51|W1DM51_KLEPN,0,0,0,0
tr|W1DM60|W1DM60_KLEPN,0,0,0,0
tr|W1DM65|W1DM65_KLEPN,0,0,0,0
tr|W1DM66|W1DM66_KLEPN,0,0,0,0
tr|W1DM69|W1DM69_KLEPN,0,0,0,0
tr|W1DM70|W1DM70_KLEPN,0,0,0,0
tr|W1DM73|W1DM73_KLEPN,1,1,1,1
tr|W1DM75|W1DM75_KLEPN,0,0,0,0
tr|W1DM80|W1DM80_KLEPN,0,0,0,0
tr|W1DM86|W1DM86_KLEPN,0,0,0,0
tr|W1DM95|W1DM95_KLEPN,0,0,0,0
tr|W1DM96|W1DM96_KLEPN,0,0,0,0
tr|W1DMA2|W1DMA2_KLEPN,0,0,0,0
tr|W1DMA9|W1DMA9_KLEPN,0,0,0,0
tr|W1DMB9|W1DMB9_KLEPN,0,0,0,0
tr|W1DMD1|W1DMD1_KLEPN,0,0,0,0
tr|W1DMD2|W1DMD2_KLEPN,0,0,0,0
tr|W1DME7|W1DME7_KLEPN,1,0,0,0
tr|W1DMF1|W1DMF1_KLEPN,0,0,0,0
tr|W1DMF3|W1DMF3_KLEPN,0,0,0,0
tr|W1DMF6|W1DMF6_KLEPN,1,0,0,0
tr|W1DMG4|W1DMG4_KLEPN,0,0,0,0
tr|W1DMG5|W1DMG5_KLEPN,0,0,0,0
tr|W1DMG9|W1DMG9_KLEPN,0,0,0,0
tr|W1DMH1|W1DMH1_KLEPN,1,1,1,0
tr|W1DMH3|W1DMH3_KLEPN,0,0,0,0
tr|W1DMH6|W1DMH6_KLEPN,0,0,0,0
tr|W1DMJ1|W1DMJ1_KLEPN,0,0,0,0
tr|W1DMJ3|W1DMJ3_KLEPN,0,0,0,0
tr|W1DMJ6|W1DMJ6_KLEPN,0,0,0,0
tr|W1DMJ9|W1DMJ9_KLEPN,0,0,0,0
tr|W1DMK0|W1DMK0_KLEPN,0,0,0,0
tr|W1DMK2|W1DMK2_KLEPN,0,0,0,0
tr|W1DML8|W1DML8_KLEPN,1,1,1,0
tr|W1DMM0|W1DMM0_KLEPN,0,0,0,0
tr|W1DMM2|W1DMM2_KLEPN,0,0,0,0
tr|W1DMM9|W1DMM9_KLEPN,1,1,1,0
tr|W1DMN0|W1DMN0_KLEPN,1,1,1,0
tr|W1DMN9|W1DMN9_KLEPN,0,0,0,0
tr|W1DMP3|W1DMP3_KLEPN,0,0,0,0
tr|W1DMQ2|W1DMQ2_KLEPN,0,0,0,0
tr|W1DMQ4|W1DMQ4_KLEPN,0,0,0,0
tr|W1DMQ8|W1DMQ8_KLEPN,0,0,0,0
tr|W1DMS4|W1DMS4_KLEPN,0,0,0,0
tr|W1DMT2|W1DMT2_KLEPN,0,0,0,0
tr|W1DMU9|W1DMU9_KLEPN,0,0,0,0
tr|W1DMV4|W1DMV4_KLEPN,0,0,0,0
tr|W1DMV6|W1DMV6_KLEPN,0,0,0,0
tr|W1DMW7|W1DMW7_KLEPN,0,0,0,0
tr|W1DMX0|W1DMX0_KLEPN,0,0,0,0
tr|W1DMY2|W1DMY2_KLEPN,0,0,0,0
tr|W1DMZ3|W1DMZ3_KLEPN,0,0,0,0
tr|W1DN03|W1DN03_KLEPN,0,0,0,0
tr|W1DN04|W1DN04_KLEPN,0,0,0,0
tr|W1DN10|W1DN10_KLEPN,0,0,0,0
tr|W1DN11|W1DN11_KLEPN,0,0,0,0
tr|W1DN14|W1DN14_KLEPN,0,0,0,0
tr|W1DN23|W1DN23_KLEPN,0,0,0,0
tr|W1DN26|W1DN26_KLEPN,0,0,0,0
tr|W1DN30|W1DN30_KLEPN,0,0,0,0
tr|W1DN35|W1DN35_KLEPN,0,0,0,0
tr|W1DN39|W1DN39_KLEPN,1,0,0,0
tr|W1DN41|W1DN41_KLEPN,0,0,0,0
tr|W1DN47|W1DN47_KLEPN,0,0,0,0
tr|W1DN50|W1DN50_KLEPN,0,0,0,0
tr|W1DN62|W1DN62_KLEPN,0,0,0,0
tr|W1DN71|W1DN71_KLEPN,0,0,0,0
tr|W1DN75|W1DN75_KLEPN,0,0,0,0
tr|W1DN80|W1DN80_KLEPN,0,0,0,0
tr|W1DN83|W1DN83_KLEPN,0,0,0,0
tr|W1DN93|W1DN93_KLEPN,0,0,0,0
tr|W1DN97|W1DN97_KLEPN,0,0,0,0
tr|W1DN98|W1DN98_KLEPN,0,0,0,0
tr|W1DNA9|W1DNA9_KLEPN,1,0,0,0
tr|W1DNB6|W1DNB6_KLEPN,0,0,0,0
tr|W1DNB7|W1DNB7_KLEPN,0,0,0,0
tr|W1DNB9|W1DNB9_KLEPN,0,0,0,0
tr|W1DNC2|W1DNC2_KLEPN,0,0,0,0
tr|W1DNC4|W1DNC4_KLEPN,0,0,0,0
tr|W1DNC9|W1DNC9_KLEPN,0,0,0,0
tr|W1DND0|W1DND0_KLEPN,0,0,0,0
tr|W1DND1|W1DND1_KLEPN,0,0,0,0
tr|W1DND2|W1DND2_KLEPN,0,0,0,0
tr|W1DND4|W1DND4_KLEPN,0,0,0,0
tr|W1DNE1|W1DNE1_KLEPN,0,0,0,0
tr|W1DNF8|W1DNF8_KLEPN,0,0,0,0
tr|W1DNG0|W1DNG0_KLEPN,1,1,1,0
tr|W1DNH0|W1DNH0_KLEPN,0,0,0,0
tr|W1DNH3|W1DNH3_KLEPN,0,0,0,0
tr|W1DNH9|W1DNH9_KLEPN,0,0,0,0
tr|W1DNI0|W1DNI0_KLEPN,0,0,0,0
tr|W1DNI2|W1DNI2_KLEPN,0,0,0,0
tr|W1DNI8|W1DNI8_KLEPN,0,0,0,0
tr|W1DNJ3|W1DNJ3_KLEPN,0,0,0,0
tr|W1DNJ8|W1DNJ8_KLEPN,1,0,0,0
tr|W1DNK2|W1DNK2_KLEPN,0,0,0,0
tr|W1DNL0|W1DNL0_KLEPN,0,0,0,0
tr|W1DNL5|W1DNL5_KLEPN,0,0,0,0
tr|W1DNL6|W1DNL6_KLEPN,0,0,0,0
tr|W1DNL9|W1DNL9_KLEPN,0,0,0,0
tr|W1DNM5|W1DNM5_KLEPN,0,0,0,0
tr|W1DNN1|W1DNN1_KLEPN,0,0,0,0
tr|W1DNN5|W1DNN5_KLEPN,0,0,0,0
tr|W1DNN9|W1DNN9_KLEPN,0,0,0,0
tr|W1DNP0|W1DNP0_KLEPN,1,1,1,0
tr|W1DNP4|W1DNP4_KLEPN,0,0,0,0
tr|W1DNP6|W1DNP6_KLEPN,0,0,0,0
tr|W1DNQ1|W1DNQ1_KLEPN,0,0,0,0
tr|W1DNQ2|W1DNQ2_KLEPN,1,0,0,0
tr|W1DNQ9|W1DNQ9_KLEPN,1,0,0,0
tr|W1DNR5|W1DNR5_KLEPN,0,0,0,0
tr|W1DNS4|W1DNS4_KLEPN,0,0,0,0
tr|W1DNS8|W1DNS8_KLEPN,0,0,0,0
tr|W1DNT2|W1DNT2_KLEPN,0,0,0,0
tr|W1DNT8|W1DNT8_KLEPN,0,0,0,0
tr|W1DNU1|W1DNU1_KLEPN,0,0,0,0
tr|W1DNU5|W1DNU5_KLEPN,0,0,0,0
tr|W1DNU6|W1DNU6_KLEPN,0,0,0,0
tr|W1DNV2|W1DNV2_KLEPN,0,0,0,0
tr|W1DNV4|W1DNV4_KLEPN,0,0,0,0
tr|W1DNW5|W1DNW5_KLEPN,0,0,0,0
tr|W1DNW9|W1DNW9_KLEPN,1,1,1,0
tr|W1DNX3|W1DNX3_KLEPN,1,1,1,0
tr|W1DNX4|W1DNX4_KLEPN,1,1,1,0
tr|W1DNX8|W1DNX8_KLEPN,0,0,0,0
tr|W1DNY9|W1DNY9_KLEPN,0,0,0,0
tr|W1DNZ4|W1DNZ4_KLEPN,0,0,0,0
tr|W1DNZ5|W1DNZ5_KLEPN,0,0,0,0
tr|W1DNZ6|W1DNZ6_KLEPN,1,1,1,0
tr|W1DNZ8|W1DNZ8_KLEPN,0,0,0,0
tr|W1DNZ9|W1DNZ9_KLEPN,0,0,0,0
tr|W1DP00|W1DP00_KLEPN,0,0,0,0
tr|W1DP02|W1DP02_KLEPN,0,0,0,0
tr|W1DP15|W1DP15_KLEPN,0,0,0,0
tr|W1DP18|W1DP18_KLEPN,0,0,0,0
tr|W1DP27|W1DP27_KLEPN,0,0,0,0
tr|W1DP34|W1DP34_KLEPN,0,0,0,0
tr|W1DP35|W1DP35_KLEPN,0,0,0,0
tr|W1DP39|W1DP39_KLEPN,0,0,0,0
tr|W1DP44|W1DP44_KLEPN,0,0,0,0
tr|W1DP47|W1DP47_KLEPN,0,0,0,0
tr|W1DP49|W1DP49_KLEPN,0,0,0,0
tr|W1DP52|W1DP52_KLEPN,0,0,0,0
tr|W1DP57|W1DP57_KLEPN,0,0,0,0
tr|W1DP60|W1DP60_KLEPN,0,0,0,0
tr|W1DP69|W1DP69_KLEPN,0,0,0,0
tr|W1DP73|W1DP73_KLEPN,0,0,0,0
tr|W1DP75|W1DP75_KLEPN,0,0,0,0
tr|W1DP88|W1DP88_KLEPN,1,1,1,0
tr|W1DP92|W1DP92_KLEPN,0,0,0,0
tr|W1DPA3|W1DPA3_KLEPN,0,0,0,0
tr|W1DPA9|W1DPA9_KLEPN,0,0,0,0
tr|W1DPB0|W1DPB0_KLEPN,0,0,0,0
tr|W1DPB4|W1DPB4_KLEPN,0,0,0,0
tr|W1DPB9|W1DPB9_KLEPN,0,0,0,0
tr|W1DPC0|W1DPC0_KLEPN,0,0,0,0
tr|W1DPC4|W1DPC4_KLEPN,0,0,0,0
tr|W1DPD1|W1DPD1_KLEPN,0,0,0,0
tr|W1DPE0|W1DPE0_KLEPN,0,0,0,0
tr|W1DPG0|W1DPG0_KLEPN,0,0,0,0
tr|W1DPG5|W1DPG5_KLEPN,0,0,0,0
tr|W1DPG9|W1DPG9_KLEPN,0,0,0,0
tr|W1DPH8|W1DPH8_KLEPN,0,0,0,0
tr|W1DPH9|W1DPH9_KLEPN,0,0,0,0
tr|W1DPI7|W1DPI7_KLEPN,0,0,0,0
tr|W1DPJ4|W1DPJ4_KLEPN,1,1,1,0
tr|W1DPJ8|W1DPJ8_KLEPN,0,0,0,0
tr|W1DPK5|W1DPK5_KLEPN,0,0,0,0
tr|W1DPK8|W1DPK8_KLEPN,0,0,0,0
tr|W1DPL1|W1DPL1_KLEPN,0,0,0,0
tr|W1DPL4|W1DPL4_KLEPN,0,0,0,0
tr|W1DPM1|W1DPM1_KLEPN,0,0,0,0
tr|W1DPM3|W1DPM3_KLEPN,0,0,0,0
tr|W1DPM6|W1DPM6_KLEPN,0,0,0,0
tr|W1DPN8|W1DPN8_KLEPN,0,0,0,0
tr|W1DPP2|W1DPP2_KLEPN,0,0,0,0
tr|W1DPQ1|W1DPQ1_KLEPN,0,0,0,0
tr|W1DPQ4|W1DPQ4_KLEPN,0,0,0,0
tr|W1DPQ6|W1DPQ6_KLEPN,0,0,0,0
tr|W1DPR0|W1DPR0_KLEPN,0,0,0,0
tr|W1DPS8|W1DPS8_KLEPN,0,0,0,0
tr|W1DPT4|W1DPT4_KLEPN,0,0,0,0
tr|W1DPW5|W1DPW5_KLEPN,0,0,0,0
tr|W1DPX5|W1DPX5_KLEPN,0,0,0,0
tr|W1DPZ6|W1DPZ6_KLEPN,0,0,0,0
tr|W1DPZ8|W1DPZ8_KLEPN,0,0,0,0
tr|W1DPZ9|W1DPZ9_KLEPN,0,0,0,0
tr|W1DQ03|W1DQ03_KLEPN,0,0,0,0
tr|W1DQ12|W1DQ12_KLEPN,0,0,0,0
tr|W1DQ14|W1DQ14_KLEPN,1,1,1,0
tr|W1DQ39|W1DQ39_KLEPN,0,0,0,0
tr|W1DQ47|W1DQ47_KLEPN,0,0,0,0
tr|W1DQ48|W1DQ48_KLEPN,0,0,0,0
tr|W1DQ50|W1DQ50_KLEPN,1,1,1,0
tr|W1DQ51|W1DQ51_KLEPN,0,0,0,0
tr|W1DQ56|W1DQ56_KLEPN,0,0,0,0
tr|W1DQ66|W1DQ66_KLEPN,0,0,0,0
tr|W1DQ71|W1DQ71_KLEPN,1,1,0,0
tr|W1DQ75|W1DQ75_KLEPN,0,0,0,0
tr|W1DQ76|W1DQ76_KLEPN,0,0,0,0
tr|W1DQ82|W1DQ82_KLEPN,0,0,0,0
tr|W1DQB9|W1DQB9_KLEPN,0,0,0,0
tr|W1DQC4|W1DQC4_KLEPN,1,0,0,0
tr|W1DQC7|W1DQC7_KLEPN,0,0,0,0
tr|W1DQC8|W1DQC8_KLEPN,0,0,0,0
tr|W1DQD1|W1DQD1_KLEPN,0,0,0,0
tr|W1DQD8|W1DQD8_KLEPN,0,0,0,0
tr|W1DQE2|W1DQE2_KLEPN,1,1,1,0
tr|W1DQG7|W1DQG7_KLEPN,0,0,0,0
tr|W1DQG9|W1DQG9_KLEPN,0,0,0,0
tr|W1DQH0|W1DQH0_KLEPN,0,0,0,0
tr|W1DQH1|W1DQH1_KLEPN,0,0,0,0
tr|W1DQH2|W1DQH2_KLEPN,0,0,0,0
tr|W1DQH5|W1DQH5_KLEPN,0,0,0,0
tr|W1DQH8|W1DQH8_KLEPN,0,0,0,0
tr|W1DQI1|W1DQI1_KLEPN,0,0,0,0
tr|W1DQI3|W1DQI3_KLEPN,0,0,0,0
tr|W1DQJ2|W1DQJ2_KLEPN,1,1,1,0
tr|W1DQJ3|W1DQJ3_KLEPN,0,0,0,0
tr|W1DQJ6|W1DQJ6_KLEPN,1,0,0,0
tr|W1DQK3|W1DQK3_KLEPN,0,0,0,0
tr|W1DQL3|W1DQL3_KLEPN,0,0,0,0
tr|W1DQL4|W1DQL4_KLEPN,0,0,0,0
tr|W1DQM0|W1DQM0_KLEPN,0,0,0,0
tr|W1DQP1|W1DQP1_KLEPN,0,0,0,0
tr|W1DQP2|W1DQP2_KLEPN,0,0,0,0
tr|W1DQP6|W1DQP6_KLEPN,0,0,0,0
tr|W1DQQ4|W1DQQ4_KLEPN,0,0,0,0
tr|W1DQQ6|W1DQQ6_KLEPN,0,0,0,0
tr|W1DQQ7|W1DQQ7_KLEPN,0,0,0,0
tr|W1DQR2|W1DQR2_KLEPN,0,0,0,0
tr|W1DQR5|W1DQR5_KLEPN,1,1,1,0
tr|W1DQS1|W1DQS1_KLEPN,0,0,0,0
tr|W1DQS2|W1DQS2_KLEPN,1,0,0,0
tr|W1DQS7|W1DQS7_KLEPN,0,0,0,0
tr|W1DQT0|W1DQT0_KLEPN,0,0,0,0
tr|W1DQT2|W1DQT2_KLEPN,1,1,1,0
tr|W1DQU2|W1DQU2_KLEPN,0,0,0,0
tr|W1DQU9|W1DQU9_KLEPN,0,0,0,0
tr|W1DQV6|W1DQV6_KLEPN,0,0,0,0
tr|W1DQV7|W1DQV7_KLEPN,0,0,0,0
tr|W1DQW6|W1DQW6_KLEPN,0,0,0,0
tr|W1DQX2|W1DQX2_KLEPN,0,0,0,0
tr|W1DQX3|W1DQX3_KLEPN,0,0,0,0
tr|W1DQX7|W1DQX7_KLEPN,0,0,0,0
tr|W1DQY4|W1DQY4_KLEPN,0,0,0,0
tr|W1DQY5|W1DQY5_KLEPN,0,0,0,0
tr|W1DQZ6|W1DQZ6_KLEPN,0,0,0,0
tr|W1DQZ9|W1DQZ9_KLEPN,0,0,0,0
tr|W1DR04|W1DR04_KLEPN,0,0,0,0
tr|W1DR06|W1DR06_KLEPN,0,0,0,0
tr|W1DR07|W1DR07_KLEPN,0,0,0,0
tr|W1DR08|W1DR08_KLEPN,0,0,0,0
tr|W1DR10|W1DR10_KLEPN,0,0,0,0
tr|W1DR14|W1DR14_KLEPN,0,0,0,0
tr|W1DR20|W1DR20_KLEPN,0,0,0,0
tr|W1DR21|W1DR21_KLEPN,0,0,0,0
tr|W1DR23|W1DR23_KLEPN,0,0,0,0
tr|W1DR26|W1DR26_KLEPN,0,0,0,0
tr|W1DR30|W1DR30_KLEPN,0,0,0,0
tr|W1DR33|W1DR33_KLEPN,0,0,0,0
tr|W1DR41|W1DR41_KLEPN,0,0,0,0
tr|W1DR50|W1DR50_KLEPN,0,0,0,0
tr|W1DR51|W1DR51_KLEPN,0,0,0,0
tr|W1DR59|W1DR59_KLEPN,0,0,0,0
tr|W1DR73|W1DR73_KLEPN,0,0,0,0
tr|W1DR78|W1DR78_KLEPN,0,0,0,0
tr|W1DR85|W1DR85_KLEPN,0,0,0,0
tr|W1DR90|W1DR90_KLEPN,0,0,0,0
tr|W1DR92|W1DR92_KLEPN,0,0,0,0
tr|W1DR95|W1DR95_KLEPN,0,0,0,0
tr|W1DRB5|W1DRB5_KLEPN,0,0,0,0
tr|W1DRB8|W1DRB8_KLEPN,0,0,0,0
tr|W1DRC1|W1DRC1_KLEPN,0,0,0,0
tr|W1DRC2|W1DRC2_KLEPN,0,0,0,0
tr|W1DRC6|W1DRC6_KLEPN,0,0,0,0
tr|W1DRD3|W1DRD3_KLEPN,0,0,0,0
tr|W1DRD4|W1DRD4_KLEPN,1,0,0,0
tr|W1DRD8|W1DRD8_KLEPN,0,0,0,0
tr|W1DRE5|W1DRE5_KLEPN,0,0,0,0
tr|W1DRE6|W1DRE6_KLEPN,0,0,0,0
tr|W1DRF1|W1DRF1_KLEPN,0,0,0,0
tr|W1DRF4|W1DRF4_KLEPN,0,0,0,0
tr|W1DRH0|W1DRH0_KLEPN,1,0,0,0
tr|W1DRH3|W1DRH3_KLEPN,0,0,0,0
tr|W1DRH7|W1DRH7_KLEPN,0,0,0,0
tr|W1DRI3|W1DRI3_KLEPN,0,0,0,0
tr|W1DRI7|W1DRI7_KLEPN,0,0,0,0
tr|W1DRK6|W1DRK6_KLEPN,0,0,0,0
tr|W1DRK9|W1DRK9_KLEPN,0,0,0,0
tr|W1DRL3|W1DRL3_KLEPN,0,0,0,0
tr|W1DRL6|W1DRL6_KLEPN,0,0,0,0
tr|W1DRM2|W1DRM2_KLEPN,0,0,0,0
tr|W1DRM9|W1DRM9_KLEPN,0,0,0,0
tr|W1DRN5|W1DRN5_KLEPN,0,0,0,0
tr|W1DRN7|W1DRN7_KLEPN,1,1,1,0
tr|W1DRP7|W1DRP7_KLEPN,0,0,0,0
tr|W1DRQ1|W1DRQ1_KLEPN,1,0,0,0
tr|W1DRQ6|W1DRQ6_KLEPN,0,0,0,0
tr|W1DRR7|W1DRR7_KLEPN,0,0,0,0
tr|W1DRR8|W1DRR8_KLEPN,0,0,0,0
tr|W1DRS6|W1DRS6_KLEPN,0,0,0,0
tr|W1DRU3|W1DRU3_KLEPN,1,1,1,1
tr|W1DRU4|W1DRU4_KLEPN,0,0,0,0
tr|W1DRV3|W1DRV3_KLEPN,0,0,0,0
tr|W1DRV9|W1DRV9_KLEPN,0,0,0,0
tr|W1DRX0|W1DRX0_KLEPN,0,0,0,0
tr|W1DRX9|W1DRX9_KLEPN,0,0,0,0
tr|W1DRY9|W1DRY9_KLEPN,0,0,0,0
tr|W1DRZ5|W1DRZ5_KLEPN,0,0,0,0
tr|W1DRZ7|W1DRZ7_KLEPN,1,1,1,0
tr|W1DS02|W1DS02_KLEPN,0,0,0,0
tr|W1DS03|W1DS03_KLEPN,0,0,0,0
tr|W1DS05|W1DS05_KLEPN,0,0,0,0
tr|W1DS07|W1DS07_KLEPN,1,1,1,0
tr|W1DS10|W1DS10_KLEPN,0,0,0,0
tr|W1DS25|W1DS25_KLEPN,0,0,0,0
tr|W1DS47|W1DS47_KLEPN,0,0,0,0
tr|W1DS52|W1DS52_KLEPN,0,0,0,0
tr|W1DS64|W1DS64_KLEPN,0,0,0,0
tr|W1DS75|W1DS75_KLEPN,0,0,0,0
tr|W1DS77|W1DS77_KLEPN,0,0,0,0
tr|W1DS97|W1DS97_KLEPN,0,0,0,0
tr|W1DSA1|W1DSA1_KLEPN,1,1,1,1
tr|W1DSA3|W1DSA3_KLEPN,0,0,0,0
tr|W1DSB0|W1DSB0_KLEPN,1,0,0,0
tr|W1DSB7|W1DSB7_KLEPN,0,0,0,0
tr|W1DSC3|W1DSC3_KLEPN,0,0,0,0
tr|W1DSC7|W1DSC7_KLEPN,0,0,0,0
tr|W1DSD8|W1DSD8_KLEPN,0,0,0,0
tr|W1DSE5|W1DSE5_KLEPN,0,0,0,0
tr|W1DSG1|W1DSG1_KLEPN,0,0,0,0
tr|W1DSH3|W1DSH3_KLEPN,0,0,0,0
tr|W1DSH5|W1DSH5_KLEPN,0,0,0,0
tr|W1DSH6|W1DSH6_KLEPN,0,0,0,0
tr|W1DSI1|W1DSI1_KLEPN,0,0,0,0
tr|W1DSI7|W1DSI7_KLEPN,0,0,0,0
tr|W1DSJ0|W1DSJ0_KLEPN,0,0,0,0
tr|W1DSJ4|W1DSJ4_KLEPN,0,0,0,0
tr|W1DSK0|W1DSK0_KLEPN,0,0,0,0
tr|W1DSK7|W1DSK7_KLEPN,0,0,0,0
tr|W1DSL3|W1DSL3_KLEPN,0,0,0,0
tr|W1DSL9|W1DSL9_KLEPN,0,0,0,0
tr|W1DSM9|W1DSM9_KLEPN,0,0,0,0
tr|W1DSN0|W1DSN0_KLEPN,1,1,1,0
tr|W1DSN9|W1DSN9_KLEPN,0,0,0,0
tr|W1DSP3|W1DSP3_KLEPN,0,0,0,0
tr|W1DSP6|W1DSP6_KLEPN,0,0,0,0
tr|W1DSQ1|W1DSQ1_KLEPN,0,0,0,0
tr|W1DSQ2|W1DSQ2_KLEPN,0,0,0,0
tr|W1DSQ3|W1DSQ3_KLEPN,0,0,0,0
tr|W1DSQ4|W1DSQ4_KLEPN,0,0,0,0
tr|W1DSR6|W1DSR6_KLEPN,0,0,0,0
tr|W1DSR7|W1DSR7_KLEPN,0,0,0,0
tr|W1DSS8|W1DSS8_KLEPN,0,0,0,0
tr|W1DST9|W1DST9_KLEPN,0,0,0,0
tr|W1DSU7|W1DSU7_KLEPN,0,0,0,0
tr|W1DSU8|W1DSU8_KLEPN,0,0,0,0
tr|W1DSU9|W1DSU9_KLEPN,0,0,0,0
tr|W1DSV2|W1DSV2_KLEPN,0,0,0,0
tr|W1DSV4|W1DSV4_KLEPN,0,0,0,0
tr|W1DSW5|W1DSW5_KLEPN,0,0,0,0
tr|W1DSW9|W1DSW9_KLEPN,0,0,0,0
tr|W1DSX3|W1DSX3_KLEPN,0,0,0,0
tr|W1DSX6|W1DSX6_KLEPN,0,0,0,0
tr|W1DSY0|W1DSY0_KLEPN,1,1,1,1
tr|W1DSY1|W1DSY1_KLEPN,0,0,0,0
tr|W1DSY2|W1DSY2_KLEPN,0,0,0,0
tr|W1DSY3|W1DSY3_KLEPN,0,0,0,0
tr|W1DSZ5|W1DSZ5_KLEPN,0,0,0,0
tr|W1DT00|W1DT00_KLEPN,0,0,0,0
tr|W1DT06|W1DT06_KLEPN,0,0,0,0
tr|W1DT07|W1DT07_KLEPN,0,0,0,0
tr|W1DT10|W1DT10_KLEPN,0,0,0,0
tr|W1DT12|W1DT12_KLEPN,0,0,0,0
tr|W1DT16|W1DT16_KLEPN,1,0,0,0
tr|W1DT30|W1DT30_KLEPN,0,0,0,0
tr|W1DT45|W1DT45_KLEPN,0,0,0,0
tr|W1DT63|W1DT63_KLEPN,0,0,0,0
tr|W1DT73|W1DT73_KLEPN,0,0,0,0
tr|W1DT75|W1DT75_KLEPN,0,0,0,0
tr|W1DT79|W1DT79_KLEPN,0,0,0,0
tr|W1DT82|W1DT82_KLEPN,0,0,0,0
tr|W1DT91|W1DT91_KLEPN,0,0,0,0
tr|W1DT92|W1DT92_KLEPN,0,0,0,0
tr|W1DT97|W1DT97_KLEPN,0,0,0,0
tr|W1DTA0|W1DTA0_KLEPN,0,0,0,0
tr|W1DTA1|W1DTA1_KLEPN,0,0,0,0
tr|W1DTA2|W1DTA2_KLEPN,0,0,0,0
tr|W1DTB0|W1DTB0_KLEPN,0,0,0,0
tr|W1DTB3|W1DTB3_KLEPN,0,0,0,0
tr|W1DTB8|W1DTB8_KLEPN,0,0,0,0
tr|W1DTC1|W1DTC1_KLEPN,0,0,0,0
tr|W1DTC3|W1DTC3_KLEPN,0,0,0,0
tr|W1DTC5|W1DTC5_KLEPN,0,0,0,0
tr|W1DTG0|W1DTG0_KLEPN,1,1,1,0
tr|W1DTG6|W1DTG6_KLEPN,0,0,0,0
tr|W1DTI6|W1DTI6_KLEPN,0,0,0,0
tr|W1DTI7|W1DTI7_KLEPN,0,0,0,0
tr|W1DTJ5|W1DTJ5_KLEPN,0,0,0,0
tr|W1DTJ6|W1DTJ6_KLEPN,0,0,0,0
tr|W1DTJ7|W1DTJ7_KLEPN,0,0,0,0
tr|W1DTJ8|W1DTJ8_KLEPN,0,0,0,0
tr|W1DTL9|W1DTL9_KLEPN,0,0,0,0
tr|W1DTM5|W1DTM5_KLEPN,0,0,0,0
tr|W1DTN1|W1DTN1_KLEPN,0,0,0,0
tr|W1DTQ2|W1DTQ2_KLEPN,0,0,0,0
tr|W1DTQ4|W1DTQ4_KLEPN,0,0,0,0
tr|W1DTR0|W1DTR0_KLEPN,0,0,0,0
tr|W1DTR1|W1DTR1_KLEPN,0,0,0,0
tr|W1DTR4|W1DTR4_KLEPN,0,0,0,0
tr|W1DTR6|W1DTR6_KLEPN,0,0,0,0
tr|W1DTS0|W1DTS0_KLEPN,0,0,0,0
tr|W1DTT5|W1DTT5_KLEPN,0,0,0,0
tr|W1DTU0|W1DTU0_KLEPN,0,0,0,0
tr|W1DTU1|W1DTU1_KLEPN,0,0,0,0
tr|W1DTU3|W1DTU3_KLEPN,0,0,0,0
tr|W1DTV3|W1DTV3_KLEPN,0,0,0,0
tr|W1DTW4|W1DTW4_KLEPN,0,0,0,0
tr|W1DTX6|W1DTX6_KLEPN,0,0,0,0
tr|W1DTX8|W1DTX8_KLEPN,0,0,0,0
tr|W1DTZ9|W1DTZ9_KLEPN,0,0,0,0
tr|W1DU01|W1DU01_KLEPN,0,0,0,0
tr|W1DU04|W1DU04_KLEPN,0,0,0,0
tr|W1DU12|W1DU12_KLEPN,0,0,0,0
tr|W1DU22|W1DU22_KLEPN,0,0,0,0
tr|W1DU26|W1DU26_KLEPN,0,0,0,0
tr|W1DU32|W1DU32_KLEPN,0,0,0,0
tr|W1DU46|W1DU46_KLEPN,0,0,0,0
tr|W1DU54|W1DU54_KLEPN,0,0,0,0
tr|W1DU57|W1DU57_KLEPN,0,0,0,0
tr|W1DU61|W1DU61_KLEPN,0,0,0,0
tr|W1DU62|W1DU62_KLEPN,0,0,0,0
tr|W1DU80|W1DU80_KLEPN,0,0,0,0
tr|W1DU82|W1DU82_KLEPN,0,0,0,0
tr|W1DU90|W1DU90_KLEPN,0,0,0,0
tr|W1DU92|W1DU92_KLEPN,0,0,0,0
tr|W1DU93|W1DU93_KLEPN,0,0,0,0
tr|W1DU94|W1DU94_KLEPN,0,0,0,0
tr|W1DU95|W1DU95_KLEPN,0,0,0,0
tr|W1DUB1|W1DUB1_KLEPN,0,0,0,0
tr|W1DUB9|W1DUB9_KLEPN,0,0,0,0
tr|W1DUC4|W1DUC4_KLEPN,1,1,1,0
tr|W1DUC9|W1DUC9_KLEPN,0,0,0,0
tr|W1DUD5|W1DUD5_KLEPN,0,0,0,0
tr|W1DUE2|W1DUE2_KLEPN,0,0,0,0
tr|W1DUF6|W1DUF6_KLEPN,0,0,0,0
tr|W1DUG2|W1DUG2_KLEPN,1,1,1,0
tr|W1DUG4|W1DUG4_KLEPN,0,0,0,0
tr|W1DUG5|W1DUG5_KLEPN,0,0,0,0
tr|W1DUH2|W1DUH2_KLEPN,0,0,0,0
tr|W1DUH6|W1DUH6_KLEPN,0,0,0,0
tr|W1DUI4|W1DUI4_KLEPN,0,0,0,0
tr|W1DUJ2|W1DUJ2_KLEPN,0,0,0,0
tr|W1DUJ8|W1DUJ8_KLEPN,0,0,0,0
tr|W1DUJ9|W1DUJ9_KLEPN,0,0,0,0
tr|W1DUK0|W1DUK0_KLEPN,0,0,0,0
tr|W1DUK6|W1DUK6_KLEPN,0,0,0,0
tr|W1DUL1|W1DUL1_KLEPN,0,0,0,0
tr|W1DUL8|W1DUL8_KLEPN,0,0,0,0
tr|W1DUM1|W1DUM1_KLEPN,0,0,0,0
tr|W1DUN3|W1DUN3_KLEPN,0,0,0,0
tr|W1DUN8|W1DUN8_KLEPN,0,0,0,0
tr|W1DUQ9|W1DUQ9_KLEPN,0,0,0,0
tr|W1DUR3|W1DUR3_KLEPN,0,0,0,0
tr|W1DUS3|W1DUS3_KLEPN,0,0,0,0
tr|W1DUS4|W1DUS4_KLEPN,0,0,0,0
tr|W1DUT3|W1DUT3_KLEPN,0,0,0,0
tr|W1DUV7|W1DUV7_KLEPN,0,0,0,0
tr|W1DUW2|W1DUW2_KLEPN,0,0,0,0
tr|W1DUX7|W1DUX7_KLEPN,1,0,0,0
tr|W1DUZ0|W1DUZ0_KLEPN,0,0,0,0
tr|W1DUZ6|W1DUZ6_KLEPN,0,0,0,0
tr|W1DV00|W1DV00_KLEPN,0,0,0,0
tr|W1DV27|W1DV27_KLEPN,0,0,0,0
tr|W1DV39|W1DV39_KLEPN,0,0,0,0
tr|W1DV63|W1DV63_KLEPN,0,0,0,0
tr|W1DV89|W1DV89_KLEPN,0,0,0,0
tr|W1DVA2|W1DVA2_KLEPN,1,1,0,0
tr|W1DVC7|W1DVC7_KLEPN,0,0,0,0
tr|W1DVE5|W1DVE5_KLEPN,0,0,0,0
tr|W1DVI6|W1DVI6_KLEPN,0,0,0,0
tr|W1DVJ8|W1DVJ8_KLEPN,0,0,0,0
tr|W1DVK3|W1DVK3_KLEPN,1,1,1,0
tr|W1DVK4|W1DVK4_KLEPN,0,0,0,0
tr|W1DVN8|W1DVN8_KLEPN,0,0,0,0
tr|W1DVQ4|W1DVQ4_KLEPN,0,0,0,0
tr|W1DVR8|W1DVR8_KLEPN,1,1,1,0
tr|W1DVS2|W1DVS2_KLEPN,0,0,0,0
tr|W1DVS6|W1DVS6_KLEPN,0,0,0,0
tr|W1DVS7|W1DVS7_KLEPN,0,0,0,0
tr|W1DVV0|W1DVV0_KLEPN,0,0,0,0
tr|W1DVV6|W1DVV6_KLEPN,0,0,0,0
tr|W1DVW0|W1DVW0_KLEPN,0,0,0,0
tr|W1DVW9|W1DVW9_KLEPN,0,0,0,0
tr|W1DVX9|W1DVX9_KLEPN,0,0,0,0
tr|W1DVY3|W1DVY3_KLEPN,0,0,0,0
tr|W1DW00|W1DW00_KLEPN,0,0,0,0
tr|W1DW13|W1DW13_KLEPN,0,0,0,0
tr|W1DW29|W1DW29_KLEPN,0,0,0,0
tr|W1DW31|W1DW31_KLEPN,1,1,1,0
tr|W1DW36|W1DW36_KLEPN,0,0,0,0
tr|W1DW40|W1DW40_KLEPN,0,0,0,0
tr|W1DW45|W1DW45_KLEPN,0,0,0,0
tr|W1DW47|W1DW47_KLEPN,0,0,0,0
tr|W1DW49|W1DW49_KLEPN,0,0,0,0
tr|W1DW56|W1DW56_KLEPN,0,0,0,0
tr|W1DW65|W1DW65_KLEPN,0,0,0,0
tr|W1DW68|W1DW68_KLEPN,0,0,0,0
tr|W1DW69|W1DW69_KLEPN,1,1,1,0
tr|W1DW70|W1DW70_KLEPN,0,0,0,0
tr|W1DW82|W1DW82_KLEPN,0,0,0,0
tr|W1DW86|W1DW86_KLEPN,0,0,0,0
tr|W1DW97|W1DW97_KLEPN,0,0,0,0
tr|W1DWB5|W1DWB5_KLEPN,0,0,0,0
tr|W1DWC0|W1DWC0_KLEPN,0,0,0,0
tr|W1DWC4|W1DWC4_KLEPN,0,0,0,0
tr|W1DWC5|W1DWC5_KLEPN,0,0,0,0
tr|W1DWD7|W1DWD7_KLEPN,0,0,0,0
tr|W1DWF5|W1DWF5_KLEPN,1,1,1,0
tr|W1DWG1|W1DWG1_KLEPN,0,0,0,0
tr|W1DWG6|W1DWG6_KLEPN,0,0,0,0
tr|W1DWH1|W1DWH1_KLEPN,0,0,0,0
tr|W1DWJ3|W1DWJ3_KLEPN,0,0,0,0
tr|W1DWP2|W1DWP2_KLEPN,1,1,1,0
tr|W1DWZ9|W1DWZ9_KLEPN,0,0,0,0
tr|W1DXF4|W1DXF4_KLEPN,0,0,0,0
tr|W1DXM5|W1DXM5_KLEPN,0,0,0,0
tr|W1DXT4|W1DXT4_KLEPN,0,0,0,0
tr|W1DXU4|W1DXU4_KLEPN,0,0,0,0
tr|W1DXV6|W1DXV6_KLEPN,0,0,0,0
tr|W1DXY2|W1DXY2_KLEPN,0,0,0,0
tr|W1DY17|W1DY17_KLEPN,0,0,0,0
tr|W1DY31|W1DY31_KLEPN,1,1,1,0
tr|W1DY37|W1DY37_KLEPN,0,0,0,0
tr|W1DYC5|W1DYC5_KLEPN,0,0,0,0
tr|W1DYD5|W1DYD5_KLEPN,0,0,0,0
tr|W1DC88|W1DC88_KLEPN,0,0,0,0
tr|W1DC94|W1DC94_KLEPN,0,0,0,0
tr|W1DC99|W1DC99_KLEPN,0,0,0,0
tr|W1DCA5|W1DCA5_KLEPN,0,0,0,0
tr|W1DCB2|W1DCB2_KLEPN,0,0,0,0
tr|W1DCC3|W1DCC3_KLEPN,1,1,0,0
tr|W1DCE9|W1DCE9_KLEPN,0,0,0,0
tr|W1DCH0|W1DCH0_KLEPN,0,0,0,0
tr|W1DCI1|W1DCI1_KLEPN,0,0,0,0
tr|W1DCI7|W1DCI7_KLEPN,0,0,0,0
tr|W1DCJ5|W1DCJ5_KLEPN,0,0,0,0
tr|W1DCJ9|W1DCJ9_KLEPN,0,0,0,0
tr|W1DCK4|W1DCK4_KLEPN,1,1,1,0
tr|W1DCL1|W1DCL1_KLEPN,0,0,0,0
tr|W1DCL2|W1DCL2_KLEPN,0,0,0,0
tr|W1DCL5|W1DCL5_KLEPN,1,1,1,1
tr|W1DCL6|W1DCL6_KLEPN,0,0,0,0
tr|W1DCM1|W1DCM1_KLEPN,0,0,0,0
tr|W1DCM4|W1DCM4_KLEPN,0,0,0,0
tr|W1DCN2|W1DCN2_KLEPN,0,0,0,0
tr|W1DCN3|W1DCN3_KLEPN,0,0,0,0
tr|W1DCN8|W1DCN8_KLEPN,1,1,1,1
tr|W1DCP3|W1DCP3_KLEPN,0,0,0,0
tr|W1DCP7|W1DCP7_KLEPN,0,0,0,0
tr|W1DCQ3|W1DCQ3_KLEPN,0,0,0,0
tr|W1DCQ6|W1DCQ6_KLEPN,0,0,0,0
tr|W1DCQ7|W1DCQ7_KLEPN,0,0,0,0
tr|W1DCR1|W1DCR1_KLEPN,0,0,0,0
tr|W1DCS2|W1DCS2_KLEPN,0,0,0,0
tr|W1DCS4|W1DCS4_KLEPN,0,0,0,0
tr|W1DCS5|W1DCS5_KLEPN,0,0,0,0
tr|W1DCS8|W1DCS8_KLEPN,0,0,0,0
tr|W1DCS9|W1DCS9_KLEPN,0,0,0,0
tr|W1DCT3|W1DCT3_KLEPN,0,0,0,0
tr|W1DCT7|W1DCT7_KLEPN,0,0,0,0
tr|W1DCU0|W1DCU0_KLEPN,0,0,0,0
tr|W1DCU1|W1DCU1_KLEPN,0,0,0,0
tr|W1DCU5|W1DCU5_KLEPN,0,0,0,0
tr|W1DCU6|W1DCU6_KLEPN,0,0,0,0
tr|W1DCU7|W1DCU7_KLEPN,0,0,0,0
tr|W1DCV1|W1DCV1_KLEPN,0,0,0,0
tr|W1DCV2|W1DCV2_KLEPN,0,0,0,0
tr|W1DCV8|W1DCV8_KLEPN,0,0,0,0
tr|W1DCW2|W1DCW2_KLEPN,0,0,0,0
tr|W1DCW7|W1DCW7_KLEPN,0,0,0,0
tr|W1DCW9|W1DCW9_KLEPN,0,0,0,0
tr|W1DCX4|W1DCX4_KLEPN,0,0,0,0
tr|W1DCX7|W1DCX7_KLEPN,0,0,0,0
tr|W1DCX9|W1DCX9_KLEPN,1,1,1,0
tr|W1DCY2|W1DCY2_KLEPN,0,0,0,0
tr|W1DCY3|W1DCY3_KLEPN,0,0,0,0
tr|W1DCY5|W1DCY5_KLEPN,0,0,0,0
tr|W1DCY8|W1DCY8_KLEPN,0,0,0,0
tr|W1DCZ0|W1DCZ0_KLEPN,0,0,0,0
tr|W1DCZ2|W1DCZ2_KLEPN,0,0,0,0
tr|W1DCZ3|W1DCZ3_KLEPN,0,0,0,0
tr|W1DCZ6|W1DCZ6_KLEPN,0,0,0,0
tr|W1DCZ7|W1DCZ7_KLEPN,0,0,0,0
tr|W1DD04|W1DD04_KLEPN,0,0,0,0
tr|W1DD05|W1DD05_KLEPN,0,0,0,0
tr|W1DD10|W1DD10_KLEPN,0,0,0,0
tr|W1DD14|W1DD14_KLEPN,1,0,0,0
tr|W1DD17|W1DD17_KLEPN,0,0,0,0
tr|W1DD22|W1DD22_KLEPN,0,0,0,0
tr|W1DD23|W1DD23_KLEPN,0,0,0,0
tr|W1DD27|W1DD27_KLEPN,0,0,0,0
tr|W1DD28|W1DD28_KLEPN,0,0,0,0
tr|W1DD29|W1DD29_KLEPN,0,0,0,0
tr|W1DD33|W1DD33_KLEPN,0,0,0,0
tr|W1DD34|W1DD34_KLEPN,0,0,0,0
tr|W1DD37|W1DD37_KLEPN,0,0,0,0
tr|W1DD38|W1DD38_KLEPN,0,0,0,0
tr|W1DD41|W1DD41_KLEPN,0,0,0,0
tr|W1DD46|W1DD46_KLEPN,0,0,0,0
tr|W1DD47|W1DD47_KLEPN,0,0,0,0
tr|W1DD50|W1DD50_KLEPN,0,0,0,0
tr|W1DD52|W1DD52_KLEPN,0,0,0,0
tr|W1DD54|W1DD54_KLEPN,0,0,0,0
tr|W1DD55|W1DD55_KLEPN,0,0,0,0
tr|W1DD57|W1DD57_KLEPN,0,0,0,0
tr|W1DD59|W1DD59_KLEPN,0,0,0,0
tr|W1DD60|W1DD60_KLEPN,0,0,0,0
tr|W1DD64|W1DD64_KLEPN,0,0,0,0
tr|W1DD67|W1DD67_KLEPN,0,0,0,0
tr|W1DD68|W1DD68_KLEPN,0,0,0,0
tr|W1DD71|W1DD71_KLEPN,0,0,0,0
tr|W1DD72|W1DD72_KLEPN,0,0,0,0
tr|W1DD75|W1DD75_KLEPN,0,0,0,0
tr|W1DD78|W1DD78_KLEPN,0,0,0,0
tr|W1DD81|W1DD81_KLEPN,0,0,0,0
tr|W1DD83|W1DD83_KLEPN,0,0,0,0
tr|W1DD84|W1DD84_KLEPN,0,0,0,0
tr|W1DD87|W1DD87_KLEPN,1,1,1,0
tr|W1DD89|W1DD89_KLEPN,0,0,0,0
tr|W1DD92|W1DD92_KLEPN,0,0,0,0
tr|W1DD94|W1DD94_KLEPN,0,0,0,0
tr|W1DD95|W1DD95_KLEPN,0,0,0,0
tr|W1DD98|W1DD98_KLEPN,1,0,0,0
tr|W1DD99|W1DD99_KLEPN,0,0,0,0
tr|W1DDA2|W1DDA2_KLEPN,0,0,0,0
tr|W1DDA4|W1DDA4_KLEPN,0,0,0,0
tr|W1DDA9|W1DDA9_KLEPN,1,1,1,1
tr|W1DDB3|W1DDB3_KLEPN,0,0,0,0
tr|W1DDB6|W1DDB6_KLEPN,0,0,0,0
tr|W1DDB8|W1DDB8_KLEPN,0,0,0,0
tr|W1DDC0|W1DDC0_KLEPN,0,0,0,0
tr|W1DDC5|W1DDC5_KLEPN,0,0,0,0
tr|W1DDC8|W1DDC8_KLEPN,0,0,0,0
tr|W1DDD3|W1DDD3_KLEPN,0,0,0,0
tr|W1DDD5|W1DDD5_KLEPN,0,0,0,0
tr|W1DDD7|W1DDD7_KLEPN,0,0,0,0
tr|W1DDD9|W1DDD9_KLEPN,0,0,0,0
tr|W1DDE2|W1DDE2_KLEPN,0,0,0,0
tr|W1DDE3|W1DDE3_KLEPN,0,0,0,0
tr|W1DDE6|W1DDE6_KLEPN,0,0,0,0
tr|W1DDE7|W1DDE7_KLEPN,0,0,0,0
tr|W1DDF1|W1DDF1_KLEPN,0,0,0,0
tr|W1DDF4|W1DDF4_KLEPN,0,0,0,0
tr|W1DDF5|W1DDF5_KLEPN,0,0,0,0
tr|W1DDF8|W1DDF8_KLEPN,0,0,0,0
tr|W1DDG2|W1DDG2_KLEPN,0,0,0,0
tr|W1DDG4|W1DDG4_KLEPN,0,0,0,0
tr|W1DDG7|W1DDG7_KLEPN,0,0,0,0
tr|W1DDH2|W1DDH2_KLEPN,0,0,0,0
tr|W1DDI2|W1DDI2_KLEPN,0,0,0,0
tr|W1DDI6|W1DDI6_KLEPN,0,0,0,0
tr|W1DDJ0|W1DDJ0_KLEPN,0,0,0,0
tr|W1DDJ6|W1DDJ6_KLEPN,0,0,0,0
tr|W1DDJ8|W1DDJ8_KLEPN,0,0,0,0
tr|W1DDK3|W1DDK3_KLEPN,0,0,0,0
tr|W1DDK6|W1DDK6_KLEPN,0,0,0,0
tr|W1DDK9|W1DDK9_KLEPN,0,0,0,0
tr|W1DDL1|W1DDL1_KLEPN,0,0,0,0
tr|W1DDL6|W1DDL6_KLEPN,0,0,0,0
tr|W1DDM0|W1DDM0_KLEPN,1,0,0,0
tr|W1DDM7|W1DDM7_KLEPN,0,0,0,0
tr|W1DDM8|W1DDM8_KLEPN,0,0,0,0
tr|W1DDN2|W1DDN2_KLEPN,0,0,0,0
tr|W1DDN3|W1DDN3_KLEPN,0,0,0,0
tr|W1DDN7|W1DDN7_KLEPN,0,0,0,0
tr|W1DDN9|W1DDN9_KLEPN,0,0,0,0
tr|W1DDP4|W1DDP4_KLEPN,0,0,0,0
tr|W1DDP5|W1DDP5_KLEPN,0,0,0,0
tr|W1DDQ4|W1DDQ4_KLEPN,0,0,0,0
tr|W1DDQ9|W1DDQ9_KLEPN,0,0,0,0
tr|W1DDR3|W1DDR3_KLEPN,0,0,0,0
tr|W1DDR8|W1DDR8_KLEPN,0,0,0,0
tr|W1DDS0|W1DDS0_KLEPN,0,0,0,0
tr|W1DDS4|W1DDS4_KLEPN,0,0,0,0
tr|W1DDS8|W1DDS8_KLEPN,0,0,0,0
tr|W1DDT3|W1DDT3_KLEPN,0,0,0,0
tr|W1DDT9|W1DDT9_KLEPN,0,0,0,0
tr|W1DDU0|W1DDU0_KLEPN,0,0,0,0
tr|W1DDU4|W1DDU4_KLEPN,0,0,0,0
tr|W1DDU5|W1DDU5_KLEPN,0,0,0,0
tr|W1DDU8|W1DDU8_KLEPN,0,0,0,0
tr|W1DDV1|W1DDV1_KLEPN,0,0,0,0
tr|W1DDV3|W1DDV3_KLEPN,0,0,0,0
tr|W1DDV6|W1DDV6_KLEPN,0,0,0,0
tr|W1DDV7|W1DDV7_KLEPN,0,0,0,0
tr|W1DDV9|W1DDV9_KLEPN,0,0,0,0
tr|W1DDW3|W1DDW3_KLEPN,1,1,1,0
tr|W1DDW8|W1DDW8_KLEPN,0,0,0,0
tr|W1DDX3|W1DDX3_KLEPN,0,0,0,0
tr|W1DDX4|W1DDX4_KLEPN,0,0,0,0
tr|W1DDX8|W1DDX8_KLEPN,0,0,0,0
tr|W1DDX9|W1DDX9_KLEPN,0,0,0,0
tr|W1DDY3|W1DDY3_KLEPN,0,0,0,0
tr|W1DDY4|W1DDY4_KLEPN,0,0,0,0
tr|W1DDY5|W1DDY5_KLEPN,0,0,0,0
tr|W1DDY9|W1DDY9_KLEPN,0,0,0,0
tr|W1DDZ0|W1DDZ0_KLEPN,0,0,0,0
tr|W1DDZ4|W1DDZ4_KLEPN,0,0,0,0
tr|W1DDZ8|W1DDZ8_KLEPN,0,0,0,0
tr|W1DE01|W1DE01_KLEPN,0,0,0,0
tr|W1DE02|W1DE02_KLEPN,0,0,0,0
tr|W1DE06|W1DE06_KLEPN,0,0,0,0
tr|W1DE07|W1DE07_KLEPN,0,0,0,0
tr|W1DE14|W1DE14_KLEPN,0,0,0,0
tr|W1DE18|W1DE18_KLEPN,0,0,0,0
tr|W1DE19|W1DE19_KLEPN,0,0,0,0
tr|W1DE23|W1DE23_KLEPN,0,0,0,0
tr|W1DE24|W1DE24_KLEPN,0,0,0,0
tr|W1DE28|W1DE28_KLEPN,0,0,0,0
tr|W1DE29|W1DE29_KLEPN,0,0,0,0
tr|W1DE33|W1DE33_KLEPN,0,0,0,0
tr|W1DE34|W1DE34_KLEPN,0,0,0,0
tr|W1DE46|W1DE46_KLEPN,0,0,0,0
tr|W1DE51|W1DE51_KLEPN,0,0,0,0
tr|W1DE55|W1DE55_KLEPN,0,0,0,0
tr|W1DE58|W1DE58_KLEPN,0,0,0,0
tr|W1DE60|W1DE60_KLEPN,0,0,0,0
tr|W1DE67|W1DE67_KLEPN,0,0,0,0
tr|W1DE71|W1DE71_KLEPN,0,0,0,0
tr|W1DE72|W1DE72_KLEPN,0,0,0,0
tr|W1DE76|W1DE76_KLEPN,0,0,0,0
tr|W1DE81|W1DE81_KLEPN,0,0,0,0
tr|W1DE83|W1DE83_KLEPN,0,0,0,0
tr|W1DE86|W1DE86_KLEPN,0,0,0,0
tr|W1DE90|W1DE90_KLEPN,0,0,0,0
tr|W1DE93|W1DE93_KLEPN,0,0,0,0
tr|W1DEA1|W1DEA1_KLEPN,0,0,0,0
tr|W1DEA6|W1DEA6_KLEPN,0,0,0,0
tr|W1DEB1|W1DEB1_KLEPN,0,0,0,0
tr|W1DEB3|W1DEB3_KLEPN,0,0,0,0
tr|W1DEB6|W1DEB6_KLEPN,0,0,0,0
tr|W1DEB7|W1DEB7_KLEPN,0,0,0,0
tr|W1DEC0|W1DEC0_KLEPN,0,0,0,0
tr|W1DEC2|W1DEC2_KLEPN,0,0,0,0
tr|W1DEC5|W1DEC5_KLEPN,0,0,0,0
tr|W1DEC6|W1DEC6_KLEPN,0,0,0,0
tr|W1DEC9|W1DEC9_KLEPN,0,0,0,0
tr|W1DED2|W1DED2_KLEPN,0,0,0,0
tr|W1DED4|W1DED4_KLEPN,0,0,0,0
tr|W1DED7|W1DED7_KLEPN,0,0,0,0
tr|W1DED9|W1DED9_KLEPN,0,0,0,0
tr|W1DEE1|W1DEE1_KLEPN,0,0,0,0
tr|W1DEE3|W1DEE3_KLEPN,0,0,0,0
tr|W1DEE4|W1DEE4_KLEPN,0,0,0,0
tr|W1DEF1|W1DEF1_KLEPN,0,0,0,0
tr|W1DEF2|W1DEF2_KLEPN,1,1,1,0
tr|W1DEF5|W1DEF5_KLEPN,0,0,0,0
tr|W1DEF6|W1DEF6_KLEPN,0,0,0,0
tr|W1DEF7|W1DEF7_KLEPN,0,0,0,0
tr|W1DEF9|W1DEF9_KLEPN,0,0,0,0
tr|W1DEG0|W1DEG0_KLEPN,0,0,0,0
tr|W1DEG2|W1DEG2_KLEPN,0,0,0,0
tr|W1DEG3|W1DEG3_KLEPN,0,0,0,0
tr|W1DEG5|W1DEG5_KLEPN,0,0,0,0
tr|W1DEG8|W1DEG8_KLEPN,0,0,0,0
tr|W1DEH0|W1DEH0_KLEPN,0,0,0,0
tr|W1DEH2|W1DEH2_KLEPN,0,0,0,0
tr|W1DEH4|W1DEH4_KLEPN,0,0,0,0
tr|W1DEH5|W1DEH5_KLEPN,0,0,0,0
tr|W1DEH6|W1DEH6_KLEPN,1,1,1,0
tr|W1DEH9|W1DEH9_KLEPN,0,0,0,0
tr|W1DEI0|W1DEI0_KLEPN,0,0,0,0
tr|W1DEI3|W1DEI3_KLEPN,0,0,0,0
tr|W1DEI4|W1DEI4_KLEPN,1,1,1,0
tr|W1DEI7|W1DEI7_KLEPN,0,0,0,0
tr|W1DEI8|W1DEI8_KLEPN,0,0,0,0
tr|W1DEJ0|W1DEJ0_KLEPN,0,0,0,0
tr|W1DEJ2|W1DEJ2_KLEPN,0,0,0,0
tr|W1DEJ7|W1DEJ7_KLEPN,0,0,0,0
tr|W1DEJ8|W1DEJ8_KLEPN,0,0,0,0
tr|W1DEK1|W1DEK1_KLEPN,0,0,0,0
tr|W1DEK5|W1DEK5_KLEPN,0,0,0,0
tr|W1DEK6|W1DEK6_KLEPN,0,0,0,0
tr|W1DEK9|W1DEK9_KLEPN,0,0,0,0
tr|W1DEL6|W1DEL6_KLEPN,1,1,1,0
tr|W1DEL7|W1DEL7_KLEPN,0,0,0,0
tr|W1DEM1|W1DEM1_KLEPN,0,0,0,0
tr|W1DEM2|W1DEM2_KLEPN,0,0,0,0
tr|W1DEM4|W1DEM4_KLEPN,0,0,0,0
tr|W1DEM6|W1DEM6_KLEPN,0,0,0,0
tr|W1DEM7|W1DEM7_KLEPN,0,0,0,0
tr|W1DEN0|W1DEN0_KLEPN,0,0,0,0
tr|W1DEN2|W1DEN2_KLEPN,0,0,0,0
tr|W1DEN8|W1DEN8_KLEPN,0,0,0,0
tr|W1DEN9|W1DEN9_KLEPN,0,0,0,0
tr|W1DEP0|W1DEP0_KLEPN,0,0,0,0
tr|W1DEP2|W1DEP2_KLEPN,0,0,0,0
tr|W1DEP6|W1DEP6_KLEPN,0,0,0,0
tr|W1DEP7|W1DEP7_KLEPN,0,0,0,0
tr|W1DEP8|W1DEP8_KLEPN,0,0,0,0
tr|W1DEQ1|W1DEQ1_KLEPN,1,1,1,0
tr|W1DEQ2|W1DEQ2_KLEPN,0,0,0,0
tr|W1DEQ3|W1DEQ3_KLEPN,1,1,1,0
tr|W1DEQ4|W1DEQ4_KLEPN,0,0,0,0
tr|W1DEQ6|W1DEQ6_KLEPN,0,0,0,0
tr|W1DEQ7|W1DEQ7_KLEPN,0,0,0,0
tr|W1DEQ9|W1DEQ9_KLEPN,0,0,0,0
tr|W1DER0|W1DER0_KLEPN,0,0,0,0
tr|W1DER2|W1DER2_KLEPN,1,1,1,0
tr|W1DER4|W1DER4_KLEPN,0,0,0,0
tr|W1DER5|W1DER5_KLEPN,0,0,0,0
tr|W1DER6|W1DER6_KLEPN,0,0,0,0
tr|W1DER8|W1DER8_KLEPN,0,0,0,0
tr|W1DER9|W1DER9_KLEPN,0,0,0,0
tr|W1DES2|W1DES2_KLEPN,0,0,0,0
tr|W1DES3|W1DES3_KLEPN,0,0,0,0
tr|W1DES4|W1DES4_KLEPN,0,0,0,0
tr|W1DES5|W1DES5_KLEPN,0,0,0,0
tr|W1DES7|W1DES7_KLEPN,0,0,0,0
tr|W1DES8|W1DES8_KLEPN,0,0,0,0
tr|W1DES9|W1DES9_KLEPN,0,0,0,0
tr|W1DET0|W1DET0_KLEPN,0,0,0,0
tr|W1DET1|W1DET1_KLEPN,0,0,0,0
tr|W1DET2|W1DET2_KLEPN,0,0,0,0
tr|W1DET3|W1DET3_KLEPN,0,0,0,0
tr|W1DET5|W1DET5_KLEPN,0,0,0,0
tr|W1DET6|W1DET6_KLEPN,0,0,0,0
tr|W1DET7|W1DET7_KLEPN,1,0,0,0
tr|W1DET8|W1DET8_KLEPN,0,0,0,0
tr|W1DET9|W1DET9_KLEPN,0,0,0,0
tr|W1DEU2|W1DEU2_KLEPN,0,0,0,0
tr|W1DEU3|W1DEU3_KLEPN,0,0,0,0
tr|W1DEU4|W1DEU4_KLEPN,1,1,1,0
tr|W1DEU5|W1DEU5_KLEPN,0,0,0,0
tr|W1DEU6|W1DEU6_KLEPN,0,0,0,0
tr|W1DEU7|W1DEU7_KLEPN,0,0,0,0
tr|W1DEU9|W1DEU9_KLEPN,0,0,0,0
tr|W1DEV0|W1DEV0_KLEPN,0,0,0,0
tr|W1DEV1|W1DEV1_KLEPN,0,0,0,0
tr|W1DEV2|W1DEV2_KLEPN,0,0,0,0
tr|W1DEV3|W1DEV3_KLEPN,0,0,0,0
tr|W1DEV5|W1DEV5_KLEPN,0,0,0,0
tr|W1DEV6|W1DEV6_KLEPN,0,0,0,0
tr|W1DEV7|W1DEV7_KLEPN,0,0,0,0
tr|W1DEV8|W1DEV8_KLEPN,0,0,0,0
tr|W1DEW0|W1DEW0_KLEPN,0,0,0,0
tr|W1DEW1|W1DEW1_KLEPN,0,0,0,0
tr|W1DEW4|W1DEW4_KLEPN,0,0,0,0
tr|W1DEW5|W1DEW5_KLEPN,0,0,0,0
tr|W1DEW7|W1DEW7_KLEPN,0,0,0,0
tr|W1DEW8|W1DEW8_KLEPN,0,0,0,0
tr|W1DEW9|W1DEW9_KLEPN,0,0,0,0
tr|W1DEX1|W1DEX1_KLEPN,0,0,0,0
tr|W1DEX2|W1DEX2_KLEPN,0,0,0,0
tr|W1DEX4|W1DEX4_KLEPN,0,0,0,0
tr|W1DEX5|W1DEX5_KLEPN,0,0,0,0
tr|W1DEX6|W1DEX6_KLEPN,0,0,0,0
tr|W1DEX8|W1DEX8_KLEPN,0,0,0,0
tr|W1DEX9|W1DEX9_KLEPN,0,0,0,0
tr|W1DEY0|W1DEY0_KLEPN,0,0,0,0
tr|W1DEY2|W1DEY2_KLEPN,0,0,0,0
tr|W1DEY4|W1DEY4_KLEPN,0,0,0,0
tr|W1DEY5|W1DEY5_KLEPN,0,0,0,0
tr|W1DEY6|W1DEY6_KLEPN,0,0,0,0
tr|W1DEZ0|W1DEZ0_KLEPN,0,0,0,0
tr|W1DEZ2|W1DEZ2_KLEPN,0,0,0,0
tr|W1DEZ3|W1DEZ3_KLEPN,1,1,1,0
tr|W1DEZ5|W1DEZ5_KLEPN,0,0,0,0
tr|W1DEZ7|W1DEZ7_KLEPN,1,0,0,0
tr|W1DEZ8|W1DEZ8_KLEPN,0,0,0,0
tr|W1DF00|W1DF00_KLEPN,0,0,0,0
tr|W1DF01|W1DF01_KLEPN,0,0,0,0
tr|W1DF02|W1DF02_KLEPN,0,0,0,0
tr|W1DF03|W1DF03_KLEPN,0,0,0,0
tr|W1DF04|W1DF04_KLEPN,0,0,0,0
tr|W1DF05|W1DF05_KLEPN,0,0,0,0
tr|W1DF06|W1DF06_KLEPN,0,0,0,0
tr|W1DF07|W1DF07_KLEPN,0,0,0,0
tr|W1DF08|W1DF08_KLEPN,0,0,0,0
tr|W1DF09|W1DF09_KLEPN,0,0,0,0
tr|W1DF10|W1DF10_KLEPN,1,1,1,1
tr|W1DF11|W1DF11_KLEPN,0,0,0,0
tr|W1DF12|W1DF12_KLEPN,0,0,0,0
tr|W1DF13|W1DF13_KLEPN,0,0,0,0
tr|W1DF14|W1DF14_KLEPN,0,0,0,0
tr|W1DF15|W1DF15_KLEPN,0,0,0,0
tr|W1DF18|W1DF18_KLEPN,0,0,0,0
tr|W1DF20|W1DF20_KLEPN,0,0,0,0
tr|W1DF21|W1DF21_KLEPN,0,0,0,0
tr|W1DF23|W1DF23_KLEPN,0,0,0,0
tr|W1DF24|W1DF24_KLEPN,0,0,0,0
tr|W1DF25|W1DF25_KLEPN,0,0,0,0
tr|W1DF26|W1DF26_KLEPN,0,0,0,0
tr|W1DF28|W1DF28_KLEPN,0,0,0,0
tr|W1DF29|W1DF29_KLEPN,0,0,0,0
tr|W1DF31|W1DF31_KLEPN,0,0,0,0
tr|W1DF32|W1DF32_KLEPN,0,0,0,0
tr|W1DF34|W1DF34_KLEPN,0,0,0,0
tr|W1DF35|W1DF35_KLEPN,0,0,0,0
tr|W1DF37|W1DF37_KLEPN,0,0,0,0
tr|W1DF39|W1DF39_KLEPN,0,0,0,0
tr|W1DF41|W1DF41_KLEPN,0,0,0,0
tr|W1DF44|W1DF44_KLEPN,0,0,0,0
tr|W1DF45|W1DF45_KLEPN,0,0,0,0
tr|W1DF47|W1DF47_KLEPN,0,0,0,0
tr|W1DF49|W1DF49_KLEPN,0,0,0,0
tr|W1DF51|W1DF51_KLEPN,0,0,0,0
tr|W1DF53|W1DF53_KLEPN,0,0,0,0
tr|W1DF55|W1DF55_KLEPN,0,0,0,0
tr|W1DF57|W1DF57_KLEPN,0,0,0,0
tr|W1DF58|W1DF58_KLEPN,0,0,0,0
tr|W1DF59|W1DF59_KLEPN,0,0,0,0
tr|W1DF61|W1DF61_KLEPN,0,0,0,0
tr|W1DF62|W1DF62_KLEPN,0,0,0,0
tr|W1DF64|W1DF64_KLEPN,0,0,0,0
tr|W1DF65|W1DF65_KLEPN,0,0,0,0
tr|W1DF66|W1DF66_KLEPN,1,1,1,0
tr|W1DF69|W1DF69_KLEPN,0,0,0,0
tr|W1DF70|W1DF70_KLEPN,0,0,0,0
tr|W1DF71|W1DF71_KLEPN,1,1,1,0
tr|W1DF73|W1DF73_KLEPN,0,0,0,0
tr|W1DF74|W1DF74_KLEPN,0,0,0,0
tr|W1DF75|W1DF75_KLEPN,0,0,0,0
tr|W1DF77|W1DF77_KLEPN,0,0,0,0
tr|W1DF78|W1DF78_KLEPN,0,0,0,0
tr|W1DF81|W1DF81_KLEPN,0,0,0,0
tr|W1DF82|W1DF82_KLEPN,0,0,0,0
tr|W1DF83|W1DF83_KLEPN,0,0,0,0
tr|W1DF87|W1DF87_KLEPN,0,0,0,0
tr|W1DF88|W1DF88_KLEPN,0,0,0,0
tr|W1DF91|W1DF91_KLEPN,0,0,0,0
tr|W1DF92|W1DF92_KLEPN,1,1,1,0
tr|W1DF93|W1DF93_KLEPN,0,0,0,0
tr|W1DF95|W1DF95_KLEPN,0,0,0,0
tr|W1DF96|W1DF96_KLEPN,0,0,0,0
tr|W1DF99|W1DF99_KLEPN,0,0,0,0
tr|W1DFA0|W1DFA0_KLEPN,0,0,0,0
tr|W1DFA1|W1DFA1_KLEPN,0,0,0,0
tr|W1DFA3|W1DFA3_KLEPN,0,0,0,0
tr|W1DFA5|W1DFA5_KLEPN,0,0,0,0
tr|W1DFA6|W1DFA6_KLEPN,0,0,0,0
tr|W1DFA7|W1DFA7_KLEPN,0,0,0,0
tr|W1DFA9|W1DFA9_KLEPN,0,0,0,0
tr|W1DFB1|W1DFB1_KLEPN,1,1,1,0
tr|W1DFB2|W1DFB2_KLEPN,0,0,0,0
tr|W1DFB4|W1DFB4_KLEPN,0,0,0,0
tr|W1DFB7|W1DFB7_KLEPN,0,0,0,0
tr|W1DFB9|W1DFB9_KLEPN,0,0,0,0
tr|W1DFC0|W1DFC0_KLEPN,0,0,0,0
tr|W1DFC1|W1DFC1_KLEPN,0,0,0,0
tr|W1DFC3|W1DFC3_KLEPN,0,0,0,0
tr|W1DFC4|W1DFC4_KLEPN,0,0,0,0
tr|W1DFC6|W1DFC6_KLEPN,0,0,0,0
tr|W1DFC8|W1DFC8_KLEPN,0,0,0,0
tr|W1DFC9|W1DFC9_KLEPN,0,0,0,0
tr|W1DFD2|W1DFD2_KLEPN,0,0,0,0
tr|W1DFD3|W1DFD3_KLEPN,0,0,0,0
tr|W1DFD4|W1DFD4_KLEPN,0,0,0,0
tr|W1DFD6|W1DFD6_KLEPN,0,0,0,0
tr|W1DFD7|W1DFD7_KLEPN,0,0,0,0
tr|W1DFD8|W1DFD8_KLEPN,0,0,0,0
tr|W1DFD9|W1DFD9_KLEPN,0,0,0,0
tr|W1DFE0|W1DFE0_KLEPN,0,0,0,0
tr|W1DFE1|W1DFE1_KLEPN,0,0,0,0
tr|W1DFE3|W1DFE3_KLEPN,0,0,0,0
tr|W1DFE4|W1DFE4_KLEPN,0,0,0,0
tr|W1DFE5|W1DFE5_KLEPN,0,0,0,0
tr|W1DFE8|W1DFE8_KLEPN,0,0,0,0
tr|W1DFE9|W1DFE9_KLEPN,0,0,0,0
tr|W1DFF1|W1DFF1_KLEPN,0,0,0,0
tr|W1DFF3|W1DFF3_KLEPN,0,0,0,0
tr|W1DFF4|W1DFF4_KLEPN,0,0,0,0
tr|W1DFF6|W1DFF6_KLEPN,0,0,0,0
tr|W1DFF7|W1DFF7_KLEPN,0,0,0,0
tr|W1DFF8|W1DFF8_KLEPN,0,0,0,0
tr|W1DFG1|W1DFG1_KLEPN,0,0,0,0
tr|W1DFG5|W1DFG5_KLEPN,0,0,0,0
tr|W1DFG7|W1DFG7_KLEPN,0,0,0,0
tr|W1DFG9|W1DFG9_KLEPN,0,0,0,0
tr|W1DFH0|W1DFH0_KLEPN,0,0,0,0
tr|W1DFH1|W1DFH1_KLEPN,0,0,0,0
tr|W1DFH3|W1DFH3_KLEPN,1,1,1,0
tr|W1DFH5|W1DFH5_KLEPN,0,0,0,0
tr|W1DFH8|W1DFH8_KLEPN,0,0,0,0
tr|W1DFH9|W1DFH9_KLEPN,0,0,0,0
tr|W1DFI0|W1DFI0_KLEPN,0,0,0,0
tr|W1DFI3|W1DFI3_KLEPN,0,0,0,0
tr|W1DFI4|W1DFI4_KLEPN,0,0,0,0
tr|W1DFI7|W1DFI7_KLEPN,0,0,0,0
tr|W1DFJ1|W1DFJ1_KLEPN,1,1,1,0
tr|W1DFJ5|W1DFJ5_KLEPN,0,0,0,0
tr|W1DFJ7|W1DFJ7_KLEPN,0,0,0,0
tr|W1DFJ9|W1DFJ9_KLEPN,0,0,0,0
tr|W1DFK0|W1DFK0_KLEPN,0,0,0,0
tr|W1DFK2|W1DFK2_KLEPN,0,0,0,0
tr|W1DFK3|W1DFK3_KLEPN,0,0,0,0
tr|W1DFK7|W1DFK7_KLEPN,0,0,0,0
tr|W1DFK9|W1DFK9_KLEPN,0,0,0,0
tr|W1DFL0|W1DFL0_KLEPN,0,0,0,0
tr|W1DFL2|W1DFL2_KLEPN,0,0,0,0
tr|W1DFL3|W1DFL3_KLEPN,0,0,0,0
tr|W1DFL4|W1DFL4_KLEPN,0,0,0,0
tr|W1DFL5|W1DFL5_KLEPN,0,0,0,0
tr|W1DFL9|W1DFL9_KLEPN,0,0,0,0
tr|W1DFM0|W1DFM0_KLEPN,0,0,0,0
tr|W1DFM1|W1DFM1_KLEPN,1,0,0,0
tr|W1DFM5|W1DFM5_KLEPN,1,1,1,1
tr|W1DFM6|W1DFM6_KLEPN,0,0,0,0
tr|W1DFM8|W1DFM8_KLEPN,0,0,0,0
tr|W1DFN0|W1DFN0_KLEPN,0,0,0,0
tr|W1DFN1|W1DFN1_KLEPN,0,0,0,0
tr|W1DFN2|W1DFN2_KLEPN,0,0,0,0
tr|W1DFN6|W1DFN6_KLEPN,0,0,0,0
tr|W1DFN7|W1DFN7_KLEPN,0,0,0,0
tr|W1DFN8|W1DFN8_KLEPN,1,1,1,0
tr|W1DFP2|W1DFP2_KLEPN,0,0,0,0
tr|W1DFP4|W1DFP4_KLEPN,0,0,0,0
tr|W1DFP8|W1DFP8_KLEPN,0,0,0,0
tr|W1DFQ1|W1DFQ1_KLEPN,0,0,0,0
tr|W1DFQ3|W1DFQ3_KLEPN,0,0,0,0
tr|W1DFQ4|W1DFQ4_KLEPN,0,0,0,0
tr|W1DFQ5|W1DFQ5_KLEPN,0,0,0,0
tr|W1DFQ6|W1DFQ6_KLEPN,1,1,1,0
tr|W1DFQ8|W1DFQ8_KLEPN,0,0,0,0
tr|W1DFQ9|W1DFQ9_KLEPN,0,0,0,0
tr|W1DFR0|W1DFR0_KLEPN,0,0,0,0
tr|W1DFR1|W1DFR1_KLEPN,0,0,0,0
tr|W1DFR3|W1DFR3_KLEPN,0,0,0,0
tr|W1DFR4|W1DFR4_KLEPN,0,0,0,0
tr|W1DFR5|W1DFR5_KLEPN,0,0,0,0
tr|W1DFS1|W1DFS1_KLEPN,0,0,0,0
tr|W1DFS2|W1DFS2_KLEPN,0,0,0,0
tr|W1DFS4|W1DFS4_KLEPN,0,0,0,0
tr|W1DFS5|W1DFS5_KLEPN,0,0,0,0
tr|W1DFS6|W1DFS6_KLEPN,0,0,0,0
tr|W1DFS7|W1DFS7_KLEPN,0,0,0,0
tr|W1DFS8|W1DFS8_KLEPN,0,0,0,0
tr|W1DFT0|W1DFT0_KLEPN,1,1,1,1
tr|W1DFT1|W1DFT1_KLEPN,1,1,0,0
tr|W1DFT4|W1DFT4_KLEPN,0,0,0,0
tr|W1DFT5|W1DFT5_KLEPN,0,0,0,0
tr|W1DFT6|W1DFT6_KLEPN,0,0,0,0
tr|W1DFT7|W1DFT7_KLEPN,0,0,0,0
tr|W1DFT8|W1DFT8_KLEPN,0,0,0,0
tr|W1DFU0|W1DFU0_KLEPN,0,0,0,0
tr|W1DFU1|W1DFU1_KLEPN,0,0,0,0
tr|W1DFU3|W1DFU3_KLEPN,0,0,0,0
tr|W1DFU5|W1DFU5_KLEPN,0,0,0,0
tr|W1DFU6|W1DFU6_KLEPN,0,0,0,0
tr|W1DFU7|W1DFU7_KLEPN,0,0,0,0
tr|W1DFV0|W1DFV0_KLEPN,0,0,0,0
tr|W1DFV2|W1DFV2_KLEPN,0,0,0,0
tr|W1DFV3|W1DFV3_KLEPN,0,0,0,0
tr|W1DFV4|W1DFV4_KLEPN,0,0,0,0
tr|W1DFV5|W1DFV5_KLEPN,0,0,0,0
tr|W1DFV7|W1DFV7_KLEPN,0,0,0,0
tr|W1DFV8|W1DFV8_KLEPN,0,0,0,0
tr|W1DFW0|W1DFW0_KLEPN,0,0,0,0
tr|W1DFW3|W1DFW3_KLEPN,0,0,0,0
tr|W1DFW4|W1DFW4_KLEPN,0,0,0,0
tr|W1DFW5|W1DFW5_KLEPN,1,0,0,0
tr|W1DFX0|W1DFX0_KLEPN,0,0,0,0
tr|W1DFX1|W1DFX1_KLEPN,0,0,0,0
tr|W1DFX4|W1DFX4_KLEPN,0,0,0,0
tr|W1DFX5|W1DFX5_KLEPN,0,0,0,0
tr|W1DFX6|W1DFX6_KLEPN,0,0,0,0
tr|W1DFY0|W1DFY0_KLEPN,0,0,0,0
tr|W1DFY1|W1DFY1_KLEPN,0,0,0,0
tr|W1DFY2|W1DFY2_KLEPN,0,0,0,0
tr|W1DFY3|W1DFY3_KLEPN,0,0,0,0
tr|W1DFY4|W1DFY4_KLEPN,0,0,0,0
tr|W1DFY6|W1DFY6_KLEPN,0,0,0,0
tr|W1DFY7|W1DFY7_KLEPN,1,1,1,0
tr|W1DFY8|W1DFY8_KLEPN,0,0,0,0
tr|W1DFY9|W1DFY9_KLEPN,0,0,0,0
tr|W1DFZ1|W1DFZ1_KLEPN,0,0,0,0
tr|W1DFZ3|W1DFZ3_KLEPN,0,0,0,0
tr|W1DFZ4|W1DFZ4_KLEPN,0,0,0,0
tr|W1DFZ5|W1DFZ5_KLEPN,0,0,0,0
tr|W1DFZ8|W1DFZ8_KLEPN,0,0,0,0
tr|W1DFZ9|W1DFZ9_KLEPN,0,0,0,0
tr|W1DG00|W1DG00_KLEPN,0,0,0,0
tr|W1DG02|W1DG02_KLEPN,0,0,0,0
tr|W1DG03|W1DG03_KLEPN,0,0,0,0
tr|W1DG05|W1DG05_KLEPN,0,0,0,0
tr|W1DG06|W1DG06_KLEPN,0,0,0,0
tr|W1DG08|W1DG08_KLEPN,1,1,0,0
tr|W1DG09|W1DG09_KLEPN,0,0,0,0
tr|W1DG10|W1DG10_KLEPN,0,0,0,0
tr|W1DG11|W1DG11_KLEPN,0,0,0,0
tr|W1DG13|W1DG13_KLEPN,0,0,0,0
tr|W1DG15|W1DG15_KLEPN,0,0,0,0
tr|W1DG16|W1DG16_KLEPN,0,0,0,0
tr|W1DG19|W1DG19_KLEPN,0,0,0,0
tr|W1DG20|W1DG20_KLEPN,0,0,0,0
tr|W1DG23|W1DG23_KLEPN,0,0,0,0
tr|W1DG27|W1DG27_KLEPN,1,1,1,1
tr|W1DG28|W1DG28_KLEPN,1,1,1,0
tr|W1DG29|W1DG29_KLEPN,0,0,0,0
tr|W1DG30|W1DG30_KLEPN,0,0,0,0
tr|W1DG35|W1DG35_KLEPN,0,0,0,0
tr|W1DG36|W1DG36_KLEPN,0,0,0,0
tr|W1DG37|W1DG37_KLEPN,0,0,0,0
tr|W1DG39|W1DG39_KLEPN,0,0,0,0
tr|W1DG41|W1DG41_KLEPN,0,0,0,0
tr|W1DG43|W1DG43_KLEPN,0,0,0,0
tr|W1DG44|W1DG44_KLEPN,0,0,0,0
tr|W1DG46|W1DG46_KLEPN,0,0,0,0
tr|W1DG47|W1DG47_KLEPN,0,0,0,0
tr|W1DG48|W1DG48_KLEPN,0,0,0,0
tr|W1DG49|W1DG49_KLEPN,0,0,0,0
tr|W1DG51|W1DG51_KLEPN,0,0,0,0
tr|W1DG53|W1DG53_KLEPN,0,0,0,0
tr|W1DG57|W1DG57_KLEPN,1,1,0,0
tr|W1DG58|W1DG58_KLEPN,0,0,0,0
tr|W1DG60|W1DG60_KLEPN,0,0,0,0
tr|W1DG62|W1DG62_KLEPN,0,0,0,0
tr|W1DG63|W1DG63_KLEPN,0,0,0,0
tr|W1DG65|W1DG65_KLEPN,0,0,0,0
tr|W1DG66|W1DG66_KLEPN,0,0,0,0
tr|W1DG67|W1DG67_KLEPN,0,0,0,0
tr|W1DG68|W1DG68_KLEPN,1,0,0,0
tr|W1DG69|W1DG69_KLEPN,0,0,0,0
tr|W1DG70|W1DG70_KLEPN,0,0,0,0
tr|W1DG73|W1DG73_KLEPN,1,0,0,0
tr|W1DG74|W1DG74_KLEPN,0,0,0,0
tr|W1DG76|W1DG76_KLEPN,0,0,0,0
tr|W1DG78|W1DG78_KLEPN,0,0,0,0
tr|W1DG79|W1DG79_KLEPN,1,0,0,0
tr|W1DG80|W1DG80_KLEPN,0,0,0,0
tr|W1DG81|W1DG81_KLEPN,0,0,0,0
tr|W1DG83|W1DG83_KLEPN,0,0,0,0
tr|W1DG84|W1DG84_KLEPN,0,0,0,0
tr|W1DG86|W1DG86_KLEPN,0,0,0,0
tr|W1DG87|W1DG87_KLEPN,0,0,0,0
tr|W1DG89|W1DG89_KLEPN,0,0,0,0
tr|W1DG90|W1DG90_KLEPN,0,0,0,0
tr|W1DG91|W1DG91_KLEPN,0,0,0,0
tr|W1DG92|W1DG92_KLEPN,0,0,0,0
tr|W1DG96|W1DG96_KLEPN,0,0,0,0
tr|W1DG97|W1DG97_KLEPN,0,0,0,0
tr|W1DGA0|W1DGA0_KLEPN,0,0,0,0
tr|W1DGA2|W1DGA2_KLEPN,0,0,0,0
tr|W1DGA4|W1DGA4_KLEPN,0,0,0,0
tr|W1DGA6|W1DGA6_KLEPN,0,0,0,0
tr|W1DGA7|W1DGA7_KLEPN,0,0,0,0
tr|W1DGA8|W1DGA8_KLEPN,0,0,0,0
tr|W1DGA9|W1DGA9_KLEPN,0,0,0,0
tr|W1DGB0|W1DGB0_KLEPN,0,0,0,0
tr|W1DGB2|W1DGB2_KLEPN,1,1,1,0
tr|W1DGB4|W1DGB4_KLEPN,0,0,0,0
tr|W1DGB6|W1DGB6_KLEPN,0,0,0,0
tr|W1DGB7|W1DGB7_KLEPN,1,1,1,1
tr|W1DGB9|W1DGB9_KLEPN,0,0,0,0
tr|W1DGC0|W1DGC0_KLEPN,0,0,0,0
tr|W1DGC1|W1DGC1_KLEPN,0,0,0,0
tr|W1DGC2|W1DGC2_KLEPN,0,0,0,0
tr|W1DGC3|W1DGC3_KLEPN,0,0,0,0
tr|W1DGC4|W1DGC4_KLEPN,0,0,0,0
tr|W1DGC6|W1DGC6_KLEPN,0,0,0,0
tr|W1DGC7|W1DGC7_KLEPN,0,0,0,0
tr|W1DGC8|W1DGC8_KLEPN,0,0,0,0
tr|W1DGC9|W1DGC9_KLEPN,0,0,0,0
tr|W1DGD1|W1DGD1_KLEPN,0,0,0,0
tr|W1DGD2|W1DGD2_KLEPN,0,0,0,0
tr|W1DGD5|W1DGD5_KLEPN,0,0,0,0
tr|W1DGD7|W1DGD7_KLEPN,0,0,0,0
tr|W1DGD8|W1DGD8_KLEPN,0,0,0,0
tr|W1DGE0|W1DGE0_KLEPN,0,0,0,0
tr|W1DGE2|W1DGE2_KLEPN,1,1,1,0
tr|W1DGE3|W1DGE3_KLEPN,0,0,0,0
tr|W1DGE4|W1DGE4_KLEPN,0,0,0,0
tr|W1DGE6|W1DGE6_KLEPN,0,0,0,0
tr|W1DGE7|W1DGE7_KLEPN,0,0,0,0
tr|W1DGE8|W1DGE8_KLEPN,0,0,0,0
tr|W1DGE9|W1DGE9_KLEPN,0,0,0,0
tr|W1DGF1|W1DGF1_KLEPN,0,0,0,0
tr|W1DGF2|W1DGF2_KLEPN,0,0,0,0
tr|W1DGF4|W1DGF4_KLEPN,1,1,1,0
tr|W1DGF5|W1DGF5_KLEPN,0,0,0,0
tr|W1DGF6|W1DGF6_KLEPN,0,0,0,0
tr|W1DGF7|W1DGF7_KLEPN,0,0,0,0
tr|W1DGF8|W1DGF8_KLEPN,0,0,0,0
tr|W1DGF9|W1DGF9_KLEPN,1,1,1,1
tr|W1DGG0|W1DGG0_KLEPN,1,1,1,0
tr|W1DGG1|W1DGG1_KLEPN,0,0,0,0
tr|W1DGG2|W1DGG2_KLEPN,0,0,0,0
tr|W1DGG3|W1DGG3_KLEPN,1,0,0,0
tr|W1DGG4|W1DGG4_KLEPN,0,0,0,0
tr|W1DGG6|W1DGG6_KLEPN,0,0,0,0
tr|W1DGG7|W1DGG7_KLEPN,0,0,0,0
tr|W1DGG8|W1DGG8_KLEPN,0,0,0,0
tr|W1DGG9|W1DGG9_KLEPN,0,0,0,0
tr|W1DGH0|W1DGH0_KLEPN,0,0,0,0
tr|W1DGH2|W1DGH2_KLEPN,0,0,0,0
tr|W1DGH3|W1DGH3_KLEPN,0,0,0,0
tr|W1DGH4|W1DGH4_KLEPN,0,0,0,0
tr|W1DGH5|W1DGH5_KLEPN,0,0,0,0
tr|W1DGH6|W1DGH6_KLEPN,0,0,0,0
tr|W1DGH8|W1DGH8_KLEPN,0,0,0,0
tr|W1DGH9|W1DGH9_KLEPN,0,0,0,0
tr|W1DGI0|W1DGI0_KLEPN,0,0,0,0
tr|W1DGI1|W1DGI1_KLEPN,0,0,0,0
tr|W1DGI2|W1DGI2_KLEPN,0,0,0,0
tr|W1DGI3|W1DGI3_KLEPN,0,0,0,0
tr|W1DGI4|W1DGI4_KLEPN,0,0,0,0
tr|W1DGI5|W1DGI5_KLEPN,0,0,0,0
tr|W1DGI6|W1DGI6_KLEPN,0,0,0,0
tr|W1DGI7|W1DGI7_KLEPN,0,0,0,0
tr|W1DGI8|W1DGI8_KLEPN,0,0,0,0
tr|W1DGJ0|W1DGJ0_KLEPN,0,0,0,0
tr|W1DGJ2|W1DGJ2_KLEPN,0,0,0,0
tr|W1DGJ3|W1DGJ3_KLEPN,0,0,0,0
tr|W1DGJ5|W1DGJ5_KLEPN,0,0,0,0
tr|W1DGJ6|W1DGJ6_KLEPN,0,0,0,0
tr|W1DGJ8|W1DGJ8_KLEPN,0,0,0,0
tr|W1DGK0|W1DGK0_KLEPN,0,0,0,0
tr|W1DGK1|W1DGK1_KLEPN,0,0,0,0
tr|W1DGK2|W1DGK2_KLEPN,0,0,0,0
tr|W1DGK4|W1DGK4_KLEPN,0,0,0,0
tr|W1DGK5|W1DGK5_KLEPN,0,0,0,0
tr|W1DGK7|W1DGK7_KLEPN,0,0,0,0
tr|W1DGK8|W1DGK8_KLEPN,0,0,0,0
tr|W1DGK9|W1DGK9_KLEPN,0,0,0,0
tr|W1DGL0|W1DGL0_KLEPN,0,0,0,0
tr|W1DGL1|W1DGL1_KLEPN,0,0,0,0
tr|W1DGL3|W1DGL3_KLEPN,0,0,0,0
tr|W1DGL5|W1DGL5_KLEPN,0,0,0,0
tr|W1DGL6|W1DGL6_KLEPN,0,0,0,0
tr|W1DGM0|W1DGM0_KLEPN,0,0,0,0
tr|W1DGM2|W1DGM2_KLEPN,0,0,0,0
tr|W1DGM3|W1DGM3_KLEPN,0,0,0,0
tr|W1DGM4|W1DGM4_KLEPN,0,0,0,0
tr|W1DGM5|W1DGM5_KLEPN,0,0,0,0
tr|W1DGM6|W1DGM6_KLEPN,0,0,0,0
tr|W1DGM7|W1DGM7_KLEPN,0,0,0,0
tr|W1DGM9|W1DGM9_KLEPN,0,0,0,0
tr|W1DGN0|W1DGN0_KLEPN,0,0,0,0
tr|W1DGN1|W1DGN1_KLEPN,0,0,0,0
tr|W1DGN2|W1DGN2_KLEPN,0,0,0,0
tr|W1DGN3|W1DGN3_KLEPN,0,0,0,0
tr|W1DGN4|W1DGN4_KLEPN,0,0,0,0
tr|W1DGN5|W1DGN5_KLEPN,0,0,0,0
tr|W1DGN6|W1DGN6_KLEPN,0,0,0,0
tr|W1DGN8|W1DGN8_KLEPN,0,0,0,0
tr|W1DGP0|W1DGP0_KLEPN,0,0,0,0
tr|W1DGP2|W1DGP2_KLEPN,0,0,0,0
tr|W1DGP4|W1DGP4_KLEPN,0,0,0,0
tr|W1DGP6|W1DGP6_KLEPN,1,1,1,0
tr|W1DGP7|W1DGP7_KLEPN,0,0,0,0
tr|W1DGP8|W1DGP8_KLEPN,0,0,0,0
tr|W1DGP9|W1DGP9_KLEPN,0,0,0,0
tr|W1DGQ0|W1DGQ0_KLEPN,0,0,0,0
tr|W1DGQ1|W1DGQ1_KLEPN,0,0,0,0
tr|W1DGQ2|W1DGQ2_KLEPN,0,0,0,0
tr|W1DGQ3|W1DGQ3_KLEPN,0,0,0,0
tr|W1DGQ4|W1DGQ4_KLEPN,0,0,0,0
tr|W1DGQ5|W1DGQ5_KLEPN,0,0,0,0
tr|W1DGQ6|W1DGQ6_KLEPN,0,0,0,0
tr|W1DGQ7|W1DGQ7_KLEPN,0,0,0,0
tr|W1DGQ8|W1DGQ8_KLEPN,0,0,0,0
tr|W1DGQ9|W1DGQ9_KLEPN,1,1,1,0
tr|W1DGR0|W1DGR0_KLEPN,0,0,0,0
tr|W1DGR1|W1DGR1_KLEPN,0,0,0,0
tr|W1DGR2|W1DGR2_KLEPN,0,0,0,0
tr|W1DGR3|W1DGR3_KLEPN,0,0,0,0
tr|W1DGR4|W1DGR4_KLEPN,0,0,0,0
tr|W1DGR5|W1DGR5_KLEPN,0,0,0,0
tr|W1DGR6|W1DGR6_KLEPN,0,0,0,0
tr|W1DGR7|W1DGR7_KLEPN,0,0,0,0
tr|W1DGR9|W1DGR9_KLEPN,1,1,1,0
tr|W1DGS1|W1DGS1_KLEPN,0,0,0,0
tr|W1DGS2|W1DGS2_KLEPN,0,0,0,0
tr|W1DGS3|W1DGS3_KLEPN,0,0,0,0
tr|W1DGS4|W1DGS4_KLEPN,0,0,0,0
tr|W1DGS5|W1DGS5_KLEPN,0,0,0,0
tr|W1DGS6|W1DGS6_KLEPN,0,0,0,0
tr|W1DGS8|W1DGS8_KLEPN,0,0,0,0
tr|W1DGS9|W1DGS9_KLEPN,0,0,0,0
tr|W1DGT0|W1DGT0_KLEPN,0,0,0,0
tr|W1DGT2|W1DGT2_KLEPN,0,0,0,0
tr|W1DGT3|W1DGT3_KLEPN,0,0,0,0
tr|W1DGT5|W1DGT5_KLEPN,0,0,0,0
tr|W1DGT6|W1DGT6_KLEPN,0,0,0,0
tr|W1DGT7|W1DGT7_KLEPN,0,0,0,0
tr|W1DGT8|W1DGT8_KLEPN,0,0,0,0
tr|W1DGT9|W1DGT9_KLEPN,0,0,0,0
tr|W1DGU0|W1DGU0_KLEPN,0,0,0,0
tr|W1DGU1|W1DGU1_KLEPN,0,0,0,0
tr|W1DGU2|W1DGU2_KLEPN,1,1,0,0
tr|W1DGU3|W1DGU3_KLEPN,0,0,0,0
tr|W1DGU4|W1DGU4_KLEPN,0,0,0,0
tr|W1DGU5|W1DGU5_KLEPN,0,0,0,0
tr|W1DGU6|W1DGU6_KLEPN,0,0,0,0
tr|W1DGU7|W1DGU7_KLEPN,0,0,0,0
tr|W1DGU8|W1DGU8_KLEPN,0,0,0,0
tr|W1DGV0|W1DGV0_KLEPN,0,0,0,0
tr|W1DGV2|W1DGV2_KLEPN,0,0,0,0
tr|W1DGV3|W1DGV3_KLEPN,0,0,0,0
tr|W1DGV4|W1DGV4_KLEPN,0,0,0,0
tr|W1DGV5|W1DGV5_KLEPN,0,0,0,0
tr|W1DGV6|W1DGV6_KLEPN,1,1,1,0
tr|W1DGV7|W1DGV7_KLEPN,0,0,0,0
tr|W1DGV8|W1DGV8_KLEPN,0,0,0,0
tr|W1DGV9|W1DGV9_KLEPN,0,0,0,0
tr|W1DGW0|W1DGW0_KLEPN,0,0,0,0
tr|W1DGW1|W1DGW1_KLEPN,0,0,0,0
tr|W1DGW3|W1DGW3_KLEPN,0,0,0,0
tr|W1DGW4|W1DGW4_KLEPN,0,0,0,0
tr|W1DGW7|W1DGW7_KLEPN,0,0,0,0
tr|W1DGW8|W1DGW8_KLEPN,0,0,0,0
tr|W1DGW9|W1DGW9_KLEPN,0,0,0,0
tr|W1DGX0|W1DGX0_KLEPN,0,0,0,0
tr|W1DGX1|W1DGX1_KLEPN,0,0,0,0
tr|W1DGX2|W1DGX2_KLEPN,0,0,0,0
tr|W1DGX3|W1DGX3_KLEPN,0,0,0,0
tr|W1DGX4|W1DGX4_KLEPN,0,0,0,0
tr|W1DGX5|W1DGX5_KLEPN,1,1,1,0
tr|W1DGX7|W1DGX7_KLEPN,0,0,0,0
tr|W1DGX8|W1DGX8_KLEPN,1,1,1,1
tr|W1DGX9|W1DGX9_KLEPN,0,0,0,0
tr|W1DGY0|W1DGY0_KLEPN,0,0,0,0
tr|W1DGY1|W1DGY1_KLEPN,0,0,0,0
tr|W1DGY2|W1DGY2_KLEPN,0,0,0,0
tr|W1DGY3|W1DGY3_KLEPN,0,0,0,0
tr|W1DGY5|W1DGY5_KLEPN,0,0,0,0
tr|W1DGY6|W1DGY6_KLEPN,0,0,0,0
tr|W1DGY7|W1DGY7_KLEPN,0,0,0,0
tr|W1DGZ1|W1DGZ1_KLEPN,0,0,0,0
tr|W1DGZ3|W1DGZ3_KLEPN,0,0,0,0
tr|W1DGZ4|W1DGZ4_KLEPN,0,0,0,0
tr|W1DGZ5|W1DGZ5_KLEPN,0,0,0,0
tr|W1DGZ6|W1DGZ6_KLEPN,0,0,0,0
tr|W1DGZ8|W1DGZ8_KLEPN,0,0,0,0
tr|W1DH00|W1DH00_KLEPN,0,0,0,0
tr|W1DH02|W1DH02_KLEPN,0,0,0,0
tr|W1DH03|W1DH03_KLEPN,0,0,0,0
tr|W1DH04|W1DH04_KLEPN,0,0,0,0
tr|W1DH05|W1DH05_KLEPN,0,0,0,0
tr|W1DH06|W1DH06_KLEPN,0,0,0,0
tr|W1DH07|W1DH07_KLEPN,0,0,0,0
tr|W1DH08|W1DH08_KLEPN,0,0,0,0
tr|W1DH09|W1DH09_KLEPN,0,0,0,0
tr|W1DH10|W1DH10_KLEPN,0,0,0,0
tr|W1DH11|W1DH11_KLEPN,0,0,0,0
tr|W1DH12|W1DH12_KLEPN,0,0,0,0
tr|W1DH13|W1DH13_KLEPN,1,1,1,0
tr|W1DH14|W1DH14_KLEPN,0,0,0,0
tr|W1DH15|W1DH15_KLEPN,0,0,0,0
tr|W1DH16|W1DH16_KLEPN,0,0,0,0
tr|W1DH18|W1DH18_KLEPN,0,0,0,0
tr|W1DH19|W1DH19_KLEPN,0,0,0,0
tr|W1DH21|W1DH21_KLEPN,0,0,0,0
tr|W1DH22|W1DH22_KLEPN,0,0,0,0
tr|W1DH23|W1DH23_KLEPN,0,0,0,0
tr|W1DH24|W1DH24_KLEPN,0,0,0,0
tr|W1DH25|W1DH25_KLEPN,0,0,0,0
tr|W1DH26|W1DH26_KLEPN,0,0,0,0
tr|W1DH27|W1DH27_KLEPN,0,0,0,0
tr|W1DH28|W1DH28_KLEPN,0,0,0,0
tr|W1DH30|W1DH30_KLEPN,0,0,0,0
tr|W1DH31|W1DH31_KLEPN,0,0,0,0
tr|W1DH32|W1DH32_KLEPN,0,0,0,0
tr|W1DH34|W1DH34_KLEPN,0,0,0,0
tr|W1DH35|W1DH35_KLEPN,0,0,0,0
tr|W1DH36|W1DH36_KLEPN,1,1,1,0
tr|W1DH37|W1DH37_KLEPN,0,0,0,0
tr|W1DH38|W1DH38_KLEPN,0,0,0,0
tr|W1DH39|W1DH39_KLEPN,0,0,0,0
tr|W1DH40|W1DH40_KLEPN,0,0,0,0
tr|W1DH42|W1DH42_KLEPN,0,0,0,0
tr|W1DH43|W1DH43_KLEPN,0,0,0,0
tr|W1DH44|W1DH44_KLEPN,0,0,0,0
tr|W1DH45|W1DH45_KLEPN,0,0,0,0
tr|W1DH46|W1DH46_KLEPN,0,0,0,0
tr|W1DH47|W1DH47_KLEPN,0,0,0,0
tr|W1DH49|W1DH49_KLEPN,0,0,0,0
tr|W1DH50|W1DH50_KLEPN,0,0,0,0
tr|W1DH51|W1DH51_KLEPN,0,0,0,0
tr|W1DH52|W1DH52_KLEPN,0,0,0,0
tr|W1DH53|W1DH53_KLEPN,0,0,0,0
tr|W1DH54|W1DH54_KLEPN,0,0,0,0
tr|W1DH55|W1DH55_KLEPN,0,0,0,0
tr|W1DH56|W1DH56_KLEPN,0,0,0,0
tr|W1DH57|W1DH57_KLEPN,0,0,0,0
tr|W1DH58|W1DH58_KLEPN,1,1,1,1
tr|W1DH59|W1DH59_KLEPN,0,0,0,0
tr|W1DH61|W1DH61_KLEPN,0,0,0,0
tr|W1DH62|W1DH62_KLEPN,0,0,0,0
tr|W1DH63|W1DH63_KLEPN,0,0,0,0
tr|W1DH64|W1DH64_KLEPN,1,0,0,0
tr|W1DH65|W1DH65_KLEPN,0,0,0,0
tr|W1DH66|W1DH66_KLEPN,0,0,0,0
tr|W1DH67|W1DH67_KLEPN,0,0,0,0
tr|W1DH69|W1DH69_KLEPN,0,0,0,0
tr|W1DH70|W1DH70_KLEPN,0,0,0,0
tr|W1DH71|W1DH71_KLEPN,0,0,0,0
tr|W1DH73|W1DH73_KLEPN,0,0,0,0
tr|W1DH74|W1DH74_KLEPN,0,0,0,0
tr|W1DH76|W1DH76_KLEPN,0,0,0,0
tr|W1DH79|W1DH79_KLEPN,0,0,0,0
tr|W1DH80|W1DH80_KLEPN,0,0,0,0
tr|W1DH81|W1DH81_KLEPN,0,0,0,0
tr|W1DH82|W1DH82_KLEPN,0,0,0,0
tr|W1DH83|W1DH83_KLEPN,0,0,0,0
tr|W1DH84|W1DH84_KLEPN,1,1,1,0
tr|W1DH85|W1DH85_KLEPN,0,0,0,0
tr|W1DH86|W1DH86_KLEPN,0,0,0,0
tr|W1DH87|W1DH87_KLEPN,0,0,0,0
tr|W1DH88|W1DH88_KLEPN,0,0,0,0
tr|W1DH89|W1DH89_KLEPN,0,0,0,0
tr|W1DH91|W1DH91_KLEPN,0,0,0,0
tr|W1DH92|W1DH92_KLEPN,0,0,0,0
tr|W1DH93|W1DH93_KLEPN,0,0,0,0
tr|W1DH94|W1DH94_KLEPN,0,0,0,0
tr|W1DH95|W1DH95_KLEPN,0,0,0,0
tr|W1DH97|W1DH97_KLEPN,0,0,0,0
tr|W1DH99|W1DH99_KLEPN,0,0,0,0
tr|W1DHA0|W1DHA0_KLEPN,0,0,0,0
tr|W1DHA3|W1DHA3_KLEPN,0,0,0,0
tr|W1DHA4|W1DHA4_KLEPN,0,0,0,0
tr|W1DHA5|W1DHA5_KLEPN,0,0,0,0
tr|W1DHA8|W1DHA8_KLEPN,0,0,0,0
tr|W1DHA9|W1DHA9_KLEPN,0,0,0,0
tr|W1DHB0|W1DHB0_KLEPN,1,1,1,0
tr|W1DHB3|W1DHB3_KLEPN,0,0,0,0
tr|W1DHB5|W1DHB5_KLEPN,0,0,0,0
tr|W1DHB8|W1DHB8_KLEPN,1,1,1,0
tr|W1DHB9|W1DHB9_KLEPN,1,1,1,0
tr|W1DHC2|W1DHC2_KLEPN,0,0,0,0
tr|W1DHC4|W1DHC4_KLEPN,0,0,0,0
tr|W1DHC6|W1DHC6_KLEPN,0,0,0,0
tr|W1DHC9|W1DHC9_KLEPN,0,0,0,0
tr|W1DHD0|W1DHD0_KLEPN,1,1,1,0
tr|W1DHD1|W1DHD1_KLEPN,0,0,0,0
tr|W1DHD3|W1DHD3_KLEPN,0,0,0,0
tr|W1DHD4|W1DHD4_KLEPN,0,0,0,0
tr|W1DHD5|W1DHD5_KLEPN,0,0,0,0
tr|W1DHD6|W1DHD6_KLEPN,0,0,0,0
tr|W1DHD7|W1DHD7_KLEPN,0,0,0,0
tr|W1DHD8|W1DHD8_KLEPN,0,0,0,0
tr|W1DHE1|W1DHE1_KLEPN,0,0,0,0
tr|W1DHE2|W1DHE2_KLEPN,0,0,0,0
tr|W1DHE3|W1DHE3_KLEPN,0,0,0,0
tr|W1DHE4|W1DHE4_KLEPN,0,0,0,0
tr|W1DHE6|W1DHE6_KLEPN,0,0,0,0
tr|W1DHE7|W1DHE7_KLEPN,0,0,0,0
tr|W1DHE8|W1DHE8_KLEPN,0,0,0,0
tr|W1DHE9|W1DHE9_KLEPN,0,0,0,0
tr|W1DHF1|W1DHF1_KLEPN,0,0,0,0
tr|W1DHF5|W1DHF5_KLEPN,0,0,0,0
tr|W1DHF8|W1DHF8_KLEPN,0,0,0,0
tr|W1DHF9|W1DHF9_KLEPN,0,0,0,0
tr|W1DHG0|W1DHG0_KLEPN,0,0,0,0
tr|W1DHG1|W1DHG1_KLEPN,0,0,0,0
tr|W1DHG3|W1DHG3_KLEPN,0,0,0,0
tr|W1DHG5|W1DHG5_KLEPN,0,0,0,0
tr|W1DHG6|W1DHG6_KLEPN,0,0,0,0
tr|W1DHG7|W1DHG7_KLEPN,0,0,0,0
tr|W1DHG8|W1DHG8_KLEPN,0,0,0,0
tr|W1DHH0|W1DHH0_KLEPN,0,0,0,0
tr|W1DHH1|W1DHH1_KLEPN,0,0,0,0
tr|W1DHH2|W1DHH2_KLEPN,0,0,0,0
tr|W1DHH3|W1DHH3_KLEPN,0,0,0,0
tr|W1DHH4|W1DHH4_KLEPN,0,0,0,0
tr|W1DHH5|W1DHH5_KLEPN,0,0,0,0
tr|W1DHH7|W1DHH7_KLEPN,0,0,0,0
tr|W1DHH8|W1DHH8_KLEPN,0,0,0,0
tr|W1DHH9|W1DHH9_KLEPN,1,1,1,0
tr|W1DHI0|W1DHI0_KLEPN,0,0,0,0
tr|W1DHI2|W1DHI2_KLEPN,0,0,0,0
tr|W1DHI3|W1DHI3_KLEPN,0,0,0,0
tr|W1DHI5|W1DHI5_KLEPN,0,0,0,0
tr|W1DHI6|W1DHI6_KLEPN,0,0,0,0
tr|W1DHI8|W1DHI8_KLEPN,0,0,0,0
tr|W1DHI9|W1DHI9_KLEPN,0,0,0,0
tr|W1DHJ0|W1DHJ0_KLEPN,0,0,0,0
tr|W1DHJ1|W1DHJ1_KLEPN,0,0,0,0
tr|W1DHJ2|W1DHJ2_KLEPN,0,0,0,0
tr|W1DHJ3|W1DHJ3_KLEPN,0,0,0,0
tr|W1DHJ4|W1DHJ4_KLEPN,0,0,0,0
tr|W1DHJ5|W1DHJ5_KLEPN,0,0,0,0
tr|W1DHJ6|W1DHJ6_KLEPN,0,0,0,0
tr|W1DHJ7|W1DHJ7_KLEPN,0,0,0,0
tr|W1DHJ8|W1DHJ8_KLEPN,0,0,0,0
tr|W1DHJ9|W1DHJ9_KLEPN,0,0,0,0
tr|W1DHK0|W1DHK0_KLEPN,1,1,1,0
tr|W1DHK1|W1DHK1_KLEPN,0,0,0,0
tr|W1DHK2|W1DHK2_KLEPN,0,0,0,0
tr|W1DHK3|W1DHK3_KLEPN,0,0,0,0
tr|W1DHK4|W1DHK4_KLEPN,1,1,1,0
tr|W1DHK5|W1DHK5_KLEPN,0,0,0,0
tr|W1DHK6|W1DHK6_KLEPN,0,0,0,0
tr|W1DHK8|W1DHK8_KLEPN,0,0,0,0
tr|W1DHK9|W1DHK9_KLEPN,0,0,0,0
tr|W1DHL0|W1DHL0_KLEPN,0,0,0,0
tr|W1DHL1|W1DHL1_KLEPN,0,0,0,0
tr|W1DHL2|W1DHL2_KLEPN,0,0,0,0
tr|W1DHL3|W1DHL3_KLEPN,0,0,0,0
tr|W1DHL4|W1DHL4_KLEPN,0,0,0,0
tr|W1DHL5|W1DHL5_KLEPN,0,0,0,0
tr|W1DHL6|W1DHL6_KLEPN,0,0,0,0
tr|W1DHL8|W1DHL8_KLEPN,0,0,0,0
tr|W1DHL9|W1DHL9_KLEPN,0,0,0,0
tr|W1DHM1|W1DHM1_KLEPN,0,0,0,0
tr|W1DHM2|W1DHM2_KLEPN,0,0,0,0
tr|W1DHM5|W1DHM5_KLEPN,0,0,0,0
tr|W1DHM6|W1DHM6_KLEPN,0,0,0,0
tr|W1DHM7|W1DHM7_KLEPN,0,0,0,0
tr|W1DHN3|W1DHN3_KLEPN,0,0,0,0
tr|W1DHN4|W1DHN4_KLEPN,0,0,0,0
tr|W1DHN5|W1DHN5_KLEPN,0,0,0,0
tr|W1DHN7|W1DHN7_KLEPN,1,1,0,0
tr|W1DHN8|W1DHN8_KLEPN,0,0,0,0
tr|W1DHN9|W1DHN9_KLEPN,0,0,0,0
tr|W1DHP0|W1DHP0_KLEPN,0,0,0,0
tr|W1DHP2|W1DHP2_KLEPN,0,0,0,0
tr|W1DHP6|W1DHP6_KLEPN,0,0,0,0
tr|W1DHP7|W1DHP7_KLEPN,0,0,0,0
tr|W1DHP9|W1DHP9_KLEPN,0,0,0,0
tr|W1DHQ0|W1DHQ0_KLEPN,0,0,0,0
tr|W1DHQ2|W1DHQ2_KLEPN,0,0,0,0
tr|W1DHQ3|W1DHQ3_KLEPN,0,0,0,0
tr|W1DHQ4|W1DHQ4_KLEPN,0,0,0,0
tr|W1DHQ5|W1DHQ5_KLEPN,0,0,0,0
tr|W1DHQ6|W1DHQ6_KLEPN,0,0,0,0
tr|W1DHQ7|W1DHQ7_KLEPN,0,0,0,0
tr|W1DHQ8|W1DHQ8_KLEPN,0,0,0,0
tr|W1DHQ9|W1DHQ9_KLEPN,0,0,0,0
tr|W1DHR0|W1DHR0_KLEPN,0,0,0,0
tr|W1DHR1|W1DHR1_KLEPN,0,0,0,0
tr|W1DHR2|W1DHR2_KLEPN,0,0,0,0
tr|W1DHR3|W1DHR3_KLEPN,0,0,0,0
tr|W1DHR4|W1DHR4_KLEPN,0,0,0,0
tr|W1DHR5|W1DHR5_KLEPN,0,0,0,0
tr|W1DHR7|W1DHR7_KLEPN,0,0,0,0
tr|W1DHR8|W1DHR8_KLEPN,0,0,0,0
tr|W1DHR9|W1DHR9_KLEPN,0,0,0,0
tr|W1DHS1|W1DHS1_KLEPN,0,0,0,0
tr|W1DHS5|W1DHS5_KLEPN,0,0,0,0
tr|W1DHS6|W1DHS6_KLEPN,0,0,0,0
tr|W1DHT1|W1DHT1_KLEPN,0,0,0,0
tr|W1DHT5|W1DHT5_KLEPN,0,0,0,0
tr|W1DHT6|W1DHT6_KLEPN,0,0,0,0
tr|W1DHT8|W1DHT8_KLEPN,0,0,0,0
tr|W1DHT9|W1DHT9_KLEPN,0,0,0,0
tr|W1DHU0|W1DHU0_KLEPN,0,0,0,0
tr|W1DHU1|W1DHU1_KLEPN,0,0,0,0
tr|W1DHU2|W1DHU2_KLEPN,0,0,0,0
tr|W1DHU3|W1DHU3_KLEPN,0,0,0,0
tr|W1DHU4|W1DHU4_KLEPN,0,0,0,0
tr|W1DHU6|W1DHU6_KLEPN,0,0,0,0
tr|W1DHU7|W1DHU7_KLEPN,1,0,0,0
tr|W1DHU8|W1DHU8_KLEPN,0,0,0,0
tr|W1DHU9|W1DHU9_KLEPN,0,0,0,0
tr|W1DHV1|W1DHV1_KLEPN,0,0,0,0
tr|W1DHV2|W1DHV2_KLEPN,0,0,0,0
tr|W1DHV5|W1DHV5_KLEPN,0,0,0,0
tr|W1DHV6|W1DHV6_KLEPN,0,0,0,0
tr|W1DHV8|W1DHV8_KLEPN,0,0,0,0
tr|W1DHV9|W1DHV9_KLEPN,0,0,0,0
tr|W1DHW0|W1DHW0_KLEPN,0,0,0,0
tr|W1DHW1|W1DHW1_KLEPN,0,0,0,0
tr|W1DHW2|W1DHW2_KLEPN,0,0,0,0
tr|W1DHW3|W1DHW3_KLEPN,0,0,0,0
tr|W1DHW4|W1DHW4_KLEPN,0,0,0,0
tr|W1DHW5|W1DHW5_KLEPN,0,0,0,0
tr|W1DHW7|W1DHW7_KLEPN,0,0,0,0
tr|W1DHW8|W1DHW8_KLEPN,0,0,0,0
tr|W1DHW9|W1DHW9_KLEPN,0,0,0,0
tr|W1DHX0|W1DHX0_KLEPN,0,0,0,0
tr|W1DHX3|W1DHX3_KLEPN,0,0,0,0
tr|W1DHX4|W1DHX4_KLEPN,0,0,0,0
tr|W1DHX7|W1DHX7_KLEPN,0,0,0,0
tr|W1DHX8|W1DHX8_KLEPN,0,0,0,0
tr|W1DHX9|W1DHX9_KLEPN,0,0,0,0
tr|W1DHY0|W1DHY0_KLEPN,0,0,0,0
tr|W1DHY1|W1DHY1_KLEPN,0,0,0,0
tr|W1DHY2|W1DHY2_KLEPN,0,0,0,0
tr|W1DHY3|W1DHY3_KLEPN,0,0,0,0
tr|W1DHY4|W1DHY4_KLEPN,0,0,0,0
tr|W1DHY6|W1DHY6_KLEPN,0,0,0,0
tr|W1DHY7|W1DHY7_KLEPN,0,0,0,0
tr|W1DHY8|W1DHY8_KLEPN,0,0,0,0
tr|W1DHY9|W1DHY9_KLEPN,0,0,0,0
tr|W1DHZ0|W1DHZ0_KLEPN,0,0,0,0
tr|W1DHZ2|W1DHZ2_KLEPN,0,0,0,0
tr|W1DHZ3|W1DHZ3_KLEPN,0,0,0,0
tr|W1DHZ4|W1DHZ4_KLEPN,0,0,0,0
tr|W1DHZ5|W1DHZ5_KLEPN,1,1,1,0
tr|W1DHZ6|W1DHZ6_KLEPN,0,0,0,0
tr|W1DHZ7|W1DHZ7_KLEPN,0,0,0,0
tr|W1DHZ8|W1DHZ8_KLEPN,0,0,0,0
tr|W1DHZ9|W1DHZ9_KLEPN,0,0,0,0
tr|W1DI00|W1DI00_KLEPN,0,0,0,0
tr|W1DI01|W1DI01_KLEPN,0,0,0,0
tr|W1DI03|W1DI03_KLEPN,0,0,0,0
tr|W1DI04|W1DI04_KLEPN,0,0,0,0
tr|W1DI05|W1DI05_KLEPN,0,0,0,0
tr|W1DI06|W1DI06_KLEPN,0,0,0,0
tr|W1DI07|W1DI07_KLEPN,0,0,0,0
tr|W1DI08|W1DI08_KLEPN,0,0,0,0
tr|W1DI09|W1DI09_KLEPN,0,0,0,0
tr|W1DI10|W1DI10_KLEPN,0,0,0,0
tr|W1DI11|W1DI11_KLEPN,0,0,0,0
tr|W1DI12|W1DI12_KLEPN,0,0,0,0
tr|W1DI13|W1DI13_KLEPN,0,0,0,0
tr|W1DI14|W1DI14_KLEPN,0,0,0,0
tr|W1DI15|W1DI15_KLEPN,1,1,0,0
tr|W1DI16|W1DI16_KLEPN,0,0,0,0
tr|W1DI17|W1DI17_KLEPN,0,0,0,0
tr|W1DI18|W1DI18_KLEPN,0,0,0,0
tr|W1DI19|W1DI19_KLEPN,0,0,0,0
tr|W1DI20|W1DI20_KLEPN,1,1,0,0
tr|W1DI21|W1DI21_KLEPN,0,0,0,0
tr|W1DI23|W1DI23_KLEPN,0,0,0,0
tr|W1DI24|W1DI24_KLEPN,0,0,0,0
tr|W1DI26|W1DI26_KLEPN,0,0,0,0
tr|W1DI27|W1DI27_KLEPN,1,1,1,0
tr|W1DI28|W1DI28_KLEPN,0,0,0,0
tr|W1DI29|W1DI29_KLEPN,0,0,0,0
tr|W1DI30|W1DI30_KLEPN,0,0,0,0
tr|W1DI32|W1DI32_KLEPN,0,0,0,0
tr|W1DI33|W1DI33_KLEPN,0,0,0,0
tr|W1DI36|W1DI36_KLEPN,0,0,0,0
tr|W1DI37|W1DI37_KLEPN,0,0,0,0
tr|W1DI40|W1DI40_KLEPN,0,0,0,0
tr|W1DI43|W1DI43_KLEPN,0,0,0,0
tr|W1DI44|W1DI44_KLEPN,0,0,0,0
tr|W1DI45|W1DI45_KLEPN,0,0,0,0
tr|W1DI46|W1DI46_KLEPN,0,0,0,0
tr|W1DI47|W1DI47_KLEPN,0,0,0,0
tr|W1DI48|W1DI48_KLEPN,0,0,0,0
tr|W1DI49|W1DI49_KLEPN,0,0,0,0
tr|W1DI51|W1DI51_KLEPN,0,0,0,0
tr|W1DI52|W1DI52_KLEPN,0,0,0,0
tr|W1DI54|W1DI54_KLEPN,0,0,0,0
tr|W1DI55|W1DI55_KLEPN,0,0,0,0
tr|W1DI56|W1DI56_KLEPN,0,0,0,0
tr|W1DI57|W1DI57_KLEPN,0,0,0,0
tr|W1DI58|W1DI58_KLEPN,0,0,0,0
tr|W1DI59|W1DI59_KLEPN,0,0,0,0
tr|W1DI62|W1DI62_KLEPN,0,0,0,0
tr|W1DI65|W1DI65_KLEPN,0,0,0,0
tr|W1DI67|W1DI67_KLEPN,0,0,0,0
tr|W1DI69|W1DI69_KLEPN,0,0,0,0
tr|W1DI70|W1DI70_KLEPN,0,0,0,0
tr|W1DI71|W1DI71_KLEPN,0,0,0,0
tr|W1DI72|W1DI72_KLEPN,0,0,0,0
tr|W1DI73|W1DI73_KLEPN,0,0,0,0
tr|W1DI74|W1DI74_KLEPN,0,0,0,0
tr|W1DI76|W1DI76_KLEPN,0,0,0,0
tr|W1DI77|W1DI77_KLEPN,0,0,0,0
tr|W1DI79|W1DI79_KLEPN,0,0,0,0
tr|W1DI80|W1DI80_KLEPN,0,0,0,0
tr|W1DI81|W1DI81_KLEPN,0,0,0,0
tr|W1DI83|W1DI83_KLEPN,0,0,0,0
tr|W1DI84|W1DI84_KLEPN,0,0,0,0
tr|W1DI85|W1DI85_KLEPN,0,0,0,0
tr|W1DI86|W1DI86_KLEPN,0,0,0,0
tr|W1DI87|W1DI87_KLEPN,0,0,0,0
tr|W1DI88|W1DI88_KLEPN,0,0,0,0
tr|W1DI89|W1DI89_KLEPN,0,0,0,0
tr|W1DI90|W1DI90_KLEPN,0,0,0,0
tr|W1DI92|W1DI92_KLEPN,0,0,0,0
tr|W1DI93|W1DI93_KLEPN,0,0,0,0
tr|W1DI95|W1DI95_KLEPN,0,0,0,0
tr|W1DI96|W1DI96_KLEPN,0,0,0,0
tr|W1DI99|W1DI99_KLEPN,0,0,0,0
tr|W1DIA0|W1DIA0_KLEPN,0,0,0,0
tr|W1DIA1|W1DIA1_KLEPN,0,0,0,0
tr|W1DIA3|W1DIA3_KLEPN,0,0,0,0
tr|W1DIA4|W1DIA4_KLEPN,0,0,0,0
tr|W1DIA5|W1DIA5_KLEPN,0,0,0,0
tr|W1DIA7|W1DIA7_KLEPN,0,0,0,0
tr|W1DIA8|W1DIA8_KLEPN,0,0,0,0
tr|W1DIA9|W1DIA9_KLEPN,0,0,0,0
tr|W1DIB0|W1DIB0_KLEPN,0,0,0,0
tr|W1DIB1|W1DIB1_KLEPN,0,0,0,0
tr|W1DIB4|W1DIB4_KLEPN,0,0,0,0
tr|W1DIB6|W1DIB6_KLEPN,0,0,0,0
tr|W1DIB8|W1DIB8_KLEPN,1,1,1,0
tr|W1DIC0|W1DIC0_KLEPN,0,0,0,0
tr|W1DIC1|W1DIC1_KLEPN,0,0,0,0
tr|W1DIC2|W1DIC2_KLEPN,0,0,0,0
tr|W1DIC3|W1DIC3_KLEPN,0,0,0,0
tr|W1DIC4|W1DIC4_KLEPN,0,0,0,0
tr|W1DIC5|W1DIC5_KLEPN,1,1,0,0
tr|W1DIC6|W1DIC6_KLEPN,0,0,0,0
tr|W1DIC7|W1DIC7_KLEPN,0,0,0,0
tr|W1DIC9|W1DIC9_KLEPN,0,0,0,0
tr|W1DID2|W1DID2_KLEPN,0,0,0,0
tr|W1DID4|W1DID4_KLEPN,0,0,0,0
tr|W1DID5|W1DID5_KLEPN,0,0,0,0
tr|W1DID7|W1DID7_KLEPN,0,0,0,0
tr|W1DID8|W1DID8_KLEPN,0,0,0,0
tr|W1DID9|W1DID9_KLEPN,0,0,0,0
tr|W1DIE0|W1DIE0_KLEPN,0,0,0,0
tr|W1DIE1|W1DIE1_KLEPN,0,0,0,0
tr|W1DIE3|W1DIE3_KLEPN,0,0,0,0
tr|W1DIE4|W1DIE4_KLEPN,0,0,0,0
tr|W1DIE5|W1DIE5_KLEPN,0,0,0,0
tr|W1DIE6|W1DIE6_KLEPN,0,0,0,0
tr|W1DIE7|W1DIE7_KLEPN,0,0,0,0
tr|W1DIE8|W1DIE8_KLEPN,0,0,0,0
tr|W1DIF1|W1DIF1_KLEPN,0,0,0,0
tr|W1DIF2|W1DIF2_KLEPN,0,0,0,0
tr|W1DIF4|W1DIF4_KLEPN,0,0,0,0
tr|W1DIF5|W1DIF5_KLEPN,0,0,0,0
tr|W1DIF6|W1DIF6_KLEPN,0,0,0,0
tr|W1DIF7|W1DIF7_KLEPN,0,0,0,0
tr|W1DIF8|W1DIF8_KLEPN,0,0,0,0
tr|W1DIG0|W1DIG0_KLEPN,1,1,1,0
tr|W1DIG1|W1DIG1_KLEPN,0,0,0,0
tr|W1DIG2|W1DIG2_KLEPN,0,0,0,0
tr|W1DIG3|W1DIG3_KLEPN,0,0,0,0
tr|W1DIG5|W1DIG5_KLEPN,0,0,0,0
tr|W1DIG7|W1DIG7_KLEPN,0,0,0,0
tr|W1DIG8|W1DIG8_KLEPN,0,0,0,0
tr|W1DIG9|W1DIG9_KLEPN,0,0,0,0
tr|W1DIH0|W1DIH0_KLEPN,0,0,0,0
tr|W1DIH1|W1DIH1_KLEPN,0,0,0,0
tr|W1DIH4|W1DIH4_KLEPN,0,0,0,0
tr|W1DIH5|W1DIH5_KLEPN,0,0,0,0
tr|W1DIH8|W1DIH8_KLEPN,0,0,0,0
tr|W1DIH9|W1DIH9_KLEPN,0,0,0,0
tr|W1DII0|W1DII0_KLEPN,1,1,1,0
tr|W1DII1|W1DII1_KLEPN,0,0,0,0
tr|W1DII2|W1DII2_KLEPN,0,0,0,0
tr|W1DII3|W1DII3_KLEPN,0,0,0,0
tr|W1DII5|W1DII5_KLEPN,0,0,0,0
tr|W1DII8|W1DII8_KLEPN,0,0,0,0
tr|W1DII9|W1DII9_KLEPN,0,0,0,0
tr|W1DIJ0|W1DIJ0_KLEPN,0,0,0,0
tr|W1DIJ2|W1DIJ2_KLEPN,0,0,0,0
tr|W1DIJ3|W1DIJ3_KLEPN,0,0,0,0
tr|W1DIJ4|W1DIJ4_KLEPN,0,0,0,0
tr|W1DIJ7|W1DIJ7_KLEPN,0,0,0,0
tr|W1DIJ8|W1DIJ8_KLEPN,0,0,0,0
tr|W1DIJ9|W1DIJ9_KLEPN,0,0,0,0
tr|W1DIK0|W1DIK0_KLEPN,0,0,0,0
tr|W1DIK1|W1DIK1_KLEPN,0,0,0,0
tr|W1DIK2|W1DIK2_KLEPN,0,0,0,0
tr|W1DIK3|W1DIK3_KLEPN,0,0,0,0
tr|W1DIK4|W1DIK4_KLEPN,0,0,0,0
tr|W1DIK5|W1DIK5_KLEPN,0,0,0,0
tr|W1DIK6|W1DIK6_KLEPN,0,0,0,0
tr|W1DIK7|W1DIK7_KLEPN,1,1,1,0
tr|W1DIK8|W1DIK8_KLEPN,0,0,0,0
tr|W1DIK9|W1DIK9_KLEPN,0,0,0,0
tr|W1DIL0|W1DIL0_KLEPN,0,0,0,0
tr|W1DIL1|W1DIL1_KLEPN,0,0,0,0
tr|W1DIL2|W1DIL2_KLEPN,0,0,0,0
tr|W1DIL3|W1DIL3_KLEPN,0,0,0,0
tr|W1DIL6|W1DIL6_KLEPN,0,0,0,0
tr|W1DIL7|W1DIL7_KLEPN,0,0,0,0
tr|W1DIM1|W1DIM1_KLEPN,0,0,0,0
tr|W1DIM2|W1DIM2_KLEPN,1,0,0,0
tr|W1DIM4|W1DIM4_KLEPN,0,0,0,0
tr|W1DIM7|W1DIM7_KLEPN,0,0,0,0
tr|W1DIM8|W1DIM8_KLEPN,0,0,0,0
tr|W1DIM9|W1DIM9_KLEPN,0,0,0,0
tr|W1DIN1|W1DIN1_KLEPN,0,0,0,0
tr|W1DIN4|W1DIN4_KLEPN,0,0,0,0
tr|W1DIN5|W1DIN5_KLEPN,0,0,0,0
tr|W1DIN6|W1DIN6_KLEPN,0,0,0,0
tr|W1DIN8|W1DIN8_KLEPN,1,1,1,0
tr|W1DIP0|W1DIP0_KLEPN,0,0,0,0
tr|W1DIP1|W1DIP1_KLEPN,0,0,0,0
tr|W1DIP2|W1DIP2_KLEPN,0,0,0,0
tr|W1DIP3|W1DIP3_KLEPN,0,0,0,0
tr|W1DIP4|W1DIP4_KLEPN,0,0,0,0
tr|W1DIP5|W1DIP5_KLEPN,0,0,0,0
tr|W1DIP7|W1DIP7_KLEPN,0,0,0,0
tr|W1DIP8|W1DIP8_KLEPN,0,0,0,0
tr|W1DIP9|W1DIP9_KLEPN,0,0,0,0
tr|W1DIQ0|W1DIQ0_KLEPN,0,0,0,0
tr|W1DIQ1|W1DIQ1_KLEPN,0,0,0,0
tr|W1DIQ2|W1DIQ2_KLEPN,0,0,0,0
tr|W1DIQ4|W1DIQ4_KLEPN,0,0,0,0
tr|W1DIQ6|W1DIQ6_KLEPN,1,1,1,0
tr|W1DIQ7|W1DIQ7_KLEPN,0,0,0,0
tr|W1DIQ8|W1DIQ8_KLEPN,0,0,0,0
tr|W1DIQ9|W1DIQ9_KLEPN,0,0,0,0
tr|W1DIR0|W1DIR0_KLEPN,0,0,0,0
tr|W1DIR5|W1DIR5_KLEPN,0,0,0,0
tr|W1DIR8|W1DIR8_KLEPN,0,0,0,0
tr|W1DIS0|W1DIS0_KLEPN,1,1,1,0
tr|W1DIS1|W1DIS1_KLEPN,0,0,0,0
tr|W1DIS3|W1DIS3_KLEPN,0,0,0,0
tr|W1DIS5|W1DIS5_KLEPN,0,0,0,0
tr|W1DIS6|W1DIS6_KLEPN,0,0,0,0
tr|W1DIS9|W1DIS9_KLEPN,0,0,0,0
tr|W1DIT0|W1DIT0_KLEPN,0,0,0,0
tr|W1DIT1|W1DIT1_KLEPN,0,0,0,0
tr|W1DIT2|W1DIT2_KLEPN,0,0,0,0
tr|W1DIT3|W1DIT3_KLEPN,0,0,0,0
tr|W1DIT8|W1DIT8_KLEPN,0,0,0,0
tr|W1DIT9|W1DIT9_KLEPN,0,0,0,0
tr|W1DIU0|W1DIU0_KLEPN,0,0,0,0
tr|W1DIU1|W1DIU1_KLEPN,0,0,0,0
tr|W1DIU2|W1DIU2_KLEPN,0,0,0,0
tr|W1DIU4|W1DIU4_KLEPN,0,0,0,0
tr|W1DIU5|W1DIU5_KLEPN,0,0,0,0
tr|W1DIU7|W1DIU7_KLEPN,0,0,0,0
tr|W1DIU8|W1DIU8_KLEPN,0,0,0,0
tr|W1DIU9|W1DIU9_KLEPN,0,0,0,0
tr|W1DIV0|W1DIV0_KLEPN,0,0,0,0
tr|W1DIV2|W1DIV2_KLEPN,0,0,0,0
tr|W1DIV4|W1DIV4_KLEPN,0,0,0,0
tr|W1DIV5|W1DIV5_KLEPN,0,0,0,0
tr|W1DIV6|W1DIV6_KLEPN,1,1,1,0
tr|W1DIV8|W1DIV8_KLEPN,0,0,0,0
tr|W1DIV9|W1DIV9_KLEPN,0,0,0,0
tr|W1DIW0|W1DIW0_KLEPN,0,0,0,0
tr|W1DIW3|W1DIW3_KLEPN,0,0,0,0
tr|W1DIW5|W1DIW5_KLEPN,0,0,0,0
tr|W1DIW6|W1DIW6_KLEPN,0,0,0,0
tr|W1DIW7|W1DIW7_KLEPN,1,1,1,0
tr|W1DIW9|W1DIW9_KLEPN,0,0,0,0
tr|W1DIX2|W1DIX2_KLEPN,0,0,0,0
tr|W1DIX3|W1DIX3_KLEPN,0,0,0,0
tr|W1DIX5|W1DIX5_KLEPN,0,0,0,0
tr|W1DIX6|W1DIX6_KLEPN,0,0,0,0
tr|W1DIX7|W1DIX7_KLEPN,1,1,1,0
tr|W1DIX9|W1DIX9_KLEPN,0,0,0,0
tr|W1DIY0|W1DIY0_KLEPN,1,1,0,0
tr|W1DIY3|W1DIY3_KLEPN,0,0,0,0
tr|W1DIY5|W1DIY5_KLEPN,1,1,1,0
tr|W1DIY6|W1DIY6_KLEPN,0,0,0,0
tr|W1DIY8|W1DIY8_KLEPN,0,0,0,0
tr|W1DIY9|W1DIY9_KLEPN,0,0,0,0
tr|W1DIZ0|W1DIZ0_KLEPN,0,0,0,0
tr|W1DIZ1|W1DIZ1_KLEPN,0,0,0,0
tr|W1DIZ2|W1DIZ2_KLEPN,0,0,0,0
tr|W1DIZ3|W1DIZ3_KLEPN,0,0,0,0
tr|W1DIZ4|W1DIZ4_KLEPN,0,0,0,0
tr|W1DIZ5|W1DIZ5_KLEPN,0,0,0,0
tr|W1DIZ6|W1DIZ6_KLEPN,0,0,0,0
tr|W1DIZ7|W1DIZ7_KLEPN,0,0,0,0
tr|W1DIZ8|W1DIZ8_KLEPN,0,0,0,0
tr|W1DIZ9|W1DIZ9_KLEPN,0,0,0,0
tr|W1DJ00|W1DJ00_KLEPN,0,0,0,0
tr|W1DJ04|W1DJ04_KLEPN,0,0,0,0
tr|W1DJ06|W1DJ06_KLEPN,0,0,0,0
tr|W1DJ08|W1DJ08_KLEPN,0,0,0,0
tr|W1DJ09|W1DJ09_KLEPN,0,0,0,0
tr|W1DJ10|W1DJ10_KLEPN,0,0,0,0
tr|W1DJ11|W1DJ11_KLEPN,0,0,0,0
tr|W1DJ12|W1DJ12_KLEPN,0,0,0,0
tr|W1DJ13|W1DJ13_KLEPN,0,0,0,0
tr|W1DJ14|W1DJ14_KLEPN,0,0,0,0
tr|W1DJ15|W1DJ15_KLEPN,0,0,0,0
tr|W1DJ18|W1DJ18_KLEPN,0,0,0,0
tr|W1DJ20|W1DJ20_KLEPN,0,0,0,0
tr|W1DJ22|W1DJ22_KLEPN,0,0,0,0
tr|W1DJ23|W1DJ23_KLEPN,0,0,0,0
tr|W1DJ24|W1DJ24_KLEPN,1,1,1,0
tr|W1DJ25|W1DJ25_KLEPN,0,0,0,0
tr|W1DJ26|W1DJ26_KLEPN,0,0,0,0
tr|W1DJ28|W1DJ28_KLEPN,0,0,0,0
tr|W1DJ32|W1DJ32_KLEPN,0,0,0,0
tr|W1DJ33|W1DJ33_KLEPN,0,0,0,0
tr|W1DJ34|W1DJ34_KLEPN,0,0,0,0
tr|W1DJ35|W1DJ35_KLEPN,0,0,0,0
tr|W1DJ36|W1DJ36_KLEPN,0,0,0,0
tr|W1DJ37|W1DJ37_KLEPN,0,0,0,0
tr|W1DJ38|W1DJ38_KLEPN,1,1,1,0
tr|W1DJ39|W1DJ39_KLEPN,0,0,0,0
tr|W1DJ41|W1DJ41_KLEPN,0,0,0,0
tr|W1DJ42|W1DJ42_KLEPN,0,0,0,0
tr|W1DJ44|W1DJ44_KLEPN,0,0,0,0
tr|W1DJ45|W1DJ45_KLEPN,0,0,0,0
tr|W1DJ46|W1DJ46_KLEPN,0,0,0,0
tr|W1DJ47|W1DJ47_KLEPN,0,0,0,0
tr|W1DJ48|W1DJ48_KLEPN,0,0,0,0
tr|W1DJ51|W1DJ51_KLEPN,0,0,0,0
tr|W1DJ54|W1DJ54_KLEPN,0,0,0,0
tr|W1DJ55|W1DJ55_KLEPN,0,0,0,0
tr|W1DJ57|W1DJ57_KLEPN,0,0,0,0
tr|W1DJ58|W1DJ58_KLEPN,0,0,0,0
tr|W1DJ59|W1DJ59_KLEPN,0,0,0,0
tr|W1DJ60|W1DJ60_KLEPN,0,0,0,0
tr|W1DJ62|W1DJ62_KLEPN,0,0,0,0
tr|W1DJ63|W1DJ63_KLEPN,0,0,0,0
tr|W1DJ65|W1DJ65_KLEPN,0,0,0,0
tr|W1DJ66|W1DJ66_KLEPN,0,0,0,0
tr|W1DJ67|W1DJ67_KLEPN,0,0,0,0
tr|W1DJ68|W1DJ68_KLEPN,0,0,0,0
tr|W1DJ69|W1DJ69_KLEPN,0,0,0,0
tr|W1DJ70|W1DJ70_KLEPN,0,0,0,0
tr|W1DJ71|W1DJ71_KLEPN,0,0,0,0
tr|W1DJ72|W1DJ72_KLEPN,0,0,0,0
tr|W1DJ75|W1DJ75_KLEPN,0,0,0,0
tr|W1DJ76|W1DJ76_KLEPN,0,0,0,0
tr|W1DJ77|W1DJ77_KLEPN,0,0,0,0
tr|W1DJ78|W1DJ78_KLEPN,0,0,0,0
tr|W1DJ79|W1DJ79_KLEPN,1,1,1,0
tr|W1DJ82|W1DJ82_KLEPN,0,0,0,0
tr|W1DJ83|W1DJ83_KLEPN,0,0,0,0
tr|W1DJ84|W1DJ84_KLEPN,0,0,0,0
tr|W1DJ85|W1DJ85_KLEPN,0,0,0,0
tr|W1DJ86|W1DJ86_KLEPN,0,0,0,0
tr|W1DJ88|W1DJ88_KLEPN,0,0,0,0
tr|W1DJ89|W1DJ89_KLEPN,0,0,0,0
tr|W1DJ90|W1DJ90_KLEPN,0,0,0,0
tr|W1DJ91|W1DJ91_KLEPN,0,0,0,0
tr|W1DJ93|W1DJ93_KLEPN,0,0,0,0
tr|W1DJ94|W1DJ94_KLEPN,0,0,0,0
tr|W1DJ95|W1DJ95_KLEPN,0,0,0,0
tr|W1DJ98|W1DJ98_KLEPN,0,0,0,0
tr|W1DJ99|W1DJ99_KLEPN,0,0,0,0
tr|W1DJA0|W1DJA0_KLEPN,0,0,0,0
tr|W1DJA1|W1DJA1_KLEPN,0,0,0,0
tr|W1DJA2|W1DJA2_KLEPN,0,0,0,0
tr|W1DJA3|W1DJA3_KLEPN,0,0,0,0
tr|W1DJA4|W1DJA4_KLEPN,0,0,0,0
tr|W1DJA5|W1DJA5_KLEPN,0,0,0,0
tr|W1DJA6|W1DJA6_KLEPN,0,0,0,0
tr|W1DJA7|W1DJA7_KLEPN,0,0,0,0
tr|W1DJA9|W1DJA9_KLEPN,0,0,0,0
tr|W1DJB0|W1DJB0_KLEPN,0,0,0,0
tr|W1DJB1|W1DJB1_KLEPN,0,0,0,0
tr|W1DJB2|W1DJB2_KLEPN,0,0,0,0
tr|W1DJB4|W1DJB4_KLEPN,1,1,0,0
tr|W1DJB5|W1DJB5_KLEPN,0,0,0,0
tr|W1DJB6|W1DJB6_KLEPN,0,0,0,0
tr|W1DJB7|W1DJB7_KLEPN,0,0,0,0
tr|W1DJB8|W1DJB8_KLEPN,0,0,0,0
tr|W1DJC0|W1DJC0_KLEPN,0,0,0,0
tr|W1DJC1|W1DJC1_KLEPN,0,0,0,0
tr|W1DJC4|W1DJC4_KLEPN,0,0,0,0
tr|W1DJC5|W1DJC5_KLEPN,0,0,0,0
tr|W1DJC7|W1DJC7_KLEPN,0,0,0,0
tr|W1DJC8|W1DJC8_KLEPN,1,1,0,0
tr|W1DJC9|W1DJC9_KLEPN,0,0,0,0
tr|W1DJD1|W1DJD1_KLEPN,0,0,0,0
tr|W1DJD2|W1DJD2_KLEPN,0,0,0,0
tr|W1DJD3|W1DJD3_KLEPN,0,0,0,0
tr|W1DJD4|W1DJD4_KLEPN,0,0,0,0
tr|W1DJD5|W1DJD5_KLEPN,0,0,0,0
tr|W1DJD6|W1DJD6_KLEPN,0,0,0,0
tr|W1DJD7|W1DJD7_KLEPN,0,0,0,0
tr|W1DJD8|W1DJD8_KLEPN,0,0,0,0
tr|W1DJD9|W1DJD9_KLEPN,0,0,0,0
tr|W1DJE0|W1DJE0_KLEPN,0,0,0,0
tr|W1DJE1|W1DJE1_KLEPN,0,0,0,0
tr|W1DJE3|W1DJE3_KLEPN,0,0,0,0
tr|W1DJE4|W1DJE4_KLEPN,0,0,0,0
tr|W1DJE5|W1DJE5_KLEPN,0,0,0,0
tr|W1DJE6|W1DJE6_KLEPN,0,0,0,0
tr|W1DJE7|W1DJE7_KLEPN,0,0,0,0
tr|W1DJE9|W1DJE9_KLEPN,0,0,0,0
tr|W1DJF0|W1DJF0_KLEPN,0,0,0,0
tr|W1DJF1|W1DJF1_KLEPN,0,0,0,0
tr|W1DJF2|W1DJF2_KLEPN,1,1,1,0
tr|W1DJF3|W1DJF3_KLEPN,0,0,0,0
tr|W1DJF4|W1DJF4_KLEPN,0,0,0,0
tr|W1DJF5|W1DJF5_KLEPN,0,0,0,0
tr|W1DJF6|W1DJF6_KLEPN,0,0,0,0
tr|W1DJF7|W1DJF7_KLEPN,1,1,1,0
tr|W1DJF8|W1DJF8_KLEPN,0,0,0,0
tr|W1DJF9|W1DJF9_KLEPN,0,0,0,0
tr|W1DJG1|W1DJG1_KLEPN,0,0,0,0
tr|W1DJG4|W1DJG4_KLEPN,0,0,0,0
tr|W1DJG6|W1DJG6_KLEPN,0,0,0,0
tr|W1DJG7|W1DJG7_KLEPN,0,0,0,0
tr|W1DJG8|W1DJG8_KLEPN,0,0,0,0
tr|W1DJG9|W1DJG9_KLEPN,0,0,0,0
tr|W1DJH0|W1DJH0_KLEPN,0,0,0,0
tr|W1DJH1|W1DJH1_KLEPN,0,0,0,0
tr|W1DJH3|W1DJH3_KLEPN,0,0,0,0
tr|W1DJH4|W1DJH4_KLEPN,1,1,1,0
tr|W1DJH5|W1DJH5_KLEPN,0,0,0,0
tr|W1DJH7|W1DJH7_KLEPN,0,0,0,0
tr|W1DJH8|W1DJH8_KLEPN,0,0,0,0
tr|W1DJH9|W1DJH9_KLEPN,1,1,1,0
tr|W1DJI0|W1DJI0_KLEPN,0,0,0,0
tr|W1DJI1|W1DJI1_KLEPN,0,0,0,0
tr|W1DJI2|W1DJI2_KLEPN,0,0,0,0
tr|W1DJI4|W1DJI4_KLEPN,0,0,0,0
tr|W1DJI5|W1DJI5_KLEPN,0,0,0,0
tr|W1DJI6|W1DJI6_KLEPN,0,0,0,0
tr|W1DJI7|W1DJI7_KLEPN,0,0,0,0
tr|W1DJI8|W1DJI8_KLEPN,0,0,0,0
tr|W1DJI9|W1DJI9_KLEPN,0,0,0,0
tr|W1DJJ0|W1DJJ0_KLEPN,0,0,0,0
tr|W1DJJ3|W1DJJ3_KLEPN,0,0,0,0
tr|W1DJJ4|W1DJJ4_KLEPN,0,0,0,0
tr|W1DJJ5|W1DJJ5_KLEPN,0,0,0,0
tr|W1DJJ7|W1DJJ7_KLEPN,0,0,0,0
tr|W1DJK0|W1DJK0_KLEPN,0,0,0,0
tr|W1DJK1|W1DJK1_KLEPN,0,0,0,0
tr|W1DJK2|W1DJK2_KLEPN,0,0,0,0
tr|W1DJK3|W1DJK3_KLEPN,0,0,0,0
tr|W1DJK6|W1DJK6_KLEPN,1,1,0,0
tr|W1DJK7|W1DJK7_KLEPN,0,0,0,0
tr|W1DJK8|W1DJK8_KLEPN,0,0,0,0
tr|W1DJK9|W1DJK9_KLEPN,0,0,0,0
tr|W1DJL0|W1DJL0_KLEPN,0,0,0,0
tr|W1DJL1|W1DJL1_KLEPN,0,0,0,0
tr|W1DJL3|W1DJL3_KLEPN,0,0,0,0
tr|W1DJL4|W1DJL4_KLEPN,0,0,0,0
tr|W1DJL6|W1DJL6_KLEPN,0,0,0,0
tr|W1DJM1|W1DJM1_KLEPN,0,0,0,0
tr|W1DJM2|W1DJM2_KLEPN,0,0,0,0
tr|W1DJM4|W1DJM4_KLEPN,0,0,0,0
tr|W1DJM5|W1DJM5_KLEPN,0,0,0,0
tr|W1DJM7|W1DJM7_KLEPN,0,0,0,0
tr|W1DJM8|W1DJM8_KLEPN,0,0,0,0
tr|W1DJM9|W1DJM9_KLEPN,0,0,0,0
tr|W1DJN0|W1DJN0_KLEPN,0,0,0,0
tr|W1DJN2|W1DJN2_KLEPN,0,0,0,0
tr|W1DJN3|W1DJN3_KLEPN,1,1,1,0
tr|W1DJN4|W1DJN4_KLEPN,1,1,1,0
tr|W1DJN5|W1DJN5_KLEPN,0,0,0,0
tr|W1DJN7|W1DJN7_KLEPN,0,0,0,0
tr|W1DJN9|W1DJN9_KLEPN,0,0,0,0
tr|W1DJP0|W1DJP0_KLEPN,0,0,0,0
tr|W1DJP2|W1DJP2_KLEPN,0,0,0,0
tr|W1DJP4|W1DJP4_KLEPN,0,0,0,0
tr|W1DJP5|W1DJP5_KLEPN,0,0,0,0
tr|W1DJP7|W1DJP7_KLEPN,0,0,0,0
tr|W1DJP8|W1DJP8_KLEPN,0,0,0,0
tr|W1DJQ0|W1DJQ0_KLEPN,0,0,0,0
tr|W1DJQ2|W1DJQ2_KLEPN,0,0,0,0
tr|W1DJQ3|W1DJQ3_KLEPN,0,0,0,0
tr|W1DJQ4|W1DJQ4_KLEPN,0,0,0,0
tr|W1DJQ6|W1DJQ6_KLEPN,0,0,0,0
tr|W1DJQ7|W1DJQ7_KLEPN,0,0,0,0
tr|W1DJR0|W1DJR0_KLEPN,0,0,0,0
tr|W1DJR1|W1DJR1_KLEPN,0,0,0,0
tr|W1DJR2|W1DJR2_KLEPN,0,0,0,0
tr|W1DJR3|W1DJR3_KLEPN,0,0,0,0
tr|W1DJR4|W1DJR4_KLEPN,0,0,0,0
tr|W1DJR5|W1DJR5_KLEPN,0,0,0,0
tr|W1DJR6|W1DJR6_KLEPN,0,0,0,0
tr|W1DJR7|W1DJR7_KLEPN,0,0,0,0
tr|W1DJR8|W1DJR8_KLEPN,0,0,0,0
tr|W1DJR9|W1DJR9_KLEPN,0,0,0,0
tr|W1DJS1|W1DJS1_KLEPN,0,0,0,0
tr|W1DJS2|W1DJS2_KLEPN,0,0,0,0
tr|W1DJS3|W1DJS3_KLEPN,0,0,0,0
tr|W1DJS4|W1DJS4_KLEPN,0,0,0,0
tr|W1DJS6|W1DJS6_KLEPN,0,0,0,0
tr|W1DJS8|W1DJS8_KLEPN,0,0,0,0
tr|W1DJS9|W1DJS9_KLEPN,0,0,0,0
tr|W1DJT1|W1DJT1_KLEPN,0,0,0,0
tr|W1DJT4|W1DJT4_KLEPN,0,0,0,0
tr|W1DJT6|W1DJT6_KLEPN,0,0,0,0
tr|W1DJT8|W1DJT8_KLEPN,0,0,0,0
tr|W1DJT9|W1DJT9_KLEPN,0,0,0,0
tr|W1DJU1|W1DJU1_KLEPN,0,0,0,0
tr|W1DJU2|W1DJU2_KLEPN,0,0,0,0
tr|W1DJU3|W1DJU3_KLEPN,0,0,0,0
tr|W1DJU5|W1DJU5_KLEPN,0,0,0,0
tr|W1DJU6|W1DJU6_KLEPN,0,0,0,0
tr|W1DJV0|W1DJV0_KLEPN,0,0,0,0
tr|W1DJV1|W1DJV1_KLEPN,0,0,0,0
tr|W1DJV3|W1DJV3_KLEPN,0,0,0,0
tr|W1DJV4|W1DJV4_KLEPN,0,0,0,0
tr|W1DJV8|W1DJV8_KLEPN,0,0,0,0
tr|W1DJV9|W1DJV9_KLEPN,0,0,0,0
tr|W1DJW0|W1DJW0_KLEPN,0,0,0,0
tr|W1DJW2|W1DJW2_KLEPN,0,0,0,0
tr|W1DJW3|W1DJW3_KLEPN,0,0,0,0
tr|W1DJW5|W1DJW5_KLEPN,0,0,0,0
tr|W1DJW6|W1DJW6_KLEPN,0,0,0,0
tr|W1DJW7|W1DJW7_KLEPN,0,0,0,0
tr|W1DJW8|W1DJW8_KLEPN,0,0,0,0
tr|W1DJW9|W1DJW9_KLEPN,0,0,0,0
tr|W1DJX0|W1DJX0_KLEPN,0,0,0,0
tr|W1DJX2|W1DJX2_KLEPN,0,0,0,0
tr|W1DJX3|W1DJX3_KLEPN,0,0,0,0
tr|W1DJX4|W1DJX4_KLEPN,0,0,0,0
tr|W1DJX5|W1DJX5_KLEPN,0,0,0,0
tr|W1DJX6|W1DJX6_KLEPN,0,0,0,0
tr|W1DJX7|W1DJX7_KLEPN,0,0,0,0
tr|W1DJX8|W1DJX8_KLEPN,0,0,0,0
tr|W1DJY1|W1DJY1_KLEPN,0,0,0,0
tr|W1DJY2|W1DJY2_KLEPN,0,0,0,0
tr|W1DJY3|W1DJY3_KLEPN,0,0,0,0
tr|W1DJY4|W1DJY4_KLEPN,0,0,0,0
tr|W1DJY5|W1DJY5_KLEPN,0,0,0,0
tr|W1DJY6|W1DJY6_KLEPN,0,0,0,0
tr|W1DJY7|W1DJY7_KLEPN,0,0,0,0
tr|W1DJY8|W1DJY8_KLEPN,0,0,0,0
tr|W1DJZ0|W1DJZ0_KLEPN,0,0,0,0
tr|W1DJZ2|W1DJZ2_KLEPN,0,0,0,0
tr|W1DJZ3|W1DJZ3_KLEPN,0,0,0,0
tr|W1DJZ4|W1DJZ4_KLEPN,1,1,1,0
tr|W1DJZ5|W1DJZ5_KLEPN,0,0,0,0
tr|W1DJZ6|W1DJZ6_KLEPN,0,0,0,0
tr|W1DJZ7|W1DJZ7_KLEPN,0,0,0,0
tr|W1DJZ9|W1DJZ9_KLEPN,0,0,0,0
tr|W1DK00|W1DK00_KLEPN,0,0,0,0
tr|W1DK01|W1DK01_KLEPN,0,0,0,0
tr|W1DK03|W1DK03_KLEPN,0,0,0,0
tr|W1DK04|W1DK04_KLEPN,0,0,0,0
tr|W1DK05|W1DK05_KLEPN,0,0,0,0
tr|W1DK06|W1DK06_KLEPN,1,1,1,0
tr|W1DK08|W1DK08_KLEPN,0,0,0,0
tr|W1DK10|W1DK10_KLEPN,1,1,1,0
tr|W1DK11|W1DK11_KLEPN,1,1,1,1
tr|W1DK12|W1DK12_KLEPN,0,0,0,0
tr|W1DK14|W1DK14_KLEPN,0,0,0,0
tr|W1DK16|W1DK16_KLEPN,0,0,0,0
tr|W1DK17|W1DK17_KLEPN,0,0,0,0
tr|W1DK18|W1DK18_KLEPN,0,0,0,0
tr|W1DK19|W1DK19_KLEPN,0,0,0,0
tr|W1DK20|W1DK20_KLEPN,0,0,0,0
tr|W1DK21|W1DK21_KLEPN,0,0,0,0
tr|W1DK22|W1DK22_KLEPN,0,0,0,0
tr|W1DK23|W1DK23_KLEPN,0,0,0,0
tr|W1DK24|W1DK24_KLEPN,0,0,0,0
tr|W1DK26|W1DK26_KLEPN,0,0,0,0
tr|W1DK27|W1DK27_KLEPN,0,0,0,0
tr|W1DK28|W1DK28_KLEPN,0,0,0,0
tr|W1DK29|W1DK29_KLEPN,0,0,0,0
tr|W1DK30|W1DK30_KLEPN,0,0,0,0
tr|W1DK32|W1DK32_KLEPN,0,0,0,0
tr|W1DK33|W1DK33_KLEPN,0,0,0,0
tr|W1DK34|W1DK34_KLEPN,0,0,0,0
tr|W1DK35|W1DK35_KLEPN,0,0,0,0
tr|W1DK36|W1DK36_KLEPN,0,0,0,0
tr|W1DK37|W1DK37_KLEPN,0,0,0,0
tr|W1DK41|W1DK41_KLEPN,0,0,0,0
tr|W1DK42|W1DK42_KLEPN,1,1,1,0
tr|W1DK43|W1DK43_KLEPN,0,0,0,0
tr|W1DK48|W1DK48_KLEPN,0,0,0,0
tr|W1DK49|W1DK49_KLEPN,0,0,0,0
tr|W1DK50|W1DK50_KLEPN,0,0,0,0
tr|W1DK51|W1DK51_KLEPN,0,0,0,0
tr|W1DK52|W1DK52_KLEPN,0,0,0,0
tr|W1DK53|W1DK53_KLEPN,0,0,0,0
tr|W1DK55|W1DK55_KLEPN,0,0,0,0
tr|W1DK56|W1DK56_KLEPN,0,0,0,0
tr|W1DK57|W1DK57_KLEPN,0,0,0,0
tr|W1DK58|W1DK58_KLEPN,0,0,0,0
tr|W1DK59|W1DK59_KLEPN,0,0,0,0
tr|W1DK61|W1DK61_KLEPN,0,0,0,0
tr|W1DK62|W1DK62_KLEPN,0,0,0,0
tr|W1DK63|W1DK63_KLEPN,0,0,0,0
tr|W1DK64|W1DK64_KLEPN,0,0,0,0
tr|W1DK65|W1DK65_KLEPN,0,0,0,0
tr|W1DK67|W1DK67_KLEPN,0,0,0,0
tr|W1DK68|W1DK68_KLEPN,0,0,0,0
tr|W1DK70|W1DK70_KLEPN,0,0,0,0
tr|W1DK71|W1DK71_KLEPN,0,0,0,0
tr|W1DK72|W1DK72_KLEPN,0,0,0,0
tr|W1DK73|W1DK73_KLEPN,0,0,0,0
tr|W1DK74|W1DK74_KLEPN,0,0,0,0
tr|W1DK75|W1DK75_KLEPN,0,0,0,0
tr|W1DK76|W1DK76_KLEPN,0,0,0,0
tr|W1DK77|W1DK77_KLEPN,0,0,0,0
tr|W1DK79|W1DK79_KLEPN,0,0,0,0
tr|W1DK80|W1DK80_KLEPN,0,0,0,0
tr|W1DK81|W1DK81_KLEPN,0,0,0,0
tr|W1DK82|W1DK82_KLEPN,0,0,0,0
tr|W1DK83|W1DK83_KLEPN,0,0,0,0
tr|W1DK84|W1DK84_KLEPN,1,1,1,0
tr|W1DK85|W1DK85_KLEPN,0,0,0,0
tr|W1DK86|W1DK86_KLEPN,0,0,0,0
tr|W1DK88|W1DK88_KLEPN,0,0,0,0
tr|W1DK90|W1DK90_KLEPN,0,0,0,0
tr|W1DK92|W1DK92_KLEPN,0,0,0,0
tr|W1DK93|W1DK93_KLEPN,0,0,0,0
tr|W1DK94|W1DK94_KLEPN,0,0,0,0
tr|W1DK96|W1DK96_KLEPN,0,0,0,0
tr|W1DK97|W1DK97_KLEPN,0,0,0,0
tr|W1DK98|W1DK98_KLEPN,0,0,0,0
tr|W1DKA2|W1DKA2_KLEPN,0,0,0,0
tr|W1DKA4|W1DKA4_KLEPN,1,0,0,0
tr|W1DKA5|W1DKA5_KLEPN,0,0,0,0
tr|W1DKA6|W1DKA6_KLEPN,0,0,0,0
tr|W1DKA7|W1DKA7_KLEPN,0,0,0,0
tr|W1DKA9|W1DKA9_KLEPN,0,0,0,0
tr|W1DKB0|W1DKB0_KLEPN,0,0,0,0
tr|W1DKB2|W1DKB2_KLEPN,0,0,0,0
tr|W1DKB4|W1DKB4_KLEPN,0,0,0,0
tr|W1DKB6|W1DKB6_KLEPN,0,0,0,0
tr|W1DKB8|W1DKB8_KLEPN,0,0,0,0
tr|W1DKB9|W1DKB9_KLEPN,1,0,0,0
tr|W1DKC0|W1DKC0_KLEPN,0,0,0,0
tr|W1DKC1|W1DKC1_KLEPN,0,0,0,0
tr|W1DKC2|W1DKC2_KLEPN,0,0,0,0
tr|W1DKC4|W1DKC4_KLEPN,0,0,0,0
tr|W1DKC5|W1DKC5_KLEPN,0,0,0,0
tr|W1DKC6|W1DKC6_KLEPN,0,0,0,0
tr|W1DKC7|W1DKC7_KLEPN,0,0,0,0
tr|W1DKC8|W1DKC8_KLEPN,0,0,0,0
tr|W1DKD0|W1DKD0_KLEPN,0,0,0,0
tr|W1DKD1|W1DKD1_KLEPN,0,0,0,0
tr|W1DKD3|W1DKD3_KLEPN,0,0,0,0
tr|W1DKD5|W1DKD5_KLEPN,0,0,0,0
tr|W1DKD7|W1DKD7_KLEPN,1,1,1,0
tr|W1DKD8|W1DKD8_KLEPN,0,0,0,0
tr|W1DKD9|W1DKD9_KLEPN,1,1,1,0
tr|W1DKE0|W1DKE0_KLEPN,0,0,0,0
tr|W1DKE1|W1DKE1_KLEPN,0,0,0,0
tr|W1DKE3|W1DKE3_KLEPN,0,0,0,0
tr|W1DKE4|W1DKE4_KLEPN,0,0,0,0
tr|W1DKE6|W1DKE6_KLEPN,0,0,0,0
tr|W1DKE7|W1DKE7_KLEPN,0,0,0,0
tr|W1DKE9|W1DKE9_KLEPN,0,0,0,0
tr|W1DKF0|W1DKF0_KLEPN,0,0,0,0
tr|W1DKF1|W1DKF1_KLEPN,0,0,0,0
tr|W1DKF2|W1DKF2_KLEPN,0,0,0,0
tr|W1DKF3|W1DKF3_KLEPN,0,0,0,0
tr|W1DKF4|W1DKF4_KLEPN,1,1,1,1
tr|W1DKF5|W1DKF5_KLEPN,0,0,0,0
tr|W1DKF6|W1DKF6_KLEPN,0,0,0,0
tr|W1DKF7|W1DKF7_KLEPN,0,0,0,0
tr|W1DKF8|W1DKF8_KLEPN,0,0,0,0
tr|W1DKF9|W1DKF9_KLEPN,0,0,0,0
tr|W1DKG0|W1DKG0_KLEPN,0,0,0,0
tr|W1DKG1|W1DKG1_KLEPN,0,0,0,0
tr|W1DKG3|W1DKG3_KLEPN,0,0,0,0
tr|W1DKG5|W1DKG5_KLEPN,0,0,0,0
tr|W1DKG6|W1DKG6_KLEPN,0,0,0,0
tr|W1DKG8|W1DKG8_KLEPN,0,0,0,0
tr|W1DKG9|W1DKG9_KLEPN,0,0,0,0
tr|W1DKH2|W1DKH2_KLEPN,0,0,0,0
tr|W1DKH3|W1DKH3_KLEPN,0,0,0,0
tr|W1DKH4|W1DKH4_KLEPN,0,0,0,0
tr|W1DKH5|W1DKH5_KLEPN,0,0,0,0
tr|W1DKH6|W1DKH6_KLEPN,0,0,0,0
tr|W1DKH7|W1DKH7_KLEPN,0,0,0,0
tr|W1DKH9|W1DKH9_KLEPN,0,0,0,0
tr|W1DKI1|W1DKI1_KLEPN,0,0,0,0
tr|W1DKI3|W1DKI3_KLEPN,0,0,0,0
tr|W1DKI4|W1DKI4_KLEPN,0,0,0,0
tr|W1DKI6|W1DKI6_KLEPN,0,0,0,0
tr|W1DKI7|W1DKI7_KLEPN,0,0,0,0
tr|W1DKI9|W1DKI9_KLEPN,0,0,0,0
tr|W1DKJ0|W1DKJ0_KLEPN,0,0,0,0
tr|W1DKJ1|W1DKJ1_KLEPN,0,0,0,0
tr|W1DKJ2|W1DKJ2_KLEPN,1,1,1,0
tr|W1DKJ3|W1DKJ3_KLEPN,0,0,0,0
tr|W1DKJ4|W1DKJ4_KLEPN,0,0,0,0
tr|W1DKJ5|W1DKJ5_KLEPN,0,0,0,0
tr|W1DKJ6|W1DKJ6_KLEPN,0,0,0,0
tr|W1DKJ7|W1DKJ7_KLEPN,0,0,0,0
tr|W1DKK0|W1DKK0_KLEPN,0,0,0,0
tr|W1DKK1|W1DKK1_KLEPN,0,0,0,0
tr|W1DKK2|W1DKK2_KLEPN,0,0,0,0
tr|W1DKK5|W1DKK5_KLEPN,0,0,0,0
tr|W1DKK6|W1DKK6_KLEPN,0,0,0,0
tr|W1DKK7|W1DKK7_KLEPN,1,1,1,0
tr|W1DKK8|W1DKK8_KLEPN,0,0,0,0
tr|W1DKL0|W1DKL0_KLEPN,0,0,0,0
tr|W1DKL1|W1DKL1_KLEPN,0,0,0,0
tr|W1DKL2|W1DKL2_KLEPN,0,0,0,0
tr|W1DKL3|W1DKL3_KLEPN,0,0,0,0
tr|W1DKL4|W1DKL4_KLEPN,0,0,0,0
tr|W1DKL5|W1DKL5_KLEPN,0,0,0,0
tr|W1DKL6|W1DKL6_KLEPN,0,0,0,0
tr|W1DKL8|W1DKL8_KLEPN,0,0,0,0
tr|W1DKL9|W1DKL9_KLEPN,0,0,0,0
tr|W1DKM0|W1DKM0_KLEPN,0,0,0,0
tr|W1DKM1|W1DKM1_KLEPN,0,0,0,0
tr|W1DKM2|W1DKM2_KLEPN,0,0,0,0
tr|W1DKM6|W1DKM6_KLEPN,1,1,1,0
tr|W1DKM7|W1DKM7_KLEPN,0,0,0,0
tr|W1DKM8|W1DKM8_KLEPN,0,0,0,0
tr|W1DKM9|W1DKM9_KLEPN,0,0,0,0
tr|W1DKN5|W1DKN5_KLEPN,0,0,0,0
tr|W1DKN6|W1DKN6_KLEPN,0,0,0,0
tr|W1DKN8|W1DKN8_KLEPN,0,0,0,0
tr|W1DKN9|W1DKN9_KLEPN,0,0,0,0
tr|W1DKP0|W1DKP0_KLEPN,0,0,0,0
tr|W1DKP1|W1DKP1_KLEPN,0,0,0,0
tr|W1DKP3|W1DKP3_KLEPN,0,0,0,0
tr|W1DKP4|W1DKP4_KLEPN,0,0,0,0
tr|W1DKP5|W1DKP5_KLEPN,0,0,0,0
tr|W1DKP6|W1DKP6_KLEPN,0,0,0,0
tr|W1DKP7|W1DKP7_KLEPN,0,0,0,0
tr|W1DKP8|W1DKP8_KLEPN,0,0,0,0
tr|W1DKP9|W1DKP9_KLEPN,0,0,0,0
tr|W1DKQ0|W1DKQ0_KLEPN,0,0,0,0
tr|W1DKQ2|W1DKQ2_KLEPN,1,1,1,0
tr|W1DKQ3|W1DKQ3_KLEPN,0,0,0,0
tr|W1DKQ4|W1DKQ4_KLEPN,0,0,0,0
tr|W1DKQ5|W1DKQ5_KLEPN,0,0,0,0
tr|W1DKQ6|W1DKQ6_KLEPN,0,0,0,0
tr|W1DKQ8|W1DKQ8_KLEPN,0,0,0,0
tr|W1DKR0|W1DKR0_KLEPN,0,0,0,0
tr|W1DKR3|W1DKR3_KLEPN,0,0,0,0
tr|W1DKR4|W1DKR4_KLEPN,0,0,0,0
tr|W1DKR5|W1DKR5_KLEPN,0,0,0,0
tr|W1DKR7|W1DKR7_KLEPN,0,0,0,0
tr|W1DKR8|W1DKR8_KLEPN,0,0,0,0
tr|W1DKR9|W1DKR9_KLEPN,0,0,0,0
tr|W1DKS0|W1DKS0_KLEPN,0,0,0,0
tr|W1DKS2|W1DKS2_KLEPN,0,0,0,0
tr|W1DKS3|W1DKS3_KLEPN,0,0,0,0
tr|W1DKS5|W1DKS5_KLEPN,0,0,0,0
tr|W1DKS6|W1DKS6_KLEPN,0,0,0,0
tr|W1DKS7|W1DKS7_KLEPN,0,0,0,0
tr|W1DKS8|W1DKS8_KLEPN,0,0,0,0
tr|W1DKS9|W1DKS9_KLEPN,0,0,0,0
tr|W1DKT0|W1DKT0_KLEPN,0,0,0,0
tr|W1DKT1|W1DKT1_KLEPN,0,0,0,0
tr|W1DKT2|W1DKT2_KLEPN,0,0,0,0
tr|W1DKT4|W1DKT4_KLEPN,0,0,0,0
tr|W1DKT5|W1DKT5_KLEPN,0,0,0,0
tr|W1DKT6|W1DKT6_KLEPN,0,0,0,0
tr|W1DKU1|W1DKU1_KLEPN,0,0,0,0
tr|W1DKU2|W1DKU2_KLEPN,0,0,0,0
tr|W1DKU3|W1DKU3_KLEPN,0,0,0,0
tr|W1DKU5|W1DKU5_KLEPN,0,0,0,0
tr|W1DKU6|W1DKU6_KLEPN,0,0,0,0
tr|W1DKU7|W1DKU7_KLEPN,0,0,0,0
tr|W1DKU8|W1DKU8_KLEPN,0,0,0,0
tr|W1DKU9|W1DKU9_KLEPN,0,0,0,0
tr|W1DKV0|W1DKV0_KLEPN,0,0,0,0
tr|W1DKV2|W1DKV2_KLEPN,1,0,0,0
tr|W1DKV3|W1DKV3_KLEPN,0,0,0,0
tr|W1DKV4|W1DKV4_KLEPN,0,0,0,0
tr|W1DKV6|W1DKV6_KLEPN,0,0,0,0
tr|W1DKV7|W1DKV7_KLEPN,0,0,0,0
tr|W1DKV9|W1DKV9_KLEPN,0,0,0,0
tr|W1DKW2|W1DKW2_KLEPN,0,0,0,0
tr|W1DKW3|W1DKW3_KLEPN,0,0,0,0
tr|W1DKW5|W1DKW5_KLEPN,0,0,0,0
tr|W1DKW7|W1DKW7_KLEPN,0,0,0,0
tr|W1DKW8|W1DKW8_KLEPN,0,0,0,0
tr|W1DKX0|W1DKX0_KLEPN,0,0,0,0
tr|W1DKX1|W1DKX1_KLEPN,0,0,0,0
tr|W1DKX2|W1DKX2_KLEPN,0,0,0,0
tr|W1DKX3|W1DKX3_KLEPN,0,0,0,0
tr|W1DKX4|W1DKX4_KLEPN,0,0,0,0
tr|W1DKX5|W1DKX5_KLEPN,0,0,0,0
tr|W1DKX6|W1DKX6_KLEPN,0,0,0,0
tr|W1DKX8|W1DKX8_KLEPN,0,0,0,0
tr|W1DKX9|W1DKX9_KLEPN,0,0,0,0
tr|W1DKY0|W1DKY0_KLEPN,0,0,0,0
tr|W1DKY1|W1DKY1_KLEPN,0,0,0,0
tr|W1DKY2|W1DKY2_KLEPN,0,0,0,0
tr|W1DKY3|W1DKY3_KLEPN,0,0,0,0
tr|W1DKY5|W1DKY5_KLEPN,0,0,0,0
tr|W1DKY6|W1DKY6_KLEPN,0,0,0,0
tr|W1DKY7|W1DKY7_KLEPN,0,0,0,0
tr|W1DKY8|W1DKY8_KLEPN,0,0,0,0
tr|W1DKY9|W1DKY9_KLEPN,0,0,0,0
tr|W1DKZ0|W1DKZ0_KLEPN,0,0,0,0
tr|W1DKZ1|W1DKZ1_KLEPN,0,0,0,0
tr|W1DKZ2|W1DKZ2_KLEPN,0,0,0,0
tr|W1DKZ4|W1DKZ4_KLEPN,0,0,0,0
tr|W1DKZ5|W1DKZ5_KLEPN,0,0,0,0
tr|W1DKZ7|W1DKZ7_KLEPN,0,0,0,0
tr|W1DKZ8|W1DKZ8_KLEPN,0,0,0,0
tr|W1DKZ9|W1DKZ9_KLEPN,0,0,0,0
tr|W1DL00|W1DL00_KLEPN,0,0,0,0
tr|W1DL01|W1DL01_KLEPN,0,0,0,0
tr|W1DL02|W1DL02_KLEPN,1,1,1,0
tr|W1DL05|W1DL05_KLEPN,0,0,0,0
tr|W1DL06|W1DL06_KLEPN,1,1,1,1
tr|W1DL07|W1DL07_KLEPN,0,0,0,0
tr|W1DL08|W1DL08_KLEPN,1,1,1,0
tr|W1DL09|W1DL09_KLEPN,0,0,0,0
tr|W1DL10|W1DL10_KLEPN,0,0,0,0
tr|W1DL11|W1DL11_KLEPN,0,0,0,0
tr|W1DL12|W1DL12_KLEPN,0,0,0,0
tr|W1DL13|W1DL13_KLEPN,0,0,0,0
tr|W1DL14|W1DL14_KLEPN,0,0,0,0
tr|W1DL15|W1DL15_KLEPN,1,1,1,0
tr|W1DL16|W1DL16_KLEPN,1,1,1,0
tr|W1DL18|W1DL18_KLEPN,1,1,1,1
tr|W1DL21|W1DL21_KLEPN,0,0,0,0
tr|W1DL22|W1DL22_KLEPN,0,0,0,0
tr|W1DL23|W1DL23_KLEPN,0,0,0,0
tr|W1DL24|W1DL24_KLEPN,0,0,0,0
tr|W1DL25|W1DL25_KLEPN,0,0,0,0
tr|W1DL26|W1DL26_KLEPN,1,1,1,0
tr|W1DL28|W1DL28_KLEPN,0,0,0,0
tr|W1DL29|W1DL29_KLEPN,0,0,0,0
tr|W1DL30|W1DL30_KLEPN,0,0,0,0
tr|W1DL31|W1DL31_KLEPN,0,0,0,0
tr|W1DL33|W1DL33_KLEPN,0,0,0,0
tr|W1DL34|W1DL34_KLEPN,0,0,0,0
tr|W1DL37|W1DL37_KLEPN,0,0,0,0
tr|W1DL38|W1DL38_KLEPN,0,0,0,0
tr|W1DL39|W1DL39_KLEPN,0,0,0,0
tr|W1DL40|W1DL40_KLEPN,0,0,0,0
tr|W1DL41|W1DL41_KLEPN,0,0,0,0
tr|W1DL42|W1DL42_KLEPN,1,1,1,0
tr|W1DL43|W1DL43_KLEPN,0,0,0,0
tr|W1DL44|W1DL44_KLEPN,0,0,0,0
tr|W1DL45|W1DL45_KLEPN,0,0,0,0
tr|W1DL46|W1DL46_KLEPN,0,0,0,0
tr|W1DL47|W1DL47_KLEPN,0,0,0,0
tr|W1DL48|W1DL48_KLEPN,0,0,0,0
tr|W1DL49|W1DL49_KLEPN,0,0,0,0
tr|W1DL50|W1DL50_KLEPN,0,0,0,0
tr|W1DL52|W1DL52_KLEPN,1,1,0,0
tr|W1DL54|W1DL54_KLEPN,0,0,0,0
tr|W1DL56|W1DL56_KLEPN,0,0,0,0
tr|W1DL57|W1DL57_KLEPN,0,0,0,0
tr|W1DL58|W1DL58_KLEPN,0,0,0,0
tr|W1DL59|W1DL59_KLEPN,0,0,0,0
tr|W1DL60|W1DL60_KLEPN,0,0,0,0
tr|W1DL61|W1DL61_KLEPN,0,0,0,0
tr|W1DL62|W1DL62_KLEPN,0,0,0,0
tr|W1DL63|W1DL63_KLEPN,0,0,0,0
tr|W1DL64|W1DL64_KLEPN,0,0,0,0
tr|W1DL67|W1DL67_KLEPN,1,0,0,0
tr|W1DL68|W1DL68_KLEPN,0,0,0,0
tr|W1DL71|W1DL71_KLEPN,0,0,0,0
tr|W1DL72|W1DL72_KLEPN,0,0,0,0
tr|W1DL73|W1DL73_KLEPN,0,0,0,0
tr|W1DL74|W1DL74_KLEPN,0,0,0,0
tr|W1DL75|W1DL75_KLEPN,0,0,0,0
tr|W1DL76|W1DL76_KLEPN,0,0,0,0
tr|W1DL77|W1DL77_KLEPN,0,0,0,0
tr|W1DL80|W1DL80_KLEPN,0,0,0,0
tr|W1DL81|W1DL81_KLEPN,0,0,0,0
tr|W1DL82|W1DL82_KLEPN,0,0,0,0
tr|W1DL84|W1DL84_KLEPN,0,0,0,0
tr|W1DL88|W1DL88_KLEPN,0,0,0,0
tr|W1DL90|W1DL90_KLEPN,1,1,1,0
tr|W1DL91|W1DL91_KLEPN,0,0,0,0
tr|W1DL93|W1DL93_KLEPN,0,0,0,0
tr|W1DL94|W1DL94_KLEPN,0,0,0,0
tr|W1DL96|W1DL96_KLEPN,0,0,0,0
tr|W1DL97|W1DL97_KLEPN,0,0,0,0
tr|W1DL98|W1DL98_KLEPN,0,0,0,0
tr|W1DL99|W1DL99_KLEPN,0,0,0,0
tr|W1DLA1|W1DLA1_KLEPN,0,0,0,0
tr|W1DLA2|W1DLA2_KLEPN,0,0,0,0
tr|W1DLA3|W1DLA3_KLEPN,0,0,0,0
tr|W1DLA4|W1DLA4_KLEPN,0,0,0,0
tr|W1DLA6|W1DLA6_KLEPN,0,0,0,0
tr|W1DLA7|W1DLA7_KLEPN,0,0,0,0
tr|W1DLA8|W1DLA8_KLEPN,0,0,0,0
tr|W1DLA9|W1DLA9_KLEPN,0,0,0,0
tr|W1DLB0|W1DLB0_KLEPN,0,0,0,0
tr|W1DLB1|W1DLB1_KLEPN,0,0,0,0
tr|W1DLB2|W1DLB2_KLEPN,0,0,0,0
tr|W1DLB7|W1DLB7_KLEPN,1,1,1,0
tr|W1DLB9|W1DLB9_KLEPN,0,0,0,0
tr|W1DLC2|W1DLC2_KLEPN,0,0,0,0
tr|W1DLC3|W1DLC3_KLEPN,0,0,0,0
tr|W1DLC4|W1DLC4_KLEPN,0,0,0,0
tr|W1DLC5|W1DLC5_KLEPN,0,0,0,0
tr|W1DLC6|W1DLC6_KLEPN,0,0,0,0
tr|W1DLC7|W1DLC7_KLEPN,0,0,0,0
tr|W1DLC8|W1DLC8_KLEPN,0,0,0,0
tr|W1DLC9|W1DLC9_KLEPN,0,0,0,0
tr|W1DLD0|W1DLD0_KLEPN,0,0,0,0
tr|W1DLD1|W1DLD1_KLEPN,0,0,0,0
tr|W1DLD3|W1DLD3_KLEPN,0,0,0,0
tr|W1DLD4|W1DLD4_KLEPN,0,0,0,0
tr|W1DLD5|W1DLD5_KLEPN,0,0,0,0
tr|W1DLD6|W1DLD6_KLEPN,0,0,0,0
tr|W1DLD7|W1DLD7_KLEPN,0,0,0,0
tr|W1DLD8|W1DLD8_KLEPN,0,0,0,0
tr|W1DLD9|W1DLD9_KLEPN,0,0,0,0
tr|W1DLE0|W1DLE0_KLEPN,0,0,0,0
tr|W1DLE2|W1DLE2_KLEPN,0,0,0,0
tr|W1DLE3|W1DLE3_KLEPN,0,0,0,0
tr|W1DLE4|W1DLE4_KLEPN,0,0,0,0
tr|W1DLE7|W1DLE7_KLEPN,0,0,0,0
tr|W1DLE8|W1DLE8_KLEPN,0,0,0,0
tr|W1DLE9|W1DLE9_KLEPN,0,0,0,0
tr|W1DLF2|W1DLF2_KLEPN,0,0,0,0
tr|W1DLF4|W1DLF4_KLEPN,0,0,0,0
tr|W1DLF5|W1DLF5_KLEPN,0,0,0,0
tr|W1DLF6|W1DLF6_KLEPN,0,0,0,0
tr|W1DLF7|W1DLF7_KLEPN,0,0,0,0
tr|W1DLF8|W1DLF8_KLEPN,0,0,0,0
tr|W1DLF9|W1DLF9_KLEPN,0,0,0,0
tr|W1DLG1|W1DLG1_KLEPN,0,0,0,0
tr|W1DLG2|W1DLG2_KLEPN,0,0,0,0
tr|W1DLG3|W1DLG3_KLEPN,0,0,0,0
tr|W1DLG4|W1DLG4_KLEPN,0,0,0,0
tr|W1DLG5|W1DLG5_KLEPN,0,0,0,0
tr|W1DLG7|W1DLG7_KLEPN,0,0,0,0
tr|W1DLG8|W1DLG8_KLEPN,0,0,0,0
tr|W1DLG9|W1DLG9_KLEPN,0,0,0,0
tr|W1DLH0|W1DLH0_KLEPN,0,0,0,0
tr|W1DLH1|W1DLH1_KLEPN,0,0,0,0
tr|W1DLH2|W1DLH2_KLEPN,0,0,0,0
tr|W1DLH3|W1DLH3_KLEPN,0,0,0,0
tr|W1DLH5|W1DLH5_KLEPN,0,0,0,0
tr|W1DLH6|W1DLH6_KLEPN,0,0,0,0
tr|W1DLH7|W1DLH7_KLEPN,0,0,0,0
tr|W1DLH8|W1DLH8_KLEPN,0,0,0,0
tr|W1DLH9|W1DLH9_KLEPN,0,0,0,0
tr|W1DLI0|W1DLI0_KLEPN,0,0,0,0
tr|W1DLI1|W1DLI1_KLEPN,0,0,0,0
tr|W1DLI2|W1DLI2_KLEPN,0,0,0,0
tr|W1DLI3|W1DLI3_KLEPN,0,0,0,0
tr|W1DLI4|W1DLI4_KLEPN,0,0,0,0
tr|W1DLI5|W1DLI5_KLEPN,0,0,0,0
tr|W1DLI7|W1DLI7_KLEPN,0,0,0,0
tr|W1DLI8|W1DLI8_KLEPN,0,0,0,0
tr|W1DLJ2|W1DLJ2_KLEPN,0,0,0,0
tr|W1DLJ3|W1DLJ3_KLEPN,0,0,0,0
tr|W1DLJ5|W1DLJ5_KLEPN,0,0,0,0
tr|W1DLJ7|W1DLJ7_KLEPN,0,0,0,0
tr|W1DLK0|W1DLK0_KLEPN,0,0,0,0
tr|W1DLK1|W1DLK1_KLEPN,0,0,0,0
tr|W1DLK2|W1DLK2_KLEPN,0,0,0,0
tr|W1DLK4|W1DLK4_KLEPN,0,0,0,0
tr|W1DLK5|W1DLK5_KLEPN,0,0,0,0
tr|W1DLK6|W1DLK6_KLEPN,0,0,0,0
tr|W1DLK7|W1DLK7_KLEPN,1,1,1,0
tr|W1DLK8|W1DLK8_KLEPN,0,0,0,0
tr|W1DLK9|W1DLK9_KLEPN,1,0,0,0
tr|W1DLL0|W1DLL0_KLEPN,0,0,0,0
tr|W1DLL1|W1DLL1_KLEPN,0,0,0,0
tr|W1DLL2|W1DLL2_KLEPN,0,0,0,0
tr|W1DLL3|W1DLL3_KLEPN,0,0,0,0
tr|W1DLL5|W1DLL5_KLEPN,0,0,0,0
tr|W1DLL6|W1DLL6_KLEPN,0,0,0,0
tr|W1DLL8|W1DLL8_KLEPN,0,0,0,0
tr|W1DLL9|W1DLL9_KLEPN,0,0,0,0
tr|W1DLM0|W1DLM0_KLEPN,0,0,0,0
tr|W1DLM1|W1DLM1_KLEPN,0,0,0,0
tr|W1DLM2|W1DLM2_KLEPN,0,0,0,0
tr|W1DLM3|W1DLM3_KLEPN,0,0,0,0
tr|W1DLM4|W1DLM4_KLEPN,1,1,1,0
tr|W1DLM5|W1DLM5_KLEPN,0,0,0,0
tr|W1DLM6|W1DLM6_KLEPN,0,0,0,0
tr|W1DLM7|W1DLM7_KLEPN,0,0,0,0
tr|W1DLM8|W1DLM8_KLEPN,0,0,0,0
tr|W1DLN1|W1DLN1_KLEPN,0,0,0,0
tr|W1DLN2|W1DLN2_KLEPN,0,0,0,0
tr|W1DLN3|W1DLN3_KLEPN,0,0,0,0
tr|W1DLN4|W1DLN4_KLEPN,0,0,0,0
tr|W1DLN5|W1DLN5_KLEPN,0,0,0,0
tr|W1DLN6|W1DLN6_KLEPN,0,0,0,0
tr|W1DLN7|W1DLN7_KLEPN,0,0,0,0
tr|W1DLN8|W1DLN8_KLEPN,0,0,0,0
tr|W1DLN9|W1DLN9_KLEPN,0,0,0,0
tr|W1DLP0|W1DLP0_KLEPN,0,0,0,0
tr|W1DLP1|W1DLP1_KLEPN,0,0,0,0
tr|W1DLP2|W1DLP2_KLEPN,0,0,0,0
tr|W1DLP3|W1DLP3_KLEPN,0,0,0,0
tr|W1DLP4|W1DLP4_KLEPN,0,0,0,0
tr|W1DLP6|W1DLP6_KLEPN,0,0,0,0
tr|W1DLP7|W1DLP7_KLEPN,0,0,0,0
tr|W1DLP9|W1DLP9_KLEPN,0,0,0,0
tr|W1DLQ1|W1DLQ1_KLEPN,0,0,0,0
tr|W1DLQ2|W1DLQ2_KLEPN,0,0,0,0
tr|W1DLQ3|W1DLQ3_KLEPN,0,0,0,0
tr|W1DLQ4|W1DLQ4_KLEPN,0,0,0,0
tr|W1DLQ5|W1DLQ5_KLEPN,0,0,0,0
tr|W1DLQ6|W1DLQ6_KLEPN,1,1,1,0
tr|W1DLQ7|W1DLQ7_KLEPN,0,0,0,0
tr|W1DLQ8|W1DLQ8_KLEPN,0,0,0,0
tr|W1DLQ9|W1DLQ9_KLEPN,0,0,0,0
tr|W1DLR3|W1DLR3_KLEPN,0,0,0,0
tr|W1DLR4|W1DLR4_KLEPN,0,0,0,0
tr|W1DLR6|W1DLR6_KLEPN,0,0,0,0
tr|W1DLR7|W1DLR7_KLEPN,0,0,0,0
tr|W1DLR8|W1DLR8_KLEPN,0,0,0,0
tr|W1DLR9|W1DLR9_KLEPN,0,0,0,0
tr|W1DLS0|W1DLS0_KLEPN,0,0,0,0
tr|W1DLS2|W1DLS2_KLEPN,0,0,0,0
tr|W1DLS3|W1DLS3_KLEPN,0,0,0,0
tr|W1DLS4|W1DLS4_KLEPN,0,0,0,0
tr|W1DLS6|W1DLS6_KLEPN,0,0,0,0
tr|W1DLS7|W1DLS7_KLEPN,0,0,0,0
tr|W1DLS8|W1DLS8_KLEPN,0,0,0,0
tr|W1DLS9|W1DLS9_KLEPN,0,0,0,0
tr|W1DLT0|W1DLT0_KLEPN,1,1,1,0
tr|W1DLT3|W1DLT3_KLEPN,0,0,0,0
tr|W1DLT5|W1DLT5_KLEPN,0,0,0,0
tr|W1DLT6|W1DLT6_KLEPN,0,0,0,0
tr|W1DLT7|W1DLT7_KLEPN,1,1,1,0
tr|W1DLT8|W1DLT8_KLEPN,0,0,0,0
tr|W1DLT9|W1DLT9_KLEPN,0,0,0,0
tr|W1DLU0|W1DLU0_KLEPN,0,0,0,0
tr|W1DLU2|W1DLU2_KLEPN,0,0,0,0
tr|W1DLU4|W1DLU4_KLEPN,0,0,0,0
tr|W1DLU5|W1DLU5_KLEPN,0,0,0,0
tr|W1DLU8|W1DLU8_KLEPN,0,0,0,0
tr|W1DLU9|W1DLU9_KLEPN,0,0,0,0
tr|W1DLV2|W1DLV2_KLEPN,0,0,0,0
tr|W1DLV5|W1DLV5_KLEPN,0,0,0,0
tr|W1DLV6|W1DLV6_KLEPN,0,0,0,0
tr|W1DLV7|W1DLV7_KLEPN,1,1,1,0
tr|W1DLV8|W1DLV8_KLEPN,0,0,0,0
tr|W1DLV9|W1DLV9_KLEPN,0,0,0,0
tr|W1DLW0|W1DLW0_KLEPN,0,0,0,0
tr|W1DLW3|W1DLW3_KLEPN,0,0,0,0
tr|W1DLW5|W1DLW5_KLEPN,0,0,0,0
tr|W1DLW6|W1DLW6_KLEPN,0,0,0,0
tr|W1DLW7|W1DLW7_KLEPN,0,0,0,0
tr|W1DLX0|W1DLX0_KLEPN,0,0,0,0
tr|W1DLX1|W1DLX1_KLEPN,0,0,0,0
tr|W1DLX2|W1DLX2_KLEPN,0,0,0,0
tr|W1DLX5|W1DLX5_KLEPN,1,1,0,0
tr|W1DLX6|W1DLX6_KLEPN,0,0,0,0
tr|W1DLX7|W1DLX7_KLEPN,0,0,0,0
tr|W1DLX8|W1DLX8_KLEPN,0,0,0,0
tr|W1DLY2|W1DLY2_KLEPN,0,0,0,0
tr|W1DLY3|W1DLY3_KLEPN,1,1,1,0
tr|W1DLY5|W1DLY5_KLEPN,0,0,0,0
tr|W1DLY6|W1DLY6_KLEPN,0,0,0,0
tr|W1DLY7|W1DLY7_KLEPN,0,0,0,0
tr|W1DLY9|W1DLY9_KLEPN,0,0,0,0
tr|W1DLZ0|W1DLZ0_KLEPN,0,0,0,0
tr|W1DLZ1|W1DLZ1_KLEPN,0,0,0,0
tr|W1DLZ2|W1DLZ2_KLEPN,0,0,0,0
tr|W1DLZ4|W1DLZ4_KLEPN,0,0,0,0
tr|W1DLZ5|W1DLZ5_KLEPN,0,0,0,0
tr|W1DLZ6|W1DLZ6_KLEPN,0,0,0,0
tr|W1DLZ7|W1DLZ7_KLEPN,0,0,0,0
tr|W1DLZ9|W1DLZ9_KLEPN,0,0,0,0
tr|W1DM01|W1DM01_KLEPN,1,1,1,0
tr|W1DM02|W1DM02_KLEPN,0,0,0,0
tr|W1DM03|W1DM03_KLEPN,0,0,0,0
tr|W1DM05|W1DM05_KLEPN,0,0,0,0
tr|W1DM06|W1DM06_KLEPN,0,0,0,0
tr|W1DM07|W1DM07_KLEPN,0,0,0,0
tr|W1DM08|W1DM08_KLEPN,0,0,0,0
tr|W1DM10|W1DM10_KLEPN,0,0,0,0
tr|W1DM11|W1DM11_KLEPN,0,0,0,0
tr|W1DM12|W1DM12_KLEPN,0,0,0,0
tr|W1DM13|W1DM13_KLEPN,0,0,0,0
tr|W1DM14|W1DM14_KLEPN,0,0,0,0
tr|W1DM15|W1DM15_KLEPN,0,0,0,0
tr|W1DM18|W1DM18_KLEPN,0,0,0,0
tr|W1DM19|W1DM19_KLEPN,0,0,0,0
tr|W1DM21|W1DM21_KLEPN,0,0,0,0
tr|W1DM22|W1DM22_KLEPN,0,0,0,0
tr|W1DM23|W1DM23_KLEPN,0,0,0,0
tr|W1DM24|W1DM24_KLEPN,0,0,0,0
tr|W1DM25|W1DM25_KLEPN,0,0,0,0
tr|W1DM26|W1DM26_KLEPN,0,0,0,0
tr|W1DM27|W1DM27_KLEPN,0,0,0,0
tr|W1DM28|W1DM28_KLEPN,0,0,0,0
tr|W1DM29|W1DM29_KLEPN,0,0,0,0
tr|W1DM32|W1DM32_KLEPN,0,0,0,0
tr|W1DM33|W1DM33_KLEPN,0,0,0,0
tr|W1DM34|W1DM34_KLEPN,0,0,0,0
tr|W1DM35|W1DM35_KLEPN,0,0,0,0
tr|W1DM36|W1DM36_KLEPN,0,0,0,0
tr|W1DM38|W1DM38_KLEPN,0,0,0,0
tr|W1DM40|W1DM40_KLEPN,0,0,0,0
tr|W1DM41|W1DM41_KLEPN,0,0,0,0
tr|W1DM42|W1DM42_KLEPN,0,0,0,0
tr|W1DM43|W1DM43_KLEPN,0,0,0,0
tr|W1DM45|W1DM45_KLEPN,0,0,0,0
tr|W1DM49|W1DM49_KLEPN,0,0,0,0
tr|W1DM50|W1DM50_KLEPN,0,0,0,0
tr|W1DM52|W1DM52_KLEPN,0,0,0,0
tr|W1DM53|W1DM53_KLEPN,0,0,0,0
tr|W1DM54|W1DM54_KLEPN,0,0,0,0
tr|W1DM55|W1DM55_KLEPN,0,0,0,0
tr|W1DM56|W1DM56_KLEPN,0,0,0,0
tr|W1DM57|W1DM57_KLEPN,0,0,0,0
tr|W1DM58|W1DM58_KLEPN,0,0,0,0
tr|W1DM59|W1DM59_KLEPN,0,0,0,0
tr|W1DM61|W1DM61_KLEPN,0,0,0,0
tr|W1DM62|W1DM62_KLEPN,0,0,0,0
tr|W1DM63|W1DM63_KLEPN,0,0,0,0
tr|W1DM64|W1DM64_KLEPN,0,0,0,0
tr|W1DM67|W1DM67_KLEPN,0,0,0,0
tr|W1DM68|W1DM68_KLEPN,0,0,0,0
tr|W1DM71|W1DM71_KLEPN,0,0,0,0
tr|W1DM72|W1DM72_KLEPN,1,1,1,0
tr|W1DM74|W1DM74_KLEPN,0,0,0,0
tr|W1DM76|W1DM76_KLEPN,1,0,0,0
tr|W1DM77|W1DM77_KLEPN,0,0,0,0
tr|W1DM78|W1DM78_KLEPN,0,0,0,0
tr|W1DM79|W1DM79_KLEPN,0,0,0,0
tr|W1DM81|W1DM81_KLEPN,0,0,0,0
tr|W1DM82|W1DM82_KLEPN,0,0,0,0
tr|W1DM83|W1DM83_KLEPN,0,0,0,0
tr|W1DM84|W1DM84_KLEPN,0,0,0,0
tr|W1DM85|W1DM85_KLEPN,0,0,0,0
tr|W1DM87|W1DM87_KLEPN,0,0,0,0
tr|W1DM88|W1DM88_KLEPN,0,0,0,0
tr|W1DM89|W1DM89_KLEPN,0,0,0,0
tr|W1DM91|W1DM91_KLEPN,0,0,0,0
tr|W1DM92|W1DM92_KLEPN,0,0,0,0
tr|W1DM97|W1DM97_KLEPN,0,0,0,0
tr|W1DM98|W1DM98_KLEPN,0,0,0,0
tr|W1DM99|W1DM99_KLEPN,0,0,0,0
tr|W1DMA0|W1DMA0_KLEPN,0,0,0,0
tr|W1DMA3|W1DMA3_KLEPN,0,0,0,0
tr|W1DMA4|W1DMA4_KLEPN,0,0,0,0
tr|W1DMA5|W1DMA5_KLEPN,1,1,1,0
tr|W1DMA6|W1DMA6_KLEPN,0,0,0,0
tr|W1DMA7|W1DMA7_KLEPN,0,0,0,0
tr|W1DMA8|W1DMA8_KLEPN,0,0,0,0
tr|W1DMB0|W1DMB0_KLEPN,0,0,0,0
tr|W1DMB1|W1DMB1_KLEPN,0,0,0,0
tr|W1DMB2|W1DMB2_KLEPN,0,0,0,0
tr|W1DMB3|W1DMB3_KLEPN,0,0,0,0
tr|W1DMB4|W1DMB4_KLEPN,0,0,0,0
tr|W1DMB5|W1DMB5_KLEPN,0,0,0,0
tr|W1DMB7|W1DMB7_KLEPN,0,0,0,0
tr|W1DMB8|W1DMB8_KLEPN,0,0,0,0
tr|W1DMC0|W1DMC0_KLEPN,0,0,0,0
tr|W1DMC1|W1DMC1_KLEPN,0,0,0,0
tr|W1DMC2|W1DMC2_KLEPN,0,0,0,0
tr|W1DMC3|W1DMC3_KLEPN,0,0,0,0
tr|W1DMC4|W1DMC4_KLEPN,0,0,0,0
tr|W1DMC6|W1DMC6_KLEPN,0,0,0,0
tr|W1DMC7|W1DMC7_KLEPN,0,0,0,0
tr|W1DMC9|W1DMC9_KLEPN,0,0,0,0
tr|W1DMD0|W1DMD0_KLEPN,0,0,0,0
tr|W1DMD3|W1DMD3_KLEPN,0,0,0,0
tr|W1DMD4|W1DMD4_KLEPN,0,0,0,0
tr|W1DMD6|W1DMD6_KLEPN,0,0,0,0
tr|W1DMD7|W1DMD7_KLEPN,0,0,0,0
tr|W1DMD8|W1DMD8_KLEPN,0,0,0,0
tr|W1DMD9|W1DMD9_KLEPN,0,0,0,0
tr|W1DME0|W1DME0_KLEPN,0,0,0,0
tr|W1DME1|W1DME1_KLEPN,0,0,0,0
tr|W1DME2|W1DME2_KLEPN,0,0,0,0
tr|W1DME3|W1DME3_KLEPN,0,0,0,0
tr|W1DME4|W1DME4_KLEPN,0,0,0,0
tr|W1DME5|W1DME5_KLEPN,0,0,0,0
tr|W1DME6|W1DME6_KLEPN,0,0,0,0
tr|W1DME8|W1DME8_KLEPN,0,0,0,0
tr|W1DME9|W1DME9_KLEPN,0,0,0,0
tr|W1DMF0|W1DMF0_KLEPN,0,0,0,0
tr|W1DMF2|W1DMF2_KLEPN,0,0,0,0
tr|W1DMF4|W1DMF4_KLEPN,0,0,0,0
tr|W1DMF5|W1DMF5_KLEPN,0,0,0,0
tr|W1DMF7|W1DMF7_KLEPN,0,0,0,0
tr|W1DMF8|W1DMF8_KLEPN,0,0,0,0
tr|W1DMF9|W1DMF9_KLEPN,0,0,0,0
tr|W1DMG0|W1DMG0_KLEPN,0,0,0,0
tr|W1DMG1|W1DMG1_KLEPN,0,0,0,0
tr|W1DMG3|W1DMG3_KLEPN,0,0,0,0
tr|W1DMG6|W1DMG6_KLEPN,0,0,0,0
tr|W1DMG7|W1DMG7_KLEPN,0,0,0,0
tr|W1DMG8|W1DMG8_KLEPN,0,0,0,0
tr|W1DMH0|W1DMH0_KLEPN,0,0,0,0
tr|W1DMH2|W1DMH2_KLEPN,0,0,0,0
tr|W1DMH4|W1DMH4_KLEPN,0,0,0,0
tr|W1DMH5|W1DMH5_KLEPN,0,0,0,0
tr|W1DMH7|W1DMH7_KLEPN,0,0,0,0
tr|W1DMH9|W1DMH9_KLEPN,0,0,0,0
tr|W1DMI0|W1DMI0_KLEPN,0,0,0,0
tr|W1DMI1|W1DMI1_KLEPN,1,1,1,0
tr|W1DMI2|W1DMI2_KLEPN,0,0,0,0
tr|W1DMI3|W1DMI3_KLEPN,0,0,0,0
tr|W1DMI5|W1DMI5_KLEPN,0,0,0,0
tr|W1DMI6|W1DMI6_KLEPN,0,0,0,0
tr|W1DMI7|W1DMI7_KLEPN,0,0,0,0
tr|W1DMI8|W1DMI8_KLEPN,0,0,0,0
tr|W1DMI9|W1DMI9_KLEPN,0,0,0,0
tr|W1DMJ0|W1DMJ0_KLEPN,0,0,0,0
tr|W1DMJ2|W1DMJ2_KLEPN,0,0,0,0
tr|W1DMJ4|W1DMJ4_KLEPN,0,0,0,0
tr|W1DMJ5|W1DMJ5_KLEPN,0,0,0,0
tr|W1DMJ7|W1DMJ7_KLEPN,0,0,0,0
tr|W1DMK1|W1DMK1_KLEPN,0,0,0,0
tr|W1DMK3|W1DMK3_KLEPN,0,0,0,0
tr|W1DMK4|W1DMK4_KLEPN,0,0,0,0
tr|W1DMK5|W1DMK5_KLEPN,0,0,0,0
tr|W1DMK7|W1DMK7_KLEPN,0,0,0,0
tr|W1DMK9|W1DMK9_KLEPN,0,0,0,0
tr|W1DML0|W1DML0_KLEPN,0,0,0,0
tr|W1DML1|W1DML1_KLEPN,0,0,0,0
tr|W1DML2|W1DML2_KLEPN,0,0,0,0
tr|W1DML3|W1DML3_KLEPN,0,0,0,0
tr|W1DML4|W1DML4_KLEPN,0,0,0,0
tr|W1DML5|W1DML5_KLEPN,0,0,0,0
tr|W1DML6|W1DML6_KLEPN,0,0,0,0
tr|W1DML9|W1DML9_KLEPN,0,0,0,0
tr|W1DMM1|W1DMM1_KLEPN,0,0,0,0
tr|W1DMM3|W1DMM3_KLEPN,0,0,0,0
tr|W1DMM4|W1DMM4_KLEPN,0,0,0,0
tr|W1DMM6|W1DMM6_KLEPN,0,0,0,0
tr|W1DMM7|W1DMM7_KLEPN,0,0,0,0
tr|W1DMM8|W1DMM8_KLEPN,0,0,0,0
tr|W1DMN1|W1DMN1_KLEPN,0,0,0,0
tr|W1DMN2|W1DMN2_KLEPN,0,0,0,0
tr|W1DMN3|W1DMN3_KLEPN,0,0,0,0
tr|W1DMN4|W1DMN4_KLEPN,0,0,0,0
tr|W1DMN5|W1DMN5_KLEPN,0,0,0,0
tr|W1DMN6|W1DMN6_KLEPN,0,0,0,0
tr|W1DMN7|W1DMN7_KLEPN,0,0,0,0
tr|W1DMN8|W1DMN8_KLEPN,0,0,0,0
tr|W1DMP0|W1DMP0_KLEPN,0,0,0,0
tr|W1DMP1|W1DMP1_KLEPN,0,0,0,0
tr|W1DMP2|W1DMP2_KLEPN,0,0,0,0
tr|W1DMP4|W1DMP4_KLEPN,0,0,0,0
tr|W1DMP5|W1DMP5_KLEPN,0,0,0,0
tr|W1DMP6|W1DMP6_KLEPN,0,0,0,0
tr|W1DMP7|W1DMP7_KLEPN,0,0,0,0
tr|W1DMP8|W1DMP8_KLEPN,0,0,0,0
tr|W1DMP9|W1DMP9_KLEPN,0,0,0,0
tr|W1DMQ0|W1DMQ0_KLEPN,0,0,0,0
tr|W1DMQ1|W1DMQ1_KLEPN,0,0,0,0
tr|W1DMQ3|W1DMQ3_KLEPN,0,0,0,0
tr|W1DMQ7|W1DMQ7_KLEPN,0,0,0,0
tr|W1DMQ9|W1DMQ9_KLEPN,0,0,0,0
tr|W1DMR0|W1DMR0_KLEPN,0,0,0,0
tr|W1DMR1|W1DMR1_KLEPN,0,0,0,0
tr|W1DMR2|W1DMR2_KLEPN,0,0,0,0
tr|W1DMR3|W1DMR3_KLEPN,1,1,1,0
tr|W1DMR4|W1DMR4_KLEPN,0,0,0,0
tr|W1DMR5|W1DMR5_KLEPN,0,0,0,0
tr|W1DMR6|W1DMR6_KLEPN,0,0,0,0
tr|W1DMR7|W1DMR7_KLEPN,0,0,0,0
tr|W1DMR8|W1DMR8_KLEPN,0,0,0,0
tr|W1DMR9|W1DMR9_KLEPN,0,0,0,0
tr|W1DMS0|W1DMS0_KLEPN,0,0,0,0
tr|W1DMS1|W1DMS1_KLEPN,0,0,0,0
tr|W1DMS2|W1DMS2_KLEPN,0,0,0,0
tr|W1DMS3|W1DMS3_KLEPN,0,0,0,0
tr|W1DMS5|W1DMS5_KLEPN,0,0,0,0
tr|W1DMS6|W1DMS6_KLEPN,0,0,0,0
tr|W1DMS7|W1DMS7_KLEPN,0,0,0,0
tr|W1DMS8|W1DMS8_KLEPN,1,0,0,0
tr|W1DMS9|W1DMS9_KLEPN,0,0,0,0
tr|W1DMT0|W1DMT0_KLEPN,1,1,1,0
tr|W1DMT1|W1DMT1_KLEPN,0,0,0,0
tr|W1DMT3|W1DMT3_KLEPN,1,1,1,0
tr|W1DMT4|W1DMT4_KLEPN,0,0,0,0
tr|W1DMT5|W1DMT5_KLEPN,0,0,0,0
tr|W1DMT7|W1DMT7_KLEPN,0,0,0,0
tr|W1DMT8|W1DMT8_KLEPN,0,0,0,0
tr|W1DMT9|W1DMT9_KLEPN,0,0,0,0
tr|W1DMU0|W1DMU0_KLEPN,0,0,0,0
tr|W1DMU1|W1DMU1_KLEPN,0,0,0,0
tr|W1DMU2|W1DMU2_KLEPN,1,1,1,0
tr|W1DMU3|W1DMU3_KLEPN,0,0,0,0
tr|W1DMU4|W1DMU4_KLEPN,0,0,0,0
tr|W1DMU5|W1DMU5_KLEPN,0,0,0,0
tr|W1DMU7|W1DMU7_KLEPN,0,0,0,0
tr|W1DMU8|W1DMU8_KLEPN,0,0,0,0
tr|W1DMV0|W1DMV0_KLEPN,0,0,0,0
tr|W1DMV1|W1DMV1_KLEPN,0,0,0,0
tr|W1DMV2|W1DMV2_KLEPN,0,0,0,0
tr|W1DMV3|W1DMV3_KLEPN,0,0,0,0
tr|W1DMV5|W1DMV5_KLEPN,0,0,0,0
tr|W1DMV7|W1DMV7_KLEPN,0,0,0,0
tr|W1DMV8|W1DMV8_KLEPN,0,0,0,0
tr|W1DMV9|W1DMV9_KLEPN,0,0,0,0
tr|W1DMW0|W1DMW0_KLEPN,0,0,0,0
tr|W1DMW1|W1DMW1_KLEPN,0,0,0,0
tr|W1DMW2|W1DMW2_KLEPN,1,1,1,0
tr|W1DMW4|W1DMW4_KLEPN,1,1,1,0
tr|W1DMW5|W1DMW5_KLEPN,0,0,0,0
tr|W1DMW6|W1DMW6_KLEPN,0,0,0,0
tr|W1DMW9|W1DMW9_KLEPN,0,0,0,0
tr|W1DMX2|W1DMX2_KLEPN,0,0,0,0
tr|W1DMX3|W1DMX3_KLEPN,0,0,0,0
tr|W1DMX4|W1DMX4_KLEPN,1,1,1,0
tr|W1DMX6|W1DMX6_KLEPN,0,0,0,0
tr|W1DMX7|W1DMX7_KLEPN,0,0,0,0
tr|W1DMX8|W1DMX8_KLEPN,0,0,0,0
tr|W1DMX9|W1DMX9_KLEPN,0,0,0,0
tr|W1DMY0|W1DMY0_KLEPN,0,0,0,0
tr|W1DMY3|W1DMY3_KLEPN,1,1,0,0
tr|W1DMY4|W1DMY4_KLEPN,1,1,1,0
tr|W1DMY5|W1DMY5_KLEPN,0,0,0,0
tr|W1DMY6|W1DMY6_KLEPN,0,0,0,0
tr|W1DMY7|W1DMY7_KLEPN,0,0,0,0
tr|W1DMY8|W1DMY8_KLEPN,0,0,0,0
tr|W1DMY9|W1DMY9_KLEPN,0,0,0,0
tr|W1DMZ0|W1DMZ0_KLEPN,0,0,0,0
tr|W1DMZ1|W1DMZ1_KLEPN,0,0,0,0
tr|W1DMZ2|W1DMZ2_KLEPN,0,0,0,0
tr|W1DMZ4|W1DMZ4_KLEPN,0,0,0,0
tr|W1DMZ5|W1DMZ5_KLEPN,0,0,0,0
tr|W1DMZ6|W1DMZ6_KLEPN,0,0,0,0
tr|W1DMZ7|W1DMZ7_KLEPN,0,0,0,0
tr|W1DMZ8|W1DMZ8_KLEPN,1,1,1,0
tr|W1DMZ9|W1DMZ9_KLEPN,0,0,0,0
tr|W1DN00|W1DN00_KLEPN,0,0,0,0
tr|W1DN01|W1DN01_KLEPN,0,0,0,0
tr|W1DN02|W1DN02_KLEPN,0,0,0,0
tr|W1DN05|W1DN05_KLEPN,0,0,0,0
tr|W1DN06|W1DN06_KLEPN,0,0,0,0
tr|W1DN08|W1DN08_KLEPN,0,0,0,0
tr|W1DN09|W1DN09_KLEPN,1,1,1,0
tr|W1DN12|W1DN12_KLEPN,1,1,1,0
tr|W1DN13|W1DN13_KLEPN,0,0,0,0
tr|W1DN15|W1DN15_KLEPN,0,0,0,0
tr|W1DN16|W1DN16_KLEPN,0,0,0,0
tr|W1DN17|W1DN17_KLEPN,0,0,0,0
tr|W1DN18|W1DN18_KLEPN,0,0,0,0
tr|W1DN19|W1DN19_KLEPN,0,0,0,0
tr|W1DN20|W1DN20_KLEPN,0,0,0,0
tr|W1DN21|W1DN21_KLEPN,0,0,0,0
tr|W1DN22|W1DN22_KLEPN,0,0,0,0
tr|W1DN24|W1DN24_KLEPN,0,0,0,0
tr|W1DN25|W1DN25_KLEPN,0,0,0,0
tr|W1DN27|W1DN27_KLEPN,0,0,0,0
tr|W1DN28|W1DN28_KLEPN,0,0,0,0
tr|W1DN29|W1DN29_KLEPN,0,0,0,0
tr|W1DN31|W1DN31_KLEPN,0,0,0,0
tr|W1DN32|W1DN32_KLEPN,1,1,1,1
tr|W1DN33|W1DN33_KLEPN,0,0,0,0
tr|W1DN34|W1DN34_KLEPN,0,0,0,0
tr|W1DN36|W1DN36_KLEPN,0,0,0,0
tr|W1DN37|W1DN37_KLEPN,0,0,0,0
tr|W1DN38|W1DN38_KLEPN,0,0,0,0
tr|W1DN40|W1DN40_KLEPN,1,1,1,0
tr|W1DN42|W1DN42_KLEPN,0,0,0,0
tr|W1DN43|W1DN43_KLEPN,0,0,0,0
tr|W1DN44|W1DN44_KLEPN,0,0,0,0
tr|W1DN45|W1DN45_KLEPN,0,0,0,0
tr|W1DN46|W1DN46_KLEPN,0,0,0,0
tr|W1DN48|W1DN48_KLEPN,0,0,0,0
tr|W1DN49|W1DN49_KLEPN,0,0,0,0
tr|W1DN51|W1DN51_KLEPN,0,0,0,0
tr|W1DN52|W1DN52_KLEPN,0,0,0,0
tr|W1DN53|W1DN53_KLEPN,0,0,0,0
tr|W1DN54|W1DN54_KLEPN,0,0,0,0
tr|W1DN55|W1DN55_KLEPN,0,0,0,0
tr|W1DN56|W1DN56_KLEPN,0,0,0,0
tr|W1DN57|W1DN57_KLEPN,1,0,0,0
tr|W1DN58|W1DN58_KLEPN,0,0,0,0
tr|W1DN59|W1DN59_KLEPN,0,0,0,0
tr|W1DN60|W1DN60_KLEPN,0,0,0,0
tr|W1DN61|W1DN61_KLEPN,0,0,0,0
tr|W1DN63|W1DN63_KLEPN,0,0,0,0
tr|W1DN64|W1DN64_KLEPN,0,0,0,0
tr|W1DN66|W1DN66_KLEPN,0,0,0,0
tr|W1DN67|W1DN67_KLEPN,1,1,1,0
tr|W1DN68|W1DN68_KLEPN,0,0,0,0
tr|W1DN69|W1DN69_KLEPN,0,0,0,0
tr|W1DN70|W1DN70_KLEPN,0,0,0,0
tr|W1DN72|W1DN72_KLEPN,0,0,0,0
tr|W1DN73|W1DN73_KLEPN,0,0,0,0
tr|W1DN74|W1DN74_KLEPN,0,0,0,0
tr|W1DN76|W1DN76_KLEPN,0,0,0,0
tr|W1DN77|W1DN77_KLEPN,0,0,0,0
tr|W1DN78|W1DN78_KLEPN,0,0,0,0
tr|W1DN79|W1DN79_KLEPN,0,0,0,0
tr|W1DN81|W1DN81_KLEPN,0,0,0,0
tr|W1DN82|W1DN82_KLEPN,0,0,0,0
tr|W1DN84|W1DN84_KLEPN,1,1,1,0
tr|W1DN85|W1DN85_KLEPN,0,0,0,0
tr|W1DN86|W1DN86_KLEPN,0,0,0,0
tr|W1DN87|W1DN87_KLEPN,0,0,0,0
tr|W1DN88|W1DN88_KLEPN,0,0,0,0
tr|W1DN89|W1DN89_KLEPN,0,0,0,0
tr|W1DN90|W1DN90_KLEPN,1,1,0,0
tr|W1DN91|W1DN91_KLEPN,0,0,0,0
tr|W1DN92|W1DN92_KLEPN,0,0,0,0
tr|W1DN94|W1DN94_KLEPN,0,0,0,0
tr|W1DN95|W1DN95_KLEPN,0,0,0,0
tr|W1DN96|W1DN96_KLEPN,0,0,0,0
tr|W1DN99|W1DN99_KLEPN,0,0,0,0
tr|W1DNA1|W1DNA1_KLEPN,0,0,0,0
tr|W1DNA4|W1DNA4_KLEPN,0,0,0,0
tr|W1DNA5|W1DNA5_KLEPN,0,0,0,0
tr|W1DNA6|W1DNA6_KLEPN,0,0,0,0
tr|W1DNA7|W1DNA7_KLEPN,0,0,0,0
tr|W1DNA8|W1DNA8_KLEPN,0,0,0,0
tr|W1DNB0|W1DNB0_KLEPN,0,0,0,0
tr|W1DNB1|W1DNB1_KLEPN,0,0,0,0
tr|W1DNB2|W1DNB2_KLEPN,0,0,0,0
tr|W1DNB3|W1DNB3_KLEPN,0,0,0,0
tr|W1DNB4|W1DNB4_KLEPN,0,0,0,0
tr|W1DNB5|W1DNB5_KLEPN,0,0,0,0
tr|W1DNB8|W1DNB8_KLEPN,0,0,0,0
tr|W1DNC0|W1DNC0_KLEPN,0,0,0,0
tr|W1DNC1|W1DNC1_KLEPN,0,0,0,0
tr|W1DNC3|W1DNC3_KLEPN,0,0,0,0
tr|W1DNC5|W1DNC5_KLEPN,0,0,0,0
tr|W1DNC6|W1DNC6_KLEPN,0,0,0,0
tr|W1DNC7|W1DNC7_KLEPN,0,0,0,0
tr|W1DNC8|W1DNC8_KLEPN,0,0,0,0
tr|W1DND3|W1DND3_KLEPN,0,0,0,0
tr|W1DND5|W1DND5_KLEPN,0,0,0,0
tr|W1DND6|W1DND6_KLEPN,0,0,0,0
tr|W1DND7|W1DND7_KLEPN,0,0,0,0
tr|W1DND8|W1DND8_KLEPN,0,0,0,0
tr|W1DND9|W1DND9_KLEPN,0,0,0,0
tr|W1DNE0|W1DNE0_KLEPN,0,0,0,0
tr|W1DNE2|W1DNE2_KLEPN,0,0,0,0
tr|W1DNE3|W1DNE3_KLEPN,0,0,0,0
tr|W1DNE4|W1DNE4_KLEPN,0,0,0,0
tr|W1DNE5|W1DNE5_KLEPN,0,0,0,0
tr|W1DNE6|W1DNE6_KLEPN,0,0,0,0
tr|W1DNE7|W1DNE7_KLEPN,0,0,0,0
tr|W1DNE8|W1DNE8_KLEPN,0,0,0,0
tr|W1DNE9|W1DNE9_KLEPN,0,0,0,0
tr|W1DNF2|W1DNF2_KLEPN,0,0,0,0
tr|W1DNF3|W1DNF3_KLEPN,0,0,0,0
tr|W1DNF5|W1DNF5_KLEPN,1,1,1,0
tr|W1DNF7|W1DNF7_KLEPN,0,0,0,0
tr|W1DNF9|W1DNF9_KLEPN,0,0,0,0
tr|W1DNG1|W1DNG1_KLEPN,0,0,0,0
tr|W1DNG2|W1DNG2_KLEPN,0,0,0,0
tr|W1DNG3|W1DNG3_KLEPN,0,0,0,0
tr|W1DNG4|W1DNG4_KLEPN,0,0,0,0
tr|W1DNG5|W1DNG5_KLEPN,0,0,0,0
tr|W1DNG6|W1DNG6_KLEPN,0,0,0,0
tr|W1DNG7|W1DNG7_KLEPN,0,0,0,0
tr|W1DNG8|W1DNG8_KLEPN,0,0,0,0
tr|W1DNG9|W1DNG9_KLEPN,1,1,1,0
tr|W1DNH1|W1DNH1_KLEPN,0,0,0,0
tr|W1DNH2|W1DNH2_KLEPN,0,0,0,0
tr|W1DNH4|W1DNH4_KLEPN,0,0,0,0
tr|W1DNH5|W1DNH5_KLEPN,0,0,0,0
tr|W1DNH6|W1DNH6_KLEPN,0,0,0,0
tr|W1DNH7|W1DNH7_KLEPN,0,0,0,0
tr|W1DNH8|W1DNH8_KLEPN,1,1,0,0
tr|W1DNI1|W1DNI1_KLEPN,0,0,0,0
tr|W1DNI3|W1DNI3_KLEPN,0,0,0,0
tr|W1DNI4|W1DNI4_KLEPN,0,0,0,0
tr|W1DNI5|W1DNI5_KLEPN,0,0,0,0
tr|W1DNI6|W1DNI6_KLEPN,0,0,0,0
tr|W1DNI7|W1DNI7_KLEPN,0,0,0,0
tr|W1DNI9|W1DNI9_KLEPN,0,0,0,0
tr|W1DNJ0|W1DNJ0_KLEPN,0,0,0,0
tr|W1DNJ2|W1DNJ2_KLEPN,0,0,0,0
tr|W1DNJ4|W1DNJ4_KLEPN,0,0,0,0
tr|W1DNJ5|W1DNJ5_KLEPN,0,0,0,0
tr|W1DNJ6|W1DNJ6_KLEPN,0,0,0,0
tr|W1DNJ7|W1DNJ7_KLEPN,1,0,0,0
tr|W1DNJ9|W1DNJ9_KLEPN,0,0,0,0
tr|W1DNK0|W1DNK0_KLEPN,0,0,0,0
tr|W1DNK3|W1DNK3_KLEPN,0,0,0,0
tr|W1DNK4|W1DNK4_KLEPN,0,0,0,0
tr|W1DNK5|W1DNK5_KLEPN,0,0,0,0
tr|W1DNK7|W1DNK7_KLEPN,0,0,0,0
tr|W1DNK8|W1DNK8_KLEPN,1,0,0,0
tr|W1DNK9|W1DNK9_KLEPN,0,0,0,0
tr|W1DNL2|W1DNL2_KLEPN,0,0,0,0
tr|W1DNL3|W1DNL3_KLEPN,0,0,0,0
tr|W1DNL4|W1DNL4_KLEPN,0,0,0,0
tr|W1DNL7|W1DNL7_KLEPN,0,0,0,0
tr|W1DNL8|W1DNL8_KLEPN,0,0,0,0
tr|W1DNM0|W1DNM0_KLEPN,0,0,0,0
tr|W1DNM1|W1DNM1_KLEPN,0,0,0,0
tr|W1DNM2|W1DNM2_KLEPN,0,0,0,0
tr|W1DNM3|W1DNM3_KLEPN,0,0,0,0
tr|W1DNM4|W1DNM4_KLEPN,0,0,0,0
tr|W1DNM6|W1DNM6_KLEPN,0,0,0,0
tr|W1DNM7|W1DNM7_KLEPN,0,0,0,0
tr|W1DNM8|W1DNM8_KLEPN,0,0,0,0
tr|W1DNM9|W1DNM9_KLEPN,0,0,0,0
tr|W1DNN0|W1DNN0_KLEPN,0,0,0,0
tr|W1DNN2|W1DNN2_KLEPN,0,0,0,0
tr|W1DNN4|W1DNN4_KLEPN,0,0,0,0
tr|W1DNN6|W1DNN6_KLEPN,0,0,0,0
tr|W1DNN7|W1DNN7_KLEPN,0,0,0,0
tr|W1DNN8|W1DNN8_KLEPN,0,0,0,0
tr|W1DNP1|W1DNP1_KLEPN,0,0,0,0
tr|W1DNP2|W1DNP2_KLEPN,0,0,0,0
tr|W1DNP5|W1DNP5_KLEPN,0,0,0,0
tr|W1DNP7|W1DNP7_KLEPN,0,0,0,0
tr|W1DNP8|W1DNP8_KLEPN,0,0,0,0
tr|W1DNP9|W1DNP9_KLEPN,0,0,0,0
tr|W1DNQ0|W1DNQ0_KLEPN,0,0,0,0
tr|W1DNQ3|W1DNQ3_KLEPN,0,0,0,0
tr|W1DNQ4|W1DNQ4_KLEPN,0,0,0,0
tr|W1DNQ5|W1DNQ5_KLEPN,0,0,0,0
tr|W1DNQ7|W1DNQ7_KLEPN,0,0,0,0
tr|W1DNQ8|W1DNQ8_KLEPN,0,0,0,0
tr|W1DNR0|W1DNR0_KLEPN,1,1,1,0
tr|W1DNR1|W1DNR1_KLEPN,0,0,0,0
tr|W1DNR2|W1DNR2_KLEPN,0,0,0,0
tr|W1DNR3|W1DNR3_KLEPN,0,0,0,0
tr|W1DNR6|W1DNR6_KLEPN,0,0,0,0
tr|W1DNR7|W1DNR7_KLEPN,0,0,0,0
tr|W1DNR8|W1DNR8_KLEPN,1,0,0,0
tr|W1DNR9|W1DNR9_KLEPN,0,0,0,0
tr|W1DNS0|W1DNS0_KLEPN,0,0,0,0
tr|W1DNS1|W1DNS1_KLEPN,0,0,0,0
tr|W1DNS2|W1DNS2_KLEPN,0,0,0,0
tr|W1DNS3|W1DNS3_KLEPN,0,0,0,0
tr|W1DNS5|W1DNS5_KLEPN,1,1,1,0
tr|W1DNS6|W1DNS6_KLEPN,0,0,0,0
tr|W1DNS7|W1DNS7_KLEPN,0,0,0,0
tr|W1DNT0|W1DNT0_KLEPN,0,0,0,0
tr|W1DNT1|W1DNT1_KLEPN,0,0,0,0
tr|W1DNT4|W1DNT4_KLEPN,0,0,0,0
tr|W1DNT5|W1DNT5_KLEPN,0,0,0,0
tr|W1DNT6|W1DNT6_KLEPN,0,0,0,0
tr|W1DNT7|W1DNT7_KLEPN,0,0,0,0
tr|W1DNT9|W1DNT9_KLEPN,0,0,0,0
tr|W1DNU0|W1DNU0_KLEPN,0,0,0,0
tr|W1DNU2|W1DNU2_KLEPN,0,0,0,0
tr|W1DNU3|W1DNU3_KLEPN,0,0,0,0
tr|W1DNU4|W1DNU4_KLEPN,0,0,0,0
tr|W1DNU7|W1DNU7_KLEPN,0,0,0,0
tr|W1DNU8|W1DNU8_KLEPN,0,0,0,0
tr|W1DNU9|W1DNU9_KLEPN,0,0,0,0
tr|W1DNV0|W1DNV0_KLEPN,0,0,0,0
tr|W1DNV1|W1DNV1_KLEPN,0,0,0,0
tr|W1DNV3|W1DNV3_KLEPN,0,0,0,0
tr|W1DNV5|W1DNV5_KLEPN,0,0,0,0
tr|W1DNV7|W1DNV7_KLEPN,1,1,1,0
tr|W1DNV8|W1DNV8_KLEPN,0,0,0,0
tr|W1DNV9|W1DNV9_KLEPN,0,0,0,0
tr|W1DNW0|W1DNW0_KLEPN,0,0,0,0
tr|W1DNW2|W1DNW2_KLEPN,0,0,0,0
tr|W1DNW3|W1DNW3_KLEPN,0,0,0,0
tr|W1DNW4|W1DNW4_KLEPN,0,0,0,0
tr|W1DNW7|W1DNW7_KLEPN,0,0,0,0
tr|W1DNW8|W1DNW8_KLEPN,0,0,0,0
tr|W1DNX0|W1DNX0_KLEPN,0,0,0,0
tr|W1DNX1|W1DNX1_KLEPN,0,0,0,0
tr|W1DNX2|W1DNX2_KLEPN,0,0,0,0
tr|W1DNX5|W1DNX5_KLEPN,0,0,0,0
tr|W1DNX6|W1DNX6_KLEPN,0,0,0,0
tr|W1DNX7|W1DNX7_KLEPN,0,0,0,0
tr|W1DNX9|W1DNX9_KLEPN,0,0,0,0
tr|W1DNY0|W1DNY0_KLEPN,0,0,0,0
tr|W1DNY1|W1DNY1_KLEPN,0,0,0,0
tr|W1DNY3|W1DNY3_KLEPN,0,0,0,0
tr|W1DNY4|W1DNY4_KLEPN,0,0,0,0
tr|W1DNY5|W1DNY5_KLEPN,0,0,0,0
tr|W1DNY6|W1DNY6_KLEPN,0,0,0,0
tr|W1DNY7|W1DNY7_KLEPN,0,0,0,0
tr|W1DNY8|W1DNY8_KLEPN,0,0,0,0
tr|W1DNZ0|W1DNZ0_KLEPN,0,0,0,0
tr|W1DNZ2|W1DNZ2_KLEPN,0,0,0,0
tr|W1DNZ7|W1DNZ7_KLEPN,0,0,0,0
tr|W1DP01|W1DP01_KLEPN,0,0,0,0
tr|W1DP03|W1DP03_KLEPN,0,0,0,0
tr|W1DP04|W1DP04_KLEPN,0,0,0,0
tr|W1DP05|W1DP05_KLEPN,0,0,0,0
tr|W1DP06|W1DP06_KLEPN,0,0,0,0
tr|W1DP07|W1DP07_KLEPN,1,1,1,0
tr|W1DP08|W1DP08_KLEPN,0,0,0,0
tr|W1DP09|W1DP09_KLEPN,0,0,0,0
tr|W1DP10|W1DP10_KLEPN,0,0,0,0
tr|W1DP11|W1DP11_KLEPN,0,0,0,0
tr|W1DP12|W1DP12_KLEPN,0,0,0,0
tr|W1DP13|W1DP13_KLEPN,0,0,0,0
tr|W1DP14|W1DP14_KLEPN,0,0,0,0
tr|W1DP16|W1DP16_KLEPN,0,0,0,0
tr|W1DP17|W1DP17_KLEPN,0,0,0,0
tr|W1DP20|W1DP20_KLEPN,0,0,0,0
tr|W1DP21|W1DP21_KLEPN,0,0,0,0
tr|W1DP22|W1DP22_KLEPN,0,0,0,0
tr|W1DP23|W1DP23_KLEPN,0,0,0,0
tr|W1DP24|W1DP24_KLEPN,0,0,0,0
tr|W1DP25|W1DP25_KLEPN,0,0,0,0
tr|W1DP26|W1DP26_KLEPN,0,0,0,0
tr|W1DP28|W1DP28_KLEPN,0,0,0,0
tr|W1DP29|W1DP29_KLEPN,0,0,0,0
tr|W1DP30|W1DP30_KLEPN,0,0,0,0
tr|W1DP31|W1DP31_KLEPN,0,0,0,0
tr|W1DP33|W1DP33_KLEPN,0,0,0,0
tr|W1DP36|W1DP36_KLEPN,0,0,0,0
tr|W1DP37|W1DP37_KLEPN,1,1,1,0
tr|W1DP38|W1DP38_KLEPN,0,0,0,0
tr|W1DP40|W1DP40_KLEPN,0,0,0,0
tr|W1DP41|W1DP41_KLEPN,0,0,0,0
tr|W1DP42|W1DP42_KLEPN,0,0,0,0
tr|W1DP43|W1DP43_KLEPN,0,0,0,0
tr|W1DP45|W1DP45_KLEPN,0,0,0,0
tr|W1DP46|W1DP46_KLEPN,0,0,0,0
tr|W1DP48|W1DP48_KLEPN,0,0,0,0
tr|W1DP50|W1DP50_KLEPN,0,0,0,0
tr|W1DP51|W1DP51_KLEPN,0,0,0,0
tr|W1DP53|W1DP53_KLEPN,0,0,0,0
tr|W1DP54|W1DP54_KLEPN,0,0,0,0
tr|W1DP55|W1DP55_KLEPN,0,0,0,0
tr|W1DP56|W1DP56_KLEPN,1,1,1,0
tr|W1DP58|W1DP58_KLEPN,0,0,0,0
tr|W1DP61|W1DP61_KLEPN,0,0,0,0
tr|W1DP62|W1DP62_KLEPN,0,0,0,0
tr|W1DP63|W1DP63_KLEPN,0,0,0,0
tr|W1DP64|W1DP64_KLEPN,0,0,0,0
tr|W1DP65|W1DP65_KLEPN,0,0,0,0
tr|W1DP66|W1DP66_KLEPN,0,0,0,0
tr|W1DP67|W1DP67_KLEPN,0,0,0,0
tr|W1DP68|W1DP68_KLEPN,0,0,0,0
tr|W1DP70|W1DP70_KLEPN,0,0,0,0
tr|W1DP72|W1DP72_KLEPN,0,0,0,0
tr|W1DP74|W1DP74_KLEPN,0,0,0,0
tr|W1DP76|W1DP76_KLEPN,0,0,0,0
tr|W1DP77|W1DP77_KLEPN,0,0,0,0
tr|W1DP78|W1DP78_KLEPN,0,0,0,0
tr|W1DP80|W1DP80_KLEPN,0,0,0,0
tr|W1DP81|W1DP81_KLEPN,0,0,0,0
tr|W1DP82|W1DP82_KLEPN,0,0,0,0
tr|W1DP83|W1DP83_KLEPN,0,0,0,0
tr|W1DP84|W1DP84_KLEPN,0,0,0,0
tr|W1DP85|W1DP85_KLEPN,0,0,0,0
tr|W1DP86|W1DP86_KLEPN,0,0,0,0
tr|W1DP87|W1DP87_KLEPN,0,0,0,0
tr|W1DP89|W1DP89_KLEPN,0,0,0,0
tr|W1DP90|W1DP90_KLEPN,0,0,0,0
tr|W1DP91|W1DP91_KLEPN,0,0,0,0
tr|W1DP93|W1DP93_KLEPN,0,0,0,0
tr|W1DP94|W1DP94_KLEPN,0,0,0,0
tr|W1DP95|W1DP95_KLEPN,0,0,0,0
tr|W1DP96|W1DP96_KLEPN,0,0,0,0
tr|W1DP97|W1DP97_KLEPN,0,0,0,0
tr|W1DP98|W1DP98_KLEPN,0,0,0,0
tr|W1DP99|W1DP99_KLEPN,0,0,0,0
tr|W1DPA0|W1DPA0_KLEPN,0,0,0,0
tr|W1DPA1|W1DPA1_KLEPN,0,0,0,0
tr|W1DPA2|W1DPA2_KLEPN,0,0,0,0
tr|W1DPA4|W1DPA4_KLEPN,0,0,0,0
tr|W1DPA5|W1DPA5_KLEPN,0,0,0,0
tr|W1DPA6|W1DPA6_KLEPN,0,0,0,0
tr|W1DPA7|W1DPA7_KLEPN,0,0,0,0
tr|W1DPA8|W1DPA8_KLEPN,0,0,0,0
tr|W1DPB1|W1DPB1_KLEPN,0,0,0,0
tr|W1DPB2|W1DPB2_KLEPN,0,0,0,0
tr|W1DPB3|W1DPB3_KLEPN,0,0,0,0
tr|W1DPB5|W1DPB5_KLEPN,0,0,0,0
tr|W1DPB6|W1DPB6_KLEPN,0,0,0,0
tr|W1DPB7|W1DPB7_KLEPN,0,0,0,0
tr|W1DPB8|W1DPB8_KLEPN,0,0,0,0
tr|W1DPC1|W1DPC1_KLEPN,0,0,0,0
tr|W1DPC2|W1DPC2_KLEPN,0,0,0,0
tr|W1DPC3|W1DPC3_KLEPN,0,0,0,0
tr|W1DPC5|W1DPC5_KLEPN,1,1,1,0
tr|W1DPC7|W1DPC7_KLEPN,0,0,0,0
tr|W1DPC8|W1DPC8_KLEPN,0,0,0,0
tr|W1DPC9|W1DPC9_KLEPN,0,0,0,0
tr|W1DPD0|W1DPD0_KLEPN,0,0,0,0
tr|W1DPD2|W1DPD2_KLEPN,0,0,0,0
tr|W1DPD3|W1DPD3_KLEPN,0,0,0,0
tr|W1DPD4|W1DPD4_KLEPN,0,0,0,0
tr|W1DPD5|W1DPD5_KLEPN,0,0,0,0
tr|W1DPD6|W1DPD6_KLEPN,0,0,0,0
tr|W1DPD7|W1DPD7_KLEPN,0,0,0,0
tr|W1DPD8|W1DPD8_KLEPN,0,0,0,0
tr|W1DPD9|W1DPD9_KLEPN,0,0,0,0
tr|W1DPE2|W1DPE2_KLEPN,0,0,0,0
tr|W1DPE3|W1DPE3_KLEPN,0,0,0,0
tr|W1DPE4|W1DPE4_KLEPN,0,0,0,0
tr|W1DPE5|W1DPE5_KLEPN,0,0,0,0
tr|W1DPE7|W1DPE7_KLEPN,0,0,0,0
tr|W1DPE8|W1DPE8_KLEPN,0,0,0,0
tr|W1DPE9|W1DPE9_KLEPN,0,0,0,0
tr|W1DPF0|W1DPF0_KLEPN,0,0,0,0
tr|W1DPF1|W1DPF1_KLEPN,0,0,0,0
tr|W1DPF3|W1DPF3_KLEPN,0,0,0,0
tr|W1DPF5|W1DPF5_KLEPN,0,0,0,0
tr|W1DPF6|W1DPF6_KLEPN,0,0,0,0
tr|W1DPF7|W1DPF7_KLEPN,0,0,0,0
tr|W1DPF8|W1DPF8_KLEPN,0,0,0,0
tr|W1DPF9|W1DPF9_KLEPN,0,0,0,0
tr|W1DPG1|W1DPG1_KLEPN,0,0,0,0
tr|W1DPG3|W1DPG3_KLEPN,0,0,0,0
tr|W1DPG4|W1DPG4_KLEPN,0,0,0,0
tr|W1DPG6|W1DPG6_KLEPN,0,0,0,0
tr|W1DPG7|W1DPG7_KLEPN,0,0,0,0
tr|W1DPG8|W1DPG8_KLEPN,0,0,0,0
tr|W1DPH0|W1DPH0_KLEPN,0,0,0,0
tr|W1DPH1|W1DPH1_KLEPN,0,0,0,0
tr|W1DPH2|W1DPH2_KLEPN,1,0,0,0
tr|W1DPH3|W1DPH3_KLEPN,0,0,0,0
tr|W1DPH4|W1DPH4_KLEPN,0,0,0,0
tr|W1DPH5|W1DPH5_KLEPN,0,0,0,0
tr|W1DPH6|W1DPH6_KLEPN,0,0,0,0
tr|W1DPH7|W1DPH7_KLEPN,0,0,0,0
tr|W1DPI0|W1DPI0_KLEPN,0,0,0,0
tr|W1DPI1|W1DPI1_KLEPN,0,0,0,0
tr|W1DPI2|W1DPI2_KLEPN,0,0,0,0
tr|W1DPI3|W1DPI3_KLEPN,0,0,0,0
tr|W1DPI4|W1DPI4_KLEPN,0,0,0,0
tr|W1DPI5|W1DPI5_KLEPN,0,0,0,0
tr|W1DPI6|W1DPI6_KLEPN,0,0,0,0
tr|W1DPI8|W1DPI8_KLEPN,0,0,0,0
tr|W1DPI9|W1DPI9_KLEPN,0,0,0,0
tr|W1DPJ0|W1DPJ0_KLEPN,0,0,0,0
tr|W1DPJ2|W1DPJ2_KLEPN,0,0,0,0
tr|W1DPJ3|W1DPJ3_KLEPN,0,0,0,0
tr|W1DPJ5|W1DPJ5_KLEPN,0,0,0,0
tr|W1DPJ6|W1DPJ6_KLEPN,0,0,0,0
tr|W1DPJ7|W1DPJ7_KLEPN,0,0,0,0
tr|W1DPJ9|W1DPJ9_KLEPN,1,0,0,0
tr|W1DPK0|W1DPK0_KLEPN,0,0,0,0
tr|W1DPK1|W1DPK1_KLEPN,0,0,0,0
tr|W1DPK2|W1DPK2_KLEPN,0,0,0,0
tr|W1DPK3|W1DPK3_KLEPN,0,0,0,0
tr|W1DPK4|W1DPK4_KLEPN,0,0,0,0
tr|W1DPK6|W1DPK6_KLEPN,0,0,0,0
tr|W1DPK7|W1DPK7_KLEPN,0,0,0,0
tr|W1DPK9|W1DPK9_KLEPN,0,0,0,0
tr|W1DPL0|W1DPL0_KLEPN,0,0,0,0
tr|W1DPL2|W1DPL2_KLEPN,0,0,0,0
tr|W1DPL3|W1DPL3_KLEPN,0,0,0,0
tr|W1DPL5|W1DPL5_KLEPN,0,0,0,0
tr|W1DPL7|W1DPL7_KLEPN,0,0,0,0
tr|W1DPL8|W1DPL8_KLEPN,0,0,0,0
tr|W1DPL9|W1DPL9_KLEPN,0,0,0,0
tr|W1DPM0|W1DPM0_KLEPN,0,0,0,0
tr|W1DPM2|W1DPM2_KLEPN,0,0,0,0
tr|W1DPM4|W1DPM4_KLEPN,0,0,0,0
tr|W1DPM5|W1DPM5_KLEPN,1,1,1,0
tr|W1DPM8|W1DPM8_KLEPN,0,0,0,0
tr|W1DPM9|W1DPM9_KLEPN,1,1,1,0
tr|W1DPN0|W1DPN0_KLEPN,0,0,0,0
tr|W1DPN1|W1DPN1_KLEPN,0,0,0,0
tr|W1DPN2|W1DPN2_KLEPN,0,0,0,0
tr|W1DPN3|W1DPN3_KLEPN,0,0,0,0
tr|W1DPN4|W1DPN4_KLEPN,0,0,0,0
tr|W1DPN5|W1DPN5_KLEPN,0,0,0,0
tr|W1DPN6|W1DPN6_KLEPN,0,0,0,0
tr|W1DPN7|W1DPN7_KLEPN,0,0,0,0
tr|W1DPN9|W1DPN9_KLEPN,0,0,0,0
tr|W1DPP0|W1DPP0_KLEPN,0,0,0,0
tr|W1DPP1|W1DPP1_KLEPN,0,0,0,0
tr|W1DPP3|W1DPP3_KLEPN,0,0,0,0
tr|W1DPP4|W1DPP4_KLEPN,0,0,0,0
tr|W1DPP5|W1DPP5_KLEPN,1,1,1,0
tr|W1DPP6|W1DPP6_KLEPN,1,0,0,0
tr|W1DPP7|W1DPP7_KLEPN,0,0,0,0
tr|W1DPP8|W1DPP8_KLEPN,0,0,0,0
tr|W1DPP9|W1DPP9_KLEPN,0,0,0,0
tr|W1DPQ0|W1DPQ0_KLEPN,0,0,0,0
tr|W1DPQ2|W1DPQ2_KLEPN,0,0,0,0
tr|W1DPQ3|W1DPQ3_KLEPN,1,1,1,0
tr|W1DPQ5|W1DPQ5_KLEPN,0,0,0,0
tr|W1DPQ7|W1DPQ7_KLEPN,0,0,0,0
tr|W1DPQ8|W1DPQ8_KLEPN,0,0,0,0
tr|W1DPQ9|W1DPQ9_KLEPN,0,0,0,0
tr|W1DPR1|W1DPR1_KLEPN,0,0,0,0
tr|W1DPR2|W1DPR2_KLEPN,0,0,0,0
tr|W1DPR3|W1DPR3_KLEPN,0,0,0,0
tr|W1DPR4|W1DPR4_KLEPN,0,0,0,0
tr|W1DPR5|W1DPR5_KLEPN,0,0,0,0
tr|W1DPR6|W1DPR6_KLEPN,0,0,0,0
tr|W1DPR7|W1DPR7_KLEPN,0,0,0,0
tr|W1DPR8|W1DPR8_KLEPN,0,0,0,0
tr|W1DPR9|W1DPR9_KLEPN,0,0,0,0
tr|W1DPS0|W1DPS0_KLEPN,0,0,0,0
tr|W1DPS1|W1DPS1_KLEPN,0,0,0,0
tr|W1DPS2|W1DPS2_KLEPN,0,0,0,0
tr|W1DPS3|W1DPS3_KLEPN,0,0,0,0
tr|W1DPS4|W1DPS4_KLEPN,0,0,0,0
tr|W1DPS5|W1DPS5_KLEPN,0,0,0,0
tr|W1DPS6|W1DPS6_KLEPN,1,1,1,0
tr|W1DPS9|W1DPS9_KLEPN,0,0,0,0
tr|W1DPT0|W1DPT0_KLEPN,0,0,0,0
tr|W1DPT1|W1DPT1_KLEPN,1,1,1,0
tr|W1DPT2|W1DPT2_KLEPN,0,0,0,0
tr|W1DPT3|W1DPT3_KLEPN,0,0,0,0
tr|W1DPT5|W1DPT5_KLEPN,0,0,0,0
tr|W1DPT6|W1DPT6_KLEPN,0,0,0,0
tr|W1DPT7|W1DPT7_KLEPN,0,0,0,0
tr|W1DPT8|W1DPT8_KLEPN,0,0,0,0
tr|W1DPT9|W1DPT9_KLEPN,0,0,0,0
tr|W1DPU0|W1DPU0_KLEPN,0,0,0,0
tr|W1DPU1|W1DPU1_KLEPN,0,0,0,0
tr|W1DPU2|W1DPU2_KLEPN,0,0,0,0
tr|W1DPU3|W1DPU3_KLEPN,0,0,0,0
tr|W1DPU4|W1DPU4_KLEPN,0,0,0,0
tr|W1DPU5|W1DPU5_KLEPN,0,0,0,0
tr|W1DPU6|W1DPU6_KLEPN,0,0,0,0
tr|W1DPU7|W1DPU7_KLEPN,0,0,0,0
tr|W1DPU8|W1DPU8_KLEPN,0,0,0,0
tr|W1DPU9|W1DPU9_KLEPN,0,0,0,0
tr|W1DPV0|W1DPV0_KLEPN,1,1,1,0
tr|W1DPV1|W1DPV1_KLEPN,0,0,0,0
tr|W1DPV4|W1DPV4_KLEPN,0,0,0,0
tr|W1DPV5|W1DPV5_KLEPN,0,0,0,0
tr|W1DPV6|W1DPV6_KLEPN,0,0,0,0
tr|W1DPV7|W1DPV7_KLEPN,0,0,0,0
tr|W1DPV8|W1DPV8_KLEPN,0,0,0,0
tr|W1DPV9|W1DPV9_KLEPN,0,0,0,0
tr|W1DPW0|W1DPW0_KLEPN,0,0,0,0
tr|W1DPW1|W1DPW1_KLEPN,0,0,0,0
tr|W1DPW2|W1DPW2_KLEPN,0,0,0,0
tr|W1DPW3|W1DPW3_KLEPN,0,0,0,0
tr|W1DPW6|W1DPW6_KLEPN,0,0,0,0
tr|W1DPW7|W1DPW7_KLEPN,1,1,1,0
tr|W1DPW8|W1DPW8_KLEPN,0,0,0,0
tr|W1DPW9|W1DPW9_KLEPN,0,0,0,0
tr|W1DPX0|W1DPX0_KLEPN,0,0,0,0
tr|W1DPX1|W1DPX1_KLEPN,0,0,0,0
tr|W1DPX2|W1DPX2_KLEPN,1,1,1,0
tr|W1DPX3|W1DPX3_KLEPN,0,0,0,0
tr|W1DPX4|W1DPX4_KLEPN,0,0,0,0
tr|W1DPX6|W1DPX6_KLEPN,1,1,1,0
tr|W1DPX7|W1DPX7_KLEPN,0,0,0,0
tr|W1DPX8|W1DPX8_KLEPN,0,0,0,0
tr|W1DPX9|W1DPX9_KLEPN,0,0,0,0
tr|W1DPY1|W1DPY1_KLEPN,0,0,0,0
tr|W1DPY2|W1DPY2_KLEPN,0,0,0,0
tr|W1DPY3|W1DPY3_KLEPN,0,0,0,0
tr|W1DPY4|W1DPY4_KLEPN,0,0,0,0
tr|W1DPY6|W1DPY6_KLEPN,0,0,0,0
tr|W1DPY7|W1DPY7_KLEPN,0,0,0,0
tr|W1DPY8|W1DPY8_KLEPN,0,0,0,0
tr|W1DPZ0|W1DPZ0_KLEPN,0,0,0,0
tr|W1DPZ1|W1DPZ1_KLEPN,0,0,0,0
tr|W1DPZ2|W1DPZ2_KLEPN,0,0,0,0
tr|W1DPZ3|W1DPZ3_KLEPN,0,0,0,0
tr|W1DPZ4|W1DPZ4_KLEPN,0,0,0,0
tr|W1DPZ5|W1DPZ5_KLEPN,0,0,0,0
tr|W1DPZ7|W1DPZ7_KLEPN,1,1,1,0
tr|W1DQ00|W1DQ00_KLEPN,0,0,0,0
tr|W1DQ01|W1DQ01_KLEPN,0,0,0,0
tr|W1DQ02|W1DQ02_KLEPN,0,0,0,0
tr|W1DQ04|W1DQ04_KLEPN,1,1,1,0
tr|W1DQ05|W1DQ05_KLEPN,0,0,0,0
tr|W1DQ06|W1DQ06_KLEPN,0,0,0,0
tr|W1DQ07|W1DQ07_KLEPN,0,0,0,0
tr|W1DQ08|W1DQ08_KLEPN,0,0,0,0
tr|W1DQ09|W1DQ09_KLEPN,0,0,0,0
tr|W1DQ10|W1DQ10_KLEPN,1,1,1,0
tr|W1DQ11|W1DQ11_KLEPN,0,0,0,0
tr|W1DQ13|W1DQ13_KLEPN,0,0,0,0
tr|W1DQ15|W1DQ15_KLEPN,0,0,0,0
tr|W1DQ16|W1DQ16_KLEPN,1,1,1,0
tr|W1DQ17|W1DQ17_KLEPN,0,0,0,0
tr|W1DQ18|W1DQ18_KLEPN,0,0,0,0
tr|W1DQ19|W1DQ19_KLEPN,0,0,0,0
tr|W1DQ20|W1DQ20_KLEPN,0,0,0,0
tr|W1DQ21|W1DQ21_KLEPN,0,0,0,0
tr|W1DQ22|W1DQ22_KLEPN,0,0,0,0
tr|W1DQ23|W1DQ23_KLEPN,0,0,0,0
tr|W1DQ24|W1DQ24_KLEPN,0,0,0,0
tr|W1DQ25|W1DQ25_KLEPN,0,0,0,0
tr|W1DQ26|W1DQ26_KLEPN,0,0,0,0
tr|W1DQ27|W1DQ27_KLEPN,0,0,0,0
tr|W1DQ28|W1DQ28_KLEPN,0,0,0,0
tr|W1DQ29|W1DQ29_KLEPN,0,0,0,0
tr|W1DQ30|W1DQ30_KLEPN,0,0,0,0
tr|W1DQ31|W1DQ31_KLEPN,0,0,0,0
tr|W1DQ32|W1DQ32_KLEPN,0,0,0,0
tr|W1DQ33|W1DQ33_KLEPN,0,0,0,0
tr|W1DQ34|W1DQ34_KLEPN,0,0,0,0
tr|W1DQ35|W1DQ35_KLEPN,1,1,1,0
tr|W1DQ36|W1DQ36_KLEPN,0,0,0,0
tr|W1DQ37|W1DQ37_KLEPN,1,1,1,0
tr|W1DQ38|W1DQ38_KLEPN,0,0,0,0
tr|W1DQ40|W1DQ40_KLEPN,0,0,0,0
tr|W1DQ41|W1DQ41_KLEPN,0,0,0,0
tr|W1DQ42|W1DQ42_KLEPN,0,0,0,0
tr|W1DQ43|W1DQ43_KLEPN,0,0,0,0
tr|W1DQ44|W1DQ44_KLEPN,0,0,0,0
tr|W1DQ45|W1DQ45_KLEPN,0,0,0,0
tr|W1DQ46|W1DQ46_KLEPN,0,0,0,0
tr|W1DQ49|W1DQ49_KLEPN,0,0,0,0
tr|W1DQ52|W1DQ52_KLEPN,0,0,0,0
tr|W1DQ53|W1DQ53_KLEPN,0,0,0,0
tr|W1DQ54|W1DQ54_KLEPN,0,0,0,0
tr|W1DQ55|W1DQ55_KLEPN,0,0,0,0
tr|W1DQ57|W1DQ57_KLEPN,0,0,0,0
tr|W1DQ58|W1DQ58_KLEPN,0,0,0,0
tr|W1DQ59|W1DQ59_KLEPN,1,1,1,0
tr|W1DQ60|W1DQ60_KLEPN,0,0,0,0
tr|W1DQ61|W1DQ61_KLEPN,1,1,1,0
tr|W1DQ62|W1DQ62_KLEPN,0,0,0,0
tr|W1DQ63|W1DQ63_KLEPN,0,0,0,0
tr|W1DQ64|W1DQ64_KLEPN,0,0,0,0
tr|W1DQ65|W1DQ65_KLEPN,0,0,0,0
tr|W1DQ67|W1DQ67_KLEPN,0,0,0,0
tr|W1DQ68|W1DQ68_KLEPN,0,0,0,0
tr|W1DQ69|W1DQ69_KLEPN,0,0,0,0
tr|W1DQ70|W1DQ70_KLEPN,0,0,0,0
tr|W1DQ72|W1DQ72_KLEPN,0,0,0,0
tr|W1DQ73|W1DQ73_KLEPN,0,0,0,0
tr|W1DQ74|W1DQ74_KLEPN,0,0,0,0
tr|W1DQ77|W1DQ77_KLEPN,0,0,0,0
tr|W1DQ78|W1DQ78_KLEPN,0,0,0,0
tr|W1DQ79|W1DQ79_KLEPN,0,0,0,0
tr|W1DQ80|W1DQ80_KLEPN,0,0,0,0
tr|W1DQ81|W1DQ81_KLEPN,0,0,0,0
tr|W1DQ83|W1DQ83_KLEPN,0,0,0,0
tr|W1DQ84|W1DQ84_KLEPN,0,0,0,0
tr|W1DQ85|W1DQ85_KLEPN,0,0,0,0
tr|W1DQ86|W1DQ86_KLEPN,1,0,0,0
tr|W1DQ87|W1DQ87_KLEPN,1,1,1,0
tr|W1DQ88|W1DQ88_KLEPN,0,0,0,0
tr|W1DQ89|W1DQ89_KLEPN,0,0,0,0
tr|W1DQ90|W1DQ90_KLEPN,0,0,0,0
tr|W1DQ91|W1DQ91_KLEPN,0,0,0,0
tr|W1DQ92|W1DQ92_KLEPN,0,0,0,0
tr|W1DQ93|W1DQ93_KLEPN,0,0,0,0
tr|W1DQ94|W1DQ94_KLEPN,0,0,0,0
tr|W1DQ95|W1DQ95_KLEPN,0,0,0,0
tr|W1DQ96|W1DQ96_KLEPN,0,0,0,0
tr|W1DQ97|W1DQ97_KLEPN,0,0,0,0
tr|W1DQ98|W1DQ98_KLEPN,0,0,0,0
tr|W1DQ99|W1DQ99_KLEPN,0,0,0,0
tr|W1DQA0|W1DQA0_KLEPN,0,0,0,0
tr|W1DQA1|W1DQA1_KLEPN,0,0,0,0
tr|W1DQA2|W1DQA2_KLEPN,0,0,0,0
tr|W1DQA3|W1DQA3_KLEPN,0,0,0,0
tr|W1DQA4|W1DQA4_KLEPN,0,0,0,0
tr|W1DQA5|W1DQA5_KLEPN,0,0,0,0
tr|W1DQA6|W1DQA6_KLEPN,0,0,0,0
tr|W1DQA7|W1DQA7_KLEPN,0,0,0,0
tr|W1DQA8|W1DQA8_KLEPN,0,0,0,0
tr|W1DQA9|W1DQA9_KLEPN,0,0,0,0
tr|W1DQB0|W1DQB0_KLEPN,0,0,0,0
tr|W1DQB1|W1DQB1_KLEPN,0,0,0,0
tr|W1DQB2|W1DQB2_KLEPN,0,0,0,0
tr|W1DQB3|W1DQB3_KLEPN,0,0,0,0
tr|W1DQB5|W1DQB5_KLEPN,0,0,0,0
tr|W1DQB6|W1DQB6_KLEPN,0,0,0,0
tr|W1DQB7|W1DQB7_KLEPN,0,0,0,0
tr|W1DQB8|W1DQB8_KLEPN,0,0,0,0
tr|W1DQC0|W1DQC0_KLEPN,0,0,0,0
tr|W1DQC1|W1DQC1_KLEPN,0,0,0,0
tr|W1DQC2|W1DQC2_KLEPN,0,0,0,0
tr|W1DQC3|W1DQC3_KLEPN,0,0,0,0
tr|W1DQC5|W1DQC5_KLEPN,0,0,0,0
tr|W1DQC6|W1DQC6_KLEPN,0,0,0,0
tr|W1DQC9|W1DQC9_KLEPN,0,0,0,0
tr|W1DQD0|W1DQD0_KLEPN,0,0,0,0
tr|W1DQD2|W1DQD2_KLEPN,0,0,0,0
tr|W1DQD3|W1DQD3_KLEPN,0,0,0,0
tr|W1DQD4|W1DQD4_KLEPN,0,0,0,0
tr|W1DQD5|W1DQD5_KLEPN,1,1,1,0
tr|W1DQD6|W1DQD6_KLEPN,0,0,0,0
tr|W1DQD7|W1DQD7_KLEPN,0,0,0,0
tr|W1DQD9|W1DQD9_KLEPN,0,0,0,0
tr|W1DQE0|W1DQE0_KLEPN,0,0,0,0
tr|W1DQE1|W1DQE1_KLEPN,0,0,0,0
tr|W1DQE4|W1DQE4_KLEPN,0,0,0,0
tr|W1DQE6|W1DQE6_KLEPN,0,0,0,0
tr|W1DQE7|W1DQE7_KLEPN,0,0,0,0
tr|W1DQE8|W1DQE8_KLEPN,0,0,0,0
tr|W1DQE9|W1DQE9_KLEPN,0,0,0,0
tr|W1DQF0|W1DQF0_KLEPN,0,0,0,0
tr|W1DQF1|W1DQF1_KLEPN,0,0,0,0
tr|W1DQF2|W1DQF2_KLEPN,0,0,0,0
tr|W1DQF3|W1DQF3_KLEPN,0,0,0,0
tr|W1DQF4|W1DQF4_KLEPN,0,0,0,0
tr|W1DQF5|W1DQF5_KLEPN,0,0,0,0
tr|W1DQF6|W1DQF6_KLEPN,0,0,0,0
tr|W1DQF7|W1DQF7_KLEPN,0,0,0,0
tr|W1DQF8|W1DQF8_KLEPN,0,0,0,0
tr|W1DQF9|W1DQF9_KLEPN,0,0,0,0
tr|W1DQG0|W1DQG0_KLEPN,0,0,0,0
tr|W1DQG1|W1DQG1_KLEPN,0,0,0,0
tr|W1DQG2|W1DQG2_KLEPN,0,0,0,0
tr|W1DQG3|W1DQG3_KLEPN,0,0,0,0
tr|W1DQG4|W1DQG4_KLEPN,0,0,0,0
tr|W1DQG5|W1DQG5_KLEPN,0,0,0,0
tr|W1DQG6|W1DQG6_KLEPN,0,0,0,0
tr|W1DQG8|W1DQG8_KLEPN,0,0,0,0
tr|W1DQH3|W1DQH3_KLEPN,0,0,0,0
tr|W1DQH4|W1DQH4_KLEPN,0,0,0,0
tr|W1DQH6|W1DQH6_KLEPN,0,0,0,0
tr|W1DQH7|W1DQH7_KLEPN,0,0,0,0
tr|W1DQH9|W1DQH9_KLEPN,0,0,0,0
tr|W1DQI0|W1DQI0_KLEPN,0,0,0,0
tr|W1DQI2|W1DQI2_KLEPN,0,0,0,0
tr|W1DQI5|W1DQI5_KLEPN,0,0,0,0
tr|W1DQI6|W1DQI6_KLEPN,0,0,0,0
tr|W1DQI7|W1DQI7_KLEPN,0,0,0,0
tr|W1DQI8|W1DQI8_KLEPN,0,0,0,0
tr|W1DQI9|W1DQI9_KLEPN,0,0,0,0
tr|W1DQJ1|W1DQJ1_KLEPN,0,0,0,0
tr|W1DQJ5|W1DQJ5_KLEPN,1,0,0,0
tr|W1DQJ7|W1DQJ7_KLEPN,0,0,0,0
tr|W1DQJ8|W1DQJ8_KLEPN,0,0,0,0
tr|W1DQJ9|W1DQJ9_KLEPN,0,0,0,0
tr|W1DQK0|W1DQK0_KLEPN,0,0,0,0
tr|W1DQK1|W1DQK1_KLEPN,0,0,0,0
tr|W1DQK2|W1DQK2_KLEPN,0,0,0,0
tr|W1DQK4|W1DQK4_KLEPN,0,0,0,0
tr|W1DQK5|W1DQK5_KLEPN,0,0,0,0
tr|W1DQK6|W1DQK6_KLEPN,0,0,0,0
tr|W1DQK7|W1DQK7_KLEPN,0,0,0,0
tr|W1DQK8|W1DQK8_KLEPN,0,0,0,0
tr|W1DQK9|W1DQK9_KLEPN,0,0,0,0
tr|W1DQL0|W1DQL0_KLEPN,0,0,0,0
tr|W1DQL1|W1DQL1_KLEPN,1,0,0,0
tr|W1DQL2|W1DQL2_KLEPN,0,0,0,0
tr|W1DQL5|W1DQL5_KLEPN,0,0,0,0
tr|W1DQL6|W1DQL6_KLEPN,0,0,0,0
tr|W1DQL7|W1DQL7_KLEPN,0,0,0,0
tr|W1DQL8|W1DQL8_KLEPN,0,0,0,0
tr|W1DQL9|W1DQL9_KLEPN,0,0,0,0
tr|W1DQM1|W1DQM1_KLEPN,0,0,0,0
tr|W1DQM2|W1DQM2_KLEPN,0,0,0,0
tr|W1DQM3|W1DQM3_KLEPN,0,0,0,0
tr|W1DQM6|W1DQM6_KLEPN,0,0,0,0
tr|W1DQM7|W1DQM7_KLEPN,0,0,0,0
tr|W1DQM8|W1DQM8_KLEPN,0,0,0,0
tr|W1DQM9|W1DQM9_KLEPN,0,0,0,0
tr|W1DQN0|W1DQN0_KLEPN,0,0,0,0
tr|W1DQN1|W1DQN1_KLEPN,0,0,0,0
tr|W1DQN2|W1DQN2_KLEPN,0,0,0,0
tr|W1DQN3|W1DQN3_KLEPN,0,0,0,0
tr|W1DQN4|W1DQN4_KLEPN,0,0,0,0
tr|W1DQN5|W1DQN5_KLEPN,0,0,0,0
tr|W1DQN7|W1DQN7_KLEPN,0,0,0,0
tr|W1DQN8|W1DQN8_KLEPN,0,0,0,0
tr|W1DQN9|W1DQN9_KLEPN,0,0,0,0
tr|W1DQP0|W1DQP0_KLEPN,0,0,0,0
tr|W1DQP3|W1DQP3_KLEPN,0,0,0,0
tr|W1DQP4|W1DQP4_KLEPN,0,0,0,0
tr|W1DQP5|W1DQP5_KLEPN,0,0,0,0
tr|W1DQP7|W1DQP7_KLEPN,0,0,0,0
tr|W1DQP8|W1DQP8_KLEPN,0,0,0,0
tr|W1DQP9|W1DQP9_KLEPN,0,0,0,0
tr|W1DQQ0|W1DQQ0_KLEPN,0,0,0,0
tr|W1DQQ1|W1DQQ1_KLEPN,0,0,0,0
tr|W1DQQ2|W1DQQ2_KLEPN,0,0,0,0
tr|W1DQQ3|W1DQQ3_KLEPN,0,0,0,0
tr|W1DQQ5|W1DQQ5_KLEPN,0,0,0,0
tr|W1DQQ8|W1DQQ8_KLEPN,0,0,0,0
tr|W1DQQ9|W1DQQ9_KLEPN,0,0,0,0
tr|W1DQR0|W1DQR0_KLEPN,0,0,0,0
tr|W1DQR1|W1DQR1_KLEPN,0,0,0,0
tr|W1DQR3|W1DQR3_KLEPN,0,0,0,0
tr|W1DQR4|W1DQR4_KLEPN,0,0,0,0
tr|W1DQR6|W1DQR6_KLEPN,0,0,0,0
tr|W1DQR7|W1DQR7_KLEPN,0,0,0,0
tr|W1DQR8|W1DQR8_KLEPN,0,0,0,0
tr|W1DQR9|W1DQR9_KLEPN,0,0,0,0
tr|W1DQS0|W1DQS0_KLEPN,0,0,0,0
tr|W1DQS3|W1DQS3_KLEPN,0,0,0,0
tr|W1DQS4|W1DQS4_KLEPN,0,0,0,0
tr|W1DQS6|W1DQS6_KLEPN,0,0,0,0
tr|W1DQS8|W1DQS8_KLEPN,0,0,0,0
tr|W1DQT1|W1DQT1_KLEPN,0,0,0,0
tr|W1DQT3|W1DQT3_KLEPN,0,0,0,0
tr|W1DQT4|W1DQT4_KLEPN,0,0,0,0
tr|W1DQT5|W1DQT5_KLEPN,0,0,0,0
tr|W1DQT6|W1DQT6_KLEPN,0,0,0,0
tr|W1DQT8|W1DQT8_KLEPN,0,0,0,0
tr|W1DQT9|W1DQT9_KLEPN,0,0,0,0
tr|W1DQU0|W1DQU0_KLEPN,0,0,0,0
tr|W1DQU1|W1DQU1_KLEPN,0,0,0,0
tr|W1DQU3|W1DQU3_KLEPN,0,0,0,0
tr|W1DQU4|W1DQU4_KLEPN,0,0,0,0
tr|W1DQU5|W1DQU5_KLEPN,0,0,0,0
tr|W1DQU6|W1DQU6_KLEPN,0,0,0,0
tr|W1DQU7|W1DQU7_KLEPN,0,0,0,0
tr|W1DQU8|W1DQU8_KLEPN,0,0,0,0
tr|W1DQV0|W1DQV0_KLEPN,0,0,0,0
tr|W1DQV2|W1DQV2_KLEPN,0,0,0,0
tr|W1DQV3|W1DQV3_KLEPN,0,0,0,0
tr|W1DQV5|W1DQV5_KLEPN,0,0,0,0
tr|W1DQV8|W1DQV8_KLEPN,0,0,0,0
tr|W1DQV9|W1DQV9_KLEPN,0,0,0,0
tr|W1DQW0|W1DQW0_KLEPN,0,0,0,0
tr|W1DQW1|W1DQW1_KLEPN,0,0,0,0
tr|W1DQW2|W1DQW2_KLEPN,0,0,0,0
tr|W1DQW3|W1DQW3_KLEPN,0,0,0,0
tr|W1DQW4|W1DQW4_KLEPN,0,0,0,0
tr|W1DQW5|W1DQW5_KLEPN,0,0,0,0
tr|W1DQW7|W1DQW7_KLEPN,0,0,0,0
tr|W1DQW8|W1DQW8_KLEPN,0,0,0,0
tr|W1DQW9|W1DQW9_KLEPN,0,0,0,0
tr|W1DQX0|W1DQX0_KLEPN,0,0,0,0
tr|W1DQX1|W1DQX1_KLEPN,0,0,0,0
tr|W1DQX5|W1DQX5_KLEPN,0,0,0,0
tr|W1DQX6|W1DQX6_KLEPN,0,0,0,0
tr|W1DQX8|W1DQX8_KLEPN,0,0,0,0
tr|W1DQX9|W1DQX9_KLEPN,0,0,0,0
tr|W1DQY0|W1DQY0_KLEPN,0,0,0,0
tr|W1DQY1|W1DQY1_KLEPN,0,0,0,0
tr|W1DQY2|W1DQY2_KLEPN,0,0,0,0
tr|W1DQY3|W1DQY3_KLEPN,0,0,0,0
tr|W1DQY6|W1DQY6_KLEPN,0,0,0,0
tr|W1DQY7|W1DQY7_KLEPN,0,0,0,0
tr|W1DQY8|W1DQY8_KLEPN,0,0,0,0
tr|W1DQY9|W1DQY9_KLEPN,0,0,0,0
tr|W1DQZ0|W1DQZ0_KLEPN,0,0,0,0
tr|W1DQZ3|W1DQZ3_KLEPN,0,0,0,0
tr|W1DQZ4|W1DQZ4_KLEPN,0,0,0,0
tr|W1DQZ5|W1DQZ5_KLEPN,0,0,0,0
tr|W1DQZ7|W1DQZ7_KLEPN,0,0,0,0
tr|W1DQZ8|W1DQZ8_KLEPN,0,0,0,0
tr|W1DR00|W1DR00_KLEPN,0,0,0,0
tr|W1DR01|W1DR01_KLEPN,0,0,0,0
tr|W1DR02|W1DR02_KLEPN,0,0,0,0
tr|W1DR03|W1DR03_KLEPN,0,0,0,0
tr|W1DR05|W1DR05_KLEPN,0,0,0,0
tr|W1DR09|W1DR09_KLEPN,0,0,0,0
tr|W1DR11|W1DR11_KLEPN,0,0,0,0
tr|W1DR12|W1DR12_KLEPN,0,0,0,0
tr|W1DR13|W1DR13_KLEPN,0,0,0,0
tr|W1DR15|W1DR15_KLEPN,0,0,0,0
tr|W1DR16|W1DR16_KLEPN,0,0,0,0
tr|W1DR18|W1DR18_KLEPN,0,0,0,0
tr|W1DR19|W1DR19_KLEPN,0,0,0,0
tr|W1DR22|W1DR22_KLEPN,0,0,0,0
tr|W1DR24|W1DR24_KLEPN,0,0,0,0
tr|W1DR25|W1DR25_KLEPN,1,1,1,0
tr|W1DR27|W1DR27_KLEPN,0,0,0,0
tr|W1DR28|W1DR28_KLEPN,0,0,0,0
tr|W1DR29|W1DR29_KLEPN,0,0,0,0
tr|W1DR31|W1DR31_KLEPN,0,0,0,0
tr|W1DR32|W1DR32_KLEPN,1,1,1,0
tr|W1DR34|W1DR34_KLEPN,0,0,0,0
tr|W1DR35|W1DR35_KLEPN,0,0,0,0
tr|W1DR36|W1DR36_KLEPN,0,0,0,0
tr|W1DR37|W1DR37_KLEPN,0,0,0,0
tr|W1DR38|W1DR38_KLEPN,0,0,0,0
tr|W1DR39|W1DR39_KLEPN,0,0,0,0
tr|W1DR42|W1DR42_KLEPN,0,0,0,0
tr|W1DR43|W1DR43_KLEPN,0,0,0,0
tr|W1DR44|W1DR44_KLEPN,0,0,0,0
tr|W1DR45|W1DR45_KLEPN,0,0,0,0
tr|W1DR46|W1DR46_KLEPN,0,0,0,0
tr|W1DR47|W1DR47_KLEPN,0,0,0,0
tr|W1DR48|W1DR48_KLEPN,0,0,0,0
tr|W1DR49|W1DR49_KLEPN,0,0,0,0
tr|W1DR52|W1DR52_KLEPN,0,0,0,0
tr|W1DR53|W1DR53_KLEPN,0,0,0,0
tr|W1DR54|W1DR54_KLEPN,0,0,0,0
tr|W1DR55|W1DR55_KLEPN,0,0,0,0
tr|W1DR56|W1DR56_KLEPN,0,0,0,0
tr|W1DR57|W1DR57_KLEPN,0,0,0,0
tr|W1DR58|W1DR58_KLEPN,0,0,0,0
tr|W1DR60|W1DR60_KLEPN,0,0,0,0
tr|W1DR61|W1DR61_KLEPN,0,0,0,0
tr|W1DR62|W1DR62_KLEPN,0,0,0,0
tr|W1DR63|W1DR63_KLEPN,0,0,0,0
tr|W1DR64|W1DR64_KLEPN,0,0,0,0
tr|W1DR65|W1DR65_KLEPN,0,0,0,0
tr|W1DR66|W1DR66_KLEPN,0,0,0,0
tr|W1DR67|W1DR67_KLEPN,0,0,0,0
tr|W1DR68|W1DR68_KLEPN,0,0,0,0
tr|W1DR69|W1DR69_KLEPN,1,1,1,0
tr|W1DR70|W1DR70_KLEPN,0,0,0,0
tr|W1DR71|W1DR71_KLEPN,0,0,0,0
tr|W1DR72|W1DR72_KLEPN,0,0,0,0
tr|W1DR75|W1DR75_KLEPN,0,0,0,0
tr|W1DR76|W1DR76_KLEPN,0,0,0,0
tr|W1DR77|W1DR77_KLEPN,0,0,0,0
tr|W1DR79|W1DR79_KLEPN,0,0,0,0
tr|W1DR80|W1DR80_KLEPN,0,0,0,0
tr|W1DR81|W1DR81_KLEPN,0,0,0,0
tr|W1DR82|W1DR82_KLEPN,0,0,0,0
tr|W1DR84|W1DR84_KLEPN,0,0,0,0
tr|W1DR86|W1DR86_KLEPN,0,0,0,0
tr|W1DR87|W1DR87_KLEPN,0,0,0,0
tr|W1DR89|W1DR89_KLEPN,0,0,0,0
tr|W1DR91|W1DR91_KLEPN,0,0,0,0
tr|W1DR93|W1DR93_KLEPN,0,0,0,0
tr|W1DR94|W1DR94_KLEPN,0,0,0,0
tr|W1DR96|W1DR96_KLEPN,0,0,0,0
tr|W1DR97|W1DR97_KLEPN,0,0,0,0
tr|W1DR98|W1DR98_KLEPN,1,1,1,0
tr|W1DR99|W1DR99_KLEPN,0,0,0,0
tr|W1DRA0|W1DRA0_KLEPN,0,0,0,0
tr|W1DRA1|W1DRA1_KLEPN,0,0,0,0
tr|W1DRA2|W1DRA2_KLEPN,0,0,0,0
tr|W1DRA3|W1DRA3_KLEPN,0,0,0,0
tr|W1DRA4|W1DRA4_KLEPN,0,0,0,0
tr|W1DRA5|W1DRA5_KLEPN,0,0,0,0
tr|W1DRA6|W1DRA6_KLEPN,0,0,0,0
tr|W1DRA7|W1DRA7_KLEPN,0,0,0,0
tr|W1DRA8|W1DRA8_KLEPN,0,0,0,0
tr|W1DRA9|W1DRA9_KLEPN,0,0,0,0
tr|W1DRB0|W1DRB0_KLEPN,0,0,0,0
tr|W1DRB2|W1DRB2_KLEPN,0,0,0,0
tr|W1DRB3|W1DRB3_KLEPN,0,0,0,0
tr|W1DRB4|W1DRB4_KLEPN,0,0,0,0
tr|W1DRB6|W1DRB6_KLEPN,0,0,0,0
tr|W1DRB7|W1DRB7_KLEPN,0,0,0,0
tr|W1DRB9|W1DRB9_KLEPN,0,0,0,0
tr|W1DRC0|W1DRC0_KLEPN,0,0,0,0
tr|W1DRC3|W1DRC3_KLEPN,0,0,0,0
tr|W1DRC4|W1DRC4_KLEPN,0,0,0,0
tr|W1DRC5|W1DRC5_KLEPN,0,0,0,0
tr|W1DRC7|W1DRC7_KLEPN,0,0,0,0
tr|W1DRC8|W1DRC8_KLEPN,0,0,0,0
tr|W1DRC9|W1DRC9_KLEPN,0,0,0,0
tr|W1DRD0|W1DRD0_KLEPN,0,0,0,0
tr|W1DRD2|W1DRD2_KLEPN,0,0,0,0
tr|W1DRD5|W1DRD5_KLEPN,0,0,0,0
tr|W1DRD6|W1DRD6_KLEPN,0,0,0,0
tr|W1DRD7|W1DRD7_KLEPN,0,0,0,0
tr|W1DRD9|W1DRD9_KLEPN,0,0,0,0
tr|W1DRE1|W1DRE1_KLEPN,0,0,0,0
tr|W1DRE2|W1DRE2_KLEPN,1,1,1,0
tr|W1DRE3|W1DRE3_KLEPN,0,0,0,0
tr|W1DRE4|W1DRE4_KLEPN,0,0,0,0
tr|W1DRE7|W1DRE7_KLEPN,0,0,0,0
tr|W1DRE8|W1DRE8_KLEPN,0,0,0,0
tr|W1DRE9|W1DRE9_KLEPN,0,0,0,0
tr|W1DRF0|W1DRF0_KLEPN,0,0,0,0
tr|W1DRF2|W1DRF2_KLEPN,0,0,0,0
tr|W1DRF3|W1DRF3_KLEPN,0,0,0,0
tr|W1DRF5|W1DRF5_KLEPN,0,0,0,0
tr|W1DRF6|W1DRF6_KLEPN,0,0,0,0
tr|W1DRF7|W1DRF7_KLEPN,0,0,0,0
tr|W1DRF8|W1DRF8_KLEPN,0,0,0,0
tr|W1DRF9|W1DRF9_KLEPN,0,0,0,0
tr|W1DRG0|W1DRG0_KLEPN,0,0,0,0
tr|W1DRG1|W1DRG1_KLEPN,0,0,0,0
tr|W1DRG2|W1DRG2_KLEPN,0,0,0,0
tr|W1DRG3|W1DRG3_KLEPN,0,0,0,0
tr|W1DRG4|W1DRG4_KLEPN,0,0,0,0
tr|W1DRG5|W1DRG5_KLEPN,0,0,0,0
tr|W1DRG6|W1DRG6_KLEPN,0,0,0,0
tr|W1DRG7|W1DRG7_KLEPN,0,0,0,0
tr|W1DRG8|W1DRG8_KLEPN,0,0,0,0
tr|W1DRG9|W1DRG9_KLEPN,0,0,0,0
tr|W1DRH1|W1DRH1_KLEPN,0,0,0,0
tr|W1DRH2|W1DRH2_KLEPN,0,0,0,0
tr|W1DRH4|W1DRH4_KLEPN,0,0,0,0
tr|W1DRH5|W1DRH5_KLEPN,0,0,0,0
tr|W1DRH6|W1DRH6_KLEPN,0,0,0,0
tr|W1DRH9|W1DRH9_KLEPN,0,0,0,0
tr|W1DRI0|W1DRI0_KLEPN,0,0,0,0
tr|W1DRI1|W1DRI1_KLEPN,0,0,0,0
tr|W1DRI2|W1DRI2_KLEPN,0,0,0,0
tr|W1DRI4|W1DRI4_KLEPN,0,0,0,0
tr|W1DRI5|W1DRI5_KLEPN,0,0,0,0
tr|W1DRI6|W1DRI6_KLEPN,1,1,1,0
tr|W1DRI8|W1DRI8_KLEPN,0,0,0,0
tr|W1DRI9|W1DRI9_KLEPN,0,0,0,0
tr|W1DRJ0|W1DRJ0_KLEPN,0,0,0,0
tr|W1DRJ1|W1DRJ1_KLEPN,0,0,0,0
tr|W1DRJ2|W1DRJ2_KLEPN,0,0,0,0
tr|W1DRJ4|W1DRJ4_KLEPN,0,0,0,0
tr|W1DRJ5|W1DRJ5_KLEPN,0,0,0,0
tr|W1DRJ6|W1DRJ6_KLEPN,0,0,0,0
tr|W1DRJ7|W1DRJ7_KLEPN,0,0,0,0
tr|W1DRJ8|W1DRJ8_KLEPN,0,0,0,0
tr|W1DRJ9|W1DRJ9_KLEPN,0,0,0,0
tr|W1DRK1|W1DRK1_KLEPN,0,0,0,0
tr|W1DRK2|W1DRK2_KLEPN,0,0,0,0
tr|W1DRK3|W1DRK3_KLEPN,0,0,0,0
tr|W1DRK4|W1DRK4_KLEPN,0,0,0,0
tr|W1DRK5|W1DRK5_KLEPN,0,0,0,0
tr|W1DRK7|W1DRK7_KLEPN,0,0,0,0
tr|W1DRK8|W1DRK8_KLEPN,0,0,0,0
tr|W1DRL0|W1DRL0_KLEPN,0,0,0,0
tr|W1DRL1|W1DRL1_KLEPN,0,0,0,0
tr|W1DRL2|W1DRL2_KLEPN,0,0,0,0
tr|W1DRL5|W1DRL5_KLEPN,0,0,0,0
tr|W1DRL7|W1DRL7_KLEPN,0,0,0,0
tr|W1DRL8|W1DRL8_KLEPN,0,0,0,0
tr|W1DRL9|W1DRL9_KLEPN,0,0,0,0
tr|W1DRM0|W1DRM0_KLEPN,0,0,0,0
tr|W1DRM1|W1DRM1_KLEPN,0,0,0,0
tr|W1DRM3|W1DRM3_KLEPN,0,0,0,0
tr|W1DRM4|W1DRM4_KLEPN,0,0,0,0
tr|W1DRM5|W1DRM5_KLEPN,0,0,0,0
tr|W1DRM6|W1DRM6_KLEPN,0,0,0,0
tr|W1DRM7|W1DRM7_KLEPN,0,0,0,0
tr|W1DRM8|W1DRM8_KLEPN,0,0,0,0
tr|W1DRN0|W1DRN0_KLEPN,0,0,0,0
tr|W1DRN1|W1DRN1_KLEPN,0,0,0,0
tr|W1DRN2|W1DRN2_KLEPN,0,0,0,0
tr|W1DRN3|W1DRN3_KLEPN,0,0,0,0
tr|W1DRN4|W1DRN4_KLEPN,1,1,1,0
tr|W1DRN6|W1DRN6_KLEPN,0,0,0,0
tr|W1DRN8|W1DRN8_KLEPN,0,0,0,0
tr|W1DRN9|W1DRN9_KLEPN,1,1,1,0
tr|W1DRP0|W1DRP0_KLEPN,0,0,0,0
tr|W1DRP1|W1DRP1_KLEPN,0,0,0,0
tr|W1DRP3|W1DRP3_KLEPN,0,0,0,0
tr|W1DRP4|W1DRP4_KLEPN,1,1,1,0
tr|W1DRP5|W1DRP5_KLEPN,0,0,0,0
tr|W1DRP6|W1DRP6_KLEPN,1,1,1,0
tr|W1DRP8|W1DRP8_KLEPN,0,0,0,0
tr|W1DRQ0|W1DRQ0_KLEPN,0,0,0,0
tr|W1DRQ2|W1DRQ2_KLEPN,0,0,0,0
tr|W1DRQ3|W1DRQ3_KLEPN,1,1,1,0
tr|W1DRQ5|W1DRQ5_KLEPN,0,0,0,0
tr|W1DRQ7|W1DRQ7_KLEPN,0,0,0,0
tr|W1DRQ8|W1DRQ8_KLEPN,0,0,0,0
tr|W1DRR0|W1DRR0_KLEPN,0,0,0,0
tr|W1DRR1|W1DRR1_KLEPN,0,0,0,0
tr|W1DRR2|W1DRR2_KLEPN,0,0,0,0
tr|W1DRR3|W1DRR3_KLEPN,1,1,1,1
tr|W1DRR4|W1DRR4_KLEPN,1,1,1,0
tr|W1DRR5|W1DRR5_KLEPN,0,0,0,0
tr|W1DRR9|W1DRR9_KLEPN,0,0,0,0
tr|W1DRS0|W1DRS0_KLEPN,0,0,0,0
tr|W1DRS1|W1DRS1_KLEPN,0,0,0,0
tr|W1DRS2|W1DRS2_KLEPN,0,0,0,0
tr|W1DRS3|W1DRS3_KLEPN,0,0,0,0
tr|W1DRS4|W1DRS4_KLEPN,0,0,0,0
tr|W1DRS5|W1DRS5_KLEPN,0,0,0,0
tr|W1DRS7|W1DRS7_KLEPN,0,0,0,0
tr|W1DRS8|W1DRS8_KLEPN,0,0,0,0
tr|W1DRS9|W1DRS9_KLEPN,0,0,0,0
tr|W1DRT0|W1DRT0_KLEPN,0,0,0,0
tr|W1DRT1|W1DRT1_KLEPN,0,0,0,0
tr|W1DRT2|W1DRT2_KLEPN,0,0,0,0
tr|W1DRT3|W1DRT3_KLEPN,0,0,0,0
tr|W1DRT4|W1DRT4_KLEPN,0,0,0,0
tr|W1DRT6|W1DRT6_KLEPN,0,0,0,0
tr|W1DRT7|W1DRT7_KLEPN,0,0,0,0
tr|W1DRT8|W1DRT8_KLEPN,0,0,0,0
tr|W1DRT9|W1DRT9_KLEPN,0,0,0,0
tr|W1DRU0|W1DRU0_KLEPN,0,0,0,0
tr|W1DRU1|W1DRU1_KLEPN,0,0,0,0
tr|W1DRU2|W1DRU2_KLEPN,0,0,0,0
tr|W1DRU5|W1DRU5_KLEPN,0,0,0,0
tr|W1DRU6|W1DRU6_KLEPN,0,0,0,0
tr|W1DRU7|W1DRU7_KLEPN,0,0,0,0
tr|W1DRU8|W1DRU8_KLEPN,0,0,0,0
tr|W1DRU9|W1DRU9_KLEPN,0,0,0,0
tr|W1DRV0|W1DRV0_KLEPN,0,0,0,0
tr|W1DRV1|W1DRV1_KLEPN,0,0,0,0
tr|W1DRV2|W1DRV2_KLEPN,0,0,0,0
tr|W1DRV4|W1DRV4_KLEPN,0,0,0,0
tr|W1DRV5|W1DRV5_KLEPN,0,0,0,0
tr|W1DRV6|W1DRV6_KLEPN,0,0,0,0
tr|W1DRV7|W1DRV7_KLEPN,0,0,0,0
tr|W1DRV8|W1DRV8_KLEPN,0,0,0,0
tr|W1DRW0|W1DRW0_KLEPN,0,0,0,0
tr|W1DRW1|W1DRW1_KLEPN,0,0,0,0
tr|W1DRW2|W1DRW2_KLEPN,0,0,0,0
tr|W1DRW3|W1DRW3_KLEPN,0,0,0,0
tr|W1DRW4|W1DRW4_KLEPN,1,1,1,1
tr|W1DRW5|W1DRW5_KLEPN,0,0,0,0
tr|W1DRW6|W1DRW6_KLEPN,0,0,0,0
tr|W1DRW7|W1DRW7_KLEPN,0,0,0,0
tr|W1DRW8|W1DRW8_KLEPN,0,0,0,0
tr|W1DRW9|W1DRW9_KLEPN,0,0,0,0
tr|W1DRX1|W1DRX1_KLEPN,0,0,0,0
tr|W1DRX2|W1DRX2_KLEPN,0,0,0,0
tr|W1DRX3|W1DRX3_KLEPN,0,0,0,0
tr|W1DRX4|W1DRX4_KLEPN,0,0,0,0
tr|W1DRX5|W1DRX5_KLEPN,0,0,0,0
tr|W1DRX6|W1DRX6_KLEPN,0,0,0,0
tr|W1DRX7|W1DRX7_KLEPN,0,0,0,0
tr|W1DRX8|W1DRX8_KLEPN,0,0,0,0
tr|W1DRY0|W1DRY0_KLEPN,0,0,0,0
tr|W1DRY1|W1DRY1_KLEPN,0,0,0,0
tr|W1DRY2|W1DRY2_KLEPN,0,0,0,0
tr|W1DRY5|W1DRY5_KLEPN,0,0,0,0
tr|W1DRY6|W1DRY6_KLEPN,0,0,0,0
tr|W1DRY7|W1DRY7_KLEPN,0,0,0,0
tr|W1DRY8|W1DRY8_KLEPN,0,0,0,0
tr|W1DRZ0|W1DRZ0_KLEPN,1,0,0,0
tr|W1DRZ1|W1DRZ1_KLEPN,0,0,0,0
tr|W1DRZ2|W1DRZ2_KLEPN,0,0,0,0
tr|W1DRZ4|W1DRZ4_KLEPN,0,0,0,0
tr|W1DRZ6|W1DRZ6_KLEPN,0,0,0,0
tr|W1DRZ8|W1DRZ8_KLEPN,0,0,0,0
tr|W1DRZ9|W1DRZ9_KLEPN,0,0,0,0
tr|W1DS00|W1DS00_KLEPN,0,0,0,0
tr|W1DS01|W1DS01_KLEPN,0,0,0,0
tr|W1DS04|W1DS04_KLEPN,0,0,0,0
tr|W1DS06|W1DS06_KLEPN,0,0,0,0
tr|W1DS08|W1DS08_KLEPN,0,0,0,0
tr|W1DS09|W1DS09_KLEPN,0,0,0,0
tr|W1DS11|W1DS11_KLEPN,0,0,0,0
tr|W1DS12|W1DS12_KLEPN,0,0,0,0
tr|W1DS13|W1DS13_KLEPN,0,0,0,0
tr|W1DS14|W1DS14_KLEPN,0,0,0,0
tr|W1DS15|W1DS15_KLEPN,1,1,1,0
tr|W1DS16|W1DS16_KLEPN,0,0,0,0
tr|W1DS17|W1DS17_KLEPN,0,0,0,0
tr|W1DS18|W1DS18_KLEPN,1,1,1,0
tr|W1DS19|W1DS19_KLEPN,0,0,0,0
tr|W1DS20|W1DS20_KLEPN,0,0,0,0
tr|W1DS21|W1DS21_KLEPN,0,0,0,0
tr|W1DS22|W1DS22_KLEPN,0,0,0,0
tr|W1DS23|W1DS23_KLEPN,0,0,0,0
tr|W1DS24|W1DS24_KLEPN,0,0,0,0
tr|W1DS26|W1DS26_KLEPN,0,0,0,0
tr|W1DS27|W1DS27_KLEPN,0,0,0,0
tr|W1DS28|W1DS28_KLEPN,0,0,0,0
tr|W1DS29|W1DS29_KLEPN,0,0,0,0
tr|W1DS31|W1DS31_KLEPN,0,0,0,0
tr|W1DS32|W1DS32_KLEPN,0,0,0,0
tr|W1DS33|W1DS33_KLEPN,0,0,0,0
tr|W1DS34|W1DS34_KLEPN,0,0,0,0
tr|W1DS35|W1DS35_KLEPN,0,0,0,0
tr|W1DS36|W1DS36_KLEPN,0,0,0,0
tr|W1DS37|W1DS37_KLEPN,0,0,0,0
tr|W1DS38|W1DS38_KLEPN,0,0,0,0
tr|W1DS39|W1DS39_KLEPN,0,0,0,0
tr|W1DS40|W1DS40_KLEPN,0,0,0,0
tr|W1DS41|W1DS41_KLEPN,0,0,0,0
tr|W1DS42|W1DS42_KLEPN,0,0,0,0
tr|W1DS43|W1DS43_KLEPN,0,0,0,0
tr|W1DS44|W1DS44_KLEPN,0,0,0,0
tr|W1DS45|W1DS45_KLEPN,0,0,0,0
tr|W1DS46|W1DS46_KLEPN,0,0,0,0
tr|W1DS48|W1DS48_KLEPN,0,0,0,0
tr|W1DS49|W1DS49_KLEPN,0,0,0,0
tr|W1DS50|W1DS50_KLEPN,0,0,0,0
tr|W1DS51|W1DS51_KLEPN,0,0,0,0
tr|W1DS53|W1DS53_KLEPN,0,0,0,0
tr|W1DS54|W1DS54_KLEPN,0,0,0,0
tr|W1DS56|W1DS56_KLEPN,0,0,0,0
tr|W1DS57|W1DS57_KLEPN,0,0,0,0
tr|W1DS58|W1DS58_KLEPN,0,0,0,0
tr|W1DS59|W1DS59_KLEPN,0,0,0,0
tr|W1DS60|W1DS60_KLEPN,1,1,0,0
tr|W1DS61|W1DS61_KLEPN,0,0,0,0
tr|W1DS62|W1DS62_KLEPN,0,0,0,0
tr|W1DS63|W1DS63_KLEPN,0,0,0,0
tr|W1DS65|W1DS65_KLEPN,0,0,0,0
tr|W1DS66|W1DS66_KLEPN,0,0,0,0
tr|W1DS67|W1DS67_KLEPN,0,0,0,0
tr|W1DS68|W1DS68_KLEPN,0,0,0,0
tr|W1DS69|W1DS69_KLEPN,0,0,0,0
tr|W1DS70|W1DS70_KLEPN,0,0,0,0
tr|W1DS71|W1DS71_KLEPN,0,0,0,0
tr|W1DS72|W1DS72_KLEPN,0,0,0,0
tr|W1DS73|W1DS73_KLEPN,0,0,0,0
tr|W1DS74|W1DS74_KLEPN,0,0,0,0
tr|W1DS76|W1DS76_KLEPN,0,0,0,0
tr|W1DS78|W1DS78_KLEPN,0,0,0,0
tr|W1DS79|W1DS79_KLEPN,0,0,0,0
tr|W1DS80|W1DS80_KLEPN,0,0,0,0
tr|W1DS81|W1DS81_KLEPN,0,0,0,0
tr|W1DS82|W1DS82_KLEPN,0,0,0,0
tr|W1DS83|W1DS83_KLEPN,0,0,0,0
tr|W1DS84|W1DS84_KLEPN,0,0,0,0
tr|W1DS85|W1DS85_KLEPN,0,0,0,0
tr|W1DS86|W1DS86_KLEPN,0,0,0,0
tr|W1DS87|W1DS87_KLEPN,0,0,0,0
tr|W1DS88|W1DS88_KLEPN,0,0,0,0
tr|W1DS89|W1DS89_KLEPN,0,0,0,0
tr|W1DS90|W1DS90_KLEPN,0,0,0,0
tr|W1DS91|W1DS91_KLEPN,1,0,0,0
tr|W1DS92|W1DS92_KLEPN,0,0,0,0
tr|W1DS93|W1DS93_KLEPN,1,1,1,0
tr|W1DS94|W1DS94_KLEPN,0,0,0,0
tr|W1DS95|W1DS95_KLEPN,0,0,0,0
tr|W1DS96|W1DS96_KLEPN,0,0,0,0
tr|W1DS98|W1DS98_KLEPN,0,0,0,0
tr|W1DS99|W1DS99_KLEPN,0,0,0,0
tr|W1DSA0|W1DSA0_KLEPN,0,0,0,0
tr|W1DSA2|W1DSA2_KLEPN,0,0,0,0
tr|W1DSA5|W1DSA5_KLEPN,0,0,0,0
tr|W1DSA6|W1DSA6_KLEPN,0,0,0,0
tr|W1DSA7|W1DSA7_KLEPN,0,0,0,0
tr|W1DSA8|W1DSA8_KLEPN,0,0,0,0
tr|W1DSA9|W1DSA9_KLEPN,1,1,0,0
tr|W1DSB1|W1DSB1_KLEPN,0,0,0,0
tr|W1DSB2|W1DSB2_KLEPN,0,0,0,0
tr|W1DSB3|W1DSB3_KLEPN,0,0,0,0
tr|W1DSB4|W1DSB4_KLEPN,0,0,0,0
tr|W1DSB5|W1DSB5_KLEPN,0,0,0,0
tr|W1DSB6|W1DSB6_KLEPN,0,0,0,0
tr|W1DSB8|W1DSB8_KLEPN,0,0,0,0
tr|W1DSB9|W1DSB9_KLEPN,0,0,0,0
tr|W1DSC0|W1DSC0_KLEPN,0,0,0,0
tr|W1DSC1|W1DSC1_KLEPN,1,0,0,0
tr|W1DSC2|W1DSC2_KLEPN,1,1,1,0
tr|W1DSC4|W1DSC4_KLEPN,0,0,0,0
tr|W1DSC5|W1DSC5_KLEPN,0,0,0,0
tr|W1DSC6|W1DSC6_KLEPN,0,0,0,0
tr|W1DSC8|W1DSC8_KLEPN,0,0,0,0
tr|W1DSC9|W1DSC9_KLEPN,0,0,0,0
tr|W1DSD0|W1DSD0_KLEPN,0,0,0,0
tr|W1DSD1|W1DSD1_KLEPN,0,0,0,0
tr|W1DSD2|W1DSD2_KLEPN,0,0,0,0
tr|W1DSD3|W1DSD3_KLEPN,0,0,0,0
tr|W1DSD4|W1DSD4_KLEPN,0,0,0,0
tr|W1DSD5|W1DSD5_KLEPN,0,0,0,0
tr|W1DSD6|W1DSD6_KLEPN,0,0,0,0
tr|W1DSD7|W1DSD7_KLEPN,0,0,0,0
tr|W1DSD9|W1DSD9_KLEPN,1,1,1,0
tr|W1DSE0|W1DSE0_KLEPN,1,0,0,0
tr|W1DSE1|W1DSE1_KLEPN,0,0,0,0
tr|W1DSE2|W1DSE2_KLEPN,0,0,0,0
tr|W1DSE3|W1DSE3_KLEPN,0,0,0,0
tr|W1DSE4|W1DSE4_KLEPN,0,0,0,0
tr|W1DSE6|W1DSE6_KLEPN,0,0,0,0
tr|W1DSE7|W1DSE7_KLEPN,0,0,0,0
tr|W1DSE8|W1DSE8_KLEPN,0,0,0,0
tr|W1DSE9|W1DSE9_KLEPN,0,0,0,0
tr|W1DSF0|W1DSF0_KLEPN,0,0,0,0
tr|W1DSF1|W1DSF1_KLEPN,0,0,0,0
tr|W1DSF2|W1DSF2_KLEPN,0,0,0,0
tr|W1DSF3|W1DSF3_KLEPN,0,0,0,0
tr|W1DSF4|W1DSF4_KLEPN,0,0,0,0
tr|W1DSF5|W1DSF5_KLEPN,0,0,0,0
tr|W1DSF7|W1DSF7_KLEPN,1,1,1,0
tr|W1DSF8|W1DSF8_KLEPN,1,1,1,0
tr|W1DSF9|W1DSF9_KLEPN,0,0,0,0
tr|W1DSG0|W1DSG0_KLEPN,0,0,0,0
tr|W1DSG2|W1DSG2_KLEPN,0,0,0,0
tr|W1DSG3|W1DSG3_KLEPN,0,0,0,0
tr|W1DSG5|W1DSG5_KLEPN,0,0,0,0
tr|W1DSG6|W1DSG6_KLEPN,0,0,0,0
tr|W1DSG7|W1DSG7_KLEPN,0,0,0,0
tr|W1DSG8|W1DSG8_KLEPN,1,0,0,0
tr|W1DSG9|W1DSG9_KLEPN,0,0,0,0
tr|W1DSH1|W1DSH1_KLEPN,0,0,0,0
tr|W1DSH2|W1DSH2_KLEPN,0,0,0,0
tr|W1DSH4|W1DSH4_KLEPN,0,0,0,0
tr|W1DSH7|W1DSH7_KLEPN,0,0,0,0
tr|W1DSH9|W1DSH9_KLEPN,0,0,0,0
tr|W1DSI0|W1DSI0_KLEPN,0,0,0,0
tr|W1DSI2|W1DSI2_KLEPN,0,0,0,0
tr|W1DSI3|W1DSI3_KLEPN,0,0,0,0
tr|W1DSI4|W1DSI4_KLEPN,0,0,0,0
tr|W1DSI5|W1DSI5_KLEPN,0,0,0,0
tr|W1DSI6|W1DSI6_KLEPN,0,0,0,0
tr|W1DSI8|W1DSI8_KLEPN,0,0,0,0
tr|W1DSI9|W1DSI9_KLEPN,0,0,0,0
tr|W1DSJ1|W1DSJ1_KLEPN,0,0,0,0
tr|W1DSJ2|W1DSJ2_KLEPN,0,0,0,0
tr|W1DSJ3|W1DSJ3_KLEPN,0,0,0,0
tr|W1DSJ5|W1DSJ5_KLEPN,0,0,0,0
tr|W1DSJ7|W1DSJ7_KLEPN,0,0,0,0
tr|W1DSJ8|W1DSJ8_KLEPN,0,0,0,0
tr|W1DSJ9|W1DSJ9_KLEPN,0,0,0,0
tr|W1DSK1|W1DSK1_KLEPN,1,1,1,0
tr|W1DSK2|W1DSK2_KLEPN,0,0,0,0
tr|W1DSK3|W1DSK3_KLEPN,0,0,0,0
tr|W1DSK4|W1DSK4_KLEPN,0,0,0,0
tr|W1DSK5|W1DSK5_KLEPN,0,0,0,0
tr|W1DSK6|W1DSK6_KLEPN,1,1,1,1
tr|W1DSK8|W1DSK8_KLEPN,0,0,0,0
tr|W1DSK9|W1DSK9_KLEPN,0,0,0,0
tr|W1DSL1|W1DSL1_KLEPN,0,0,0,0
tr|W1DSL2|W1DSL2_KLEPN,0,0,0,0
tr|W1DSL4|W1DSL4_KLEPN,0,0,0,0
tr|W1DSL5|W1DSL5_KLEPN,0,0,0,0
tr|W1DSL6|W1DSL6_KLEPN,0,0,0,0
tr|W1DSL7|W1DSL7_KLEPN,0,0,0,0
tr|W1DSL8|W1DSL8_KLEPN,0,0,0,0
tr|W1DSM0|W1DSM0_KLEPN,0,0,0,0
tr|W1DSM1|W1DSM1_KLEPN,1,1,1,0
tr|W1DSM2|W1DSM2_KLEPN,0,0,0,0
tr|W1DSM3|W1DSM3_KLEPN,0,0,0,0
tr|W1DSM4|W1DSM4_KLEPN,0,0,0,0
tr|W1DSM5|W1DSM5_KLEPN,0,0,0,0
tr|W1DSM6|W1DSM6_KLEPN,0,0,0,0
tr|W1DSM7|W1DSM7_KLEPN,1,1,1,1
tr|W1DSM8|W1DSM8_KLEPN,0,0,0,0
tr|W1DSN1|W1DSN1_KLEPN,0,0,0,0
tr|W1DSN2|W1DSN2_KLEPN,0,0,0,0
tr|W1DSN3|W1DSN3_KLEPN,0,0,0,0
tr|W1DSN4|W1DSN4_KLEPN,0,0,0,0
tr|W1DSN6|W1DSN6_KLEPN,0,0,0,0
tr|W1DSN7|W1DSN7_KLEPN,0,0,0,0
tr|W1DSN8|W1DSN8_KLEPN,0,0,0,0
tr|W1DSP0|W1DSP0_KLEPN,0,0,0,0
tr|W1DSP1|W1DSP1_KLEPN,0,0,0,0
tr|W1DSP2|W1DSP2_KLEPN,0,0,0,0
tr|W1DSP4|W1DSP4_KLEPN,0,0,0,0
tr|W1DSP5|W1DSP5_KLEPN,0,0,0,0
tr|W1DSP8|W1DSP8_KLEPN,0,0,0,0
tr|W1DSP9|W1DSP9_KLEPN,0,0,0,0
tr|W1DSQ0|W1DSQ0_KLEPN,0,0,0,0
tr|W1DSQ6|W1DSQ6_KLEPN,0,0,0,0
tr|W1DSQ7|W1DSQ7_KLEPN,0,0,0,0
tr|W1DSQ9|W1DSQ9_KLEPN,0,0,0,0
tr|W1DSR0|W1DSR0_KLEPN,0,0,0,0
tr|W1DSR1|W1DSR1_KLEPN,0,0,0,0
tr|W1DSR2|W1DSR2_KLEPN,0,0,0,0
tr|W1DSR3|W1DSR3_KLEPN,0,0,0,0
tr|W1DSR4|W1DSR4_KLEPN,0,0,0,0
tr|W1DSR5|W1DSR5_KLEPN,0,0,0,0
tr|W1DSR8|W1DSR8_KLEPN,0,0,0,0
tr|W1DSS0|W1DSS0_KLEPN,0,0,0,0
tr|W1DSS1|W1DSS1_KLEPN,1,0,0,0
tr|W1DSS2|W1DSS2_KLEPN,0,0,0,0
tr|W1DSS3|W1DSS3_KLEPN,0,0,0,0
tr|W1DSS4|W1DSS4_KLEPN,0,0,0,0
tr|W1DSS5|W1DSS5_KLEPN,0,0,0,0
tr|W1DSS6|W1DSS6_KLEPN,0,0,0,0
tr|W1DSS7|W1DSS7_KLEPN,0,0,0,0
tr|W1DSS9|W1DSS9_KLEPN,0,0,0,0
tr|W1DST0|W1DST0_KLEPN,1,1,1,0
tr|W1DST1|W1DST1_KLEPN,0,0,0,0
tr|W1DST3|W1DST3_KLEPN,0,0,0,0
tr|W1DST4|W1DST4_KLEPN,0,0,0,0
tr|W1DST5|W1DST5_KLEPN,0,0,0,0
tr|W1DST6|W1DST6_KLEPN,0,0,0,0
tr|W1DST7|W1DST7_KLEPN,0,0,0,0
tr|W1DST8|W1DST8_KLEPN,0,0,0,0
tr|W1DSU0|W1DSU0_KLEPN,0,0,0,0
tr|W1DSU2|W1DSU2_KLEPN,0,0,0,0
tr|W1DSU4|W1DSU4_KLEPN,0,0,0,0
tr|W1DSU5|W1DSU5_KLEPN,0,0,0,0
tr|W1DSU6|W1DSU6_KLEPN,0,0,0,0
tr|W1DSV0|W1DSV0_KLEPN,0,0,0,0
tr|W1DSV1|W1DSV1_KLEPN,0,0,0,0
tr|W1DSV3|W1DSV3_KLEPN,0,0,0,0
tr|W1DSV5|W1DSV5_KLEPN,0,0,0,0
tr|W1DSV6|W1DSV6_KLEPN,0,0,0,0
tr|W1DSV7|W1DSV7_KLEPN,0,0,0,0
tr|W1DSV8|W1DSV8_KLEPN,0,0,0,0
tr|W1DSW0|W1DSW0_KLEPN,0,0,0,0
tr|W1DSW1|W1DSW1_KLEPN,0,0,0,0
tr|W1DSW2|W1DSW2_KLEPN,0,0,0,0
tr|W1DSW4|W1DSW4_KLEPN,0,0,0,0
tr|W1DSW6|W1DSW6_KLEPN,0,0,0,0
tr|W1DSW7|W1DSW7_KLEPN,0,0,0,0
tr|W1DSW8|W1DSW8_KLEPN,0,0,0,0
tr|W1DSX0|W1DSX0_KLEPN,0,0,0,0
tr|W1DSX1|W1DSX1_KLEPN,0,0,0,0
tr|W1DSX2|W1DSX2_KLEPN,0,0,0,0
tr|W1DSX4|W1DSX4_KLEPN,0,0,0,0
tr|W1DSX5|W1DSX5_KLEPN,0,0,0,0
tr|W1DSX7|W1DSX7_KLEPN,0,0,0,0
tr|W1DSX8|W1DSX8_KLEPN,0,0,0,0
tr|W1DSX9|W1DSX9_KLEPN,0,0,0,0
tr|W1DSY4|W1DSY4_KLEPN,0,0,0,0
tr|W1DSY5|W1DSY5_KLEPN,0,0,0,0
tr|W1DSY6|W1DSY6_KLEPN,1,1,1,0
tr|W1DSY7|W1DSY7_KLEPN,0,0,0,0
tr|W1DSY8|W1DSY8_KLEPN,0,0,0,0
tr|W1DSY9|W1DSY9_KLEPN,0,0,0,0
tr|W1DSZ0|W1DSZ0_KLEPN,0,0,0,0
tr|W1DSZ1|W1DSZ1_KLEPN,0,0,0,0
tr|W1DSZ2|W1DSZ2_KLEPN,0,0,0,0
tr|W1DSZ3|W1DSZ3_KLEPN,0,0,0,0
tr|W1DSZ4|W1DSZ4_KLEPN,0,0,0,0
tr|W1DSZ6|W1DSZ6_KLEPN,0,0,0,0
tr|W1DSZ7|W1DSZ7_KLEPN,0,0,0,0
tr|W1DSZ8|W1DSZ8_KLEPN,0,0,0,0
tr|W1DSZ9|W1DSZ9_KLEPN,0,0,0,0
tr|W1DT01|W1DT01_KLEPN,0,0,0,0
tr|W1DT02|W1DT02_KLEPN,0,0,0,0
tr|W1DT03|W1DT03_KLEPN,0,0,0,0
tr|W1DT04|W1DT04_KLEPN,0,0,0,0
tr|W1DT05|W1DT05_KLEPN,0,0,0,0
tr|W1DT08|W1DT08_KLEPN,0,0,0,0
tr|W1DT11|W1DT11_KLEPN,0,0,0,0
tr|W1DT13|W1DT13_KLEPN,0,0,0,0
tr|W1DT14|W1DT14_KLEPN,0,0,0,0
tr|W1DT15|W1DT15_KLEPN,0,0,0,0
tr|W1DT17|W1DT17_KLEPN,0,0,0,0
tr|W1DT18|W1DT18_KLEPN,0,0,0,0
tr|W1DT19|W1DT19_KLEPN,0,0,0,0
tr|W1DT20|W1DT20_KLEPN,0,0,0,0
tr|W1DT21|W1DT21_KLEPN,0,0,0,0
tr|W1DT22|W1DT22_KLEPN,0,0,0,0
tr|W1DT23|W1DT23_KLEPN,0,0,0,0
tr|W1DT24|W1DT24_KLEPN,0,0,0,0
tr|W1DT26|W1DT26_KLEPN,0,0,0,0
tr|W1DT27|W1DT27_KLEPN,0,0,0,0
tr|W1DT28|W1DT28_KLEPN,0,0,0,0
tr|W1DT29|W1DT29_KLEPN,0,0,0,0
tr|W1DT31|W1DT31_KLEPN,0,0,0,0
tr|W1DT32|W1DT32_KLEPN,0,0,0,0
tr|W1DT33|W1DT33_KLEPN,0,0,0,0
tr|W1DT34|W1DT34_KLEPN,0,0,0,0
tr|W1DT35|W1DT35_KLEPN,0,0,0,0
tr|W1DT36|W1DT36_KLEPN,0,0,0,0
tr|W1DT37|W1DT37_KLEPN,0,0,0,0
tr|W1DT38|W1DT38_KLEPN,0,0,0,0
tr|W1DT39|W1DT39_KLEPN,0,0,0,0
tr|W1DT40|W1DT40_KLEPN,0,0,0,0
tr|W1DT41|W1DT41_KLEPN,0,0,0,0
tr|W1DT42|W1DT42_KLEPN,0,0,0,0
tr|W1DT43|W1DT43_KLEPN,0,0,0,0
tr|W1DT44|W1DT44_KLEPN,0,0,0,0
tr|W1DT46|W1DT46_KLEPN,0,0,0,0
tr|W1DT47|W1DT47_KLEPN,0,0,0,0
tr|W1DT48|W1DT48_KLEPN,0,0,0,0
tr|W1DT49|W1DT49_KLEPN,0,0,0,0
tr|W1DT50|W1DT50_KLEPN,0,0,0,0
tr|W1DT51|W1DT51_KLEPN,0,0,0,0
tr|W1DT52|W1DT52_KLEPN,0,0,0,0
tr|W1DT53|W1DT53_KLEPN,0,0,0,0
tr|W1DT54|W1DT54_KLEPN,0,0,0,0
tr|W1DT55|W1DT55_KLEPN,0,0,0,0
tr|W1DT56|W1DT56_KLEPN,0,0,0,0
tr|W1DT57|W1DT57_KLEPN,0,0,0,0
tr|W1DT58|W1DT58_KLEPN,0,0,0,0
tr|W1DT59|W1DT59_KLEPN,0,0,0,0
tr|W1DT60|W1DT60_KLEPN,0,0,0,0
tr|W1DT61|W1DT61_KLEPN,0,0,0,0
tr|W1DT62|W1DT62_KLEPN,0,0,0,0
tr|W1DT64|W1DT64_KLEPN,0,0,0,0
tr|W1DT65|W1DT65_KLEPN,0,0,0,0
tr|W1DT66|W1DT66_KLEPN,0,0,0,0
tr|W1DT67|W1DT67_KLEPN,0,0,0,0
tr|W1DT68|W1DT68_KLEPN,0,0,0,0
tr|W1DT69|W1DT69_KLEPN,0,0,0,0
tr|W1DT70|W1DT70_KLEPN,0,0,0,0
tr|W1DT71|W1DT71_KLEPN,0,0,0,0
tr|W1DT74|W1DT74_KLEPN,0,0,0,0
tr|W1DT76|W1DT76_KLEPN,0,0,0,0
tr|W1DT77|W1DT77_KLEPN,0,0,0,0
tr|W1DT78|W1DT78_KLEPN,0,0,0,0
tr|W1DT80|W1DT80_KLEPN,0,0,0,0
tr|W1DT81|W1DT81_KLEPN,0,0,0,0
tr|W1DT83|W1DT83_KLEPN,0,0,0,0
tr|W1DT84|W1DT84_KLEPN,0,0,0,0
tr|W1DT85|W1DT85_KLEPN,0,0,0,0
tr|W1DT86|W1DT86_KLEPN,0,0,0,0
tr|W1DT87|W1DT87_KLEPN,0,0,0,0
tr|W1DT88|W1DT88_KLEPN,0,0,0,0
tr|W1DT89|W1DT89_KLEPN,0,0,0,0
tr|W1DT90|W1DT90_KLEPN,0,0,0,0
tr|W1DT93|W1DT93_KLEPN,0,0,0,0
tr|W1DT94|W1DT94_KLEPN,0,0,0,0
tr|W1DT95|W1DT95_KLEPN,0,0,0,0
tr|W1DT96|W1DT96_KLEPN,0,0,0,0
tr|W1DT98|W1DT98_KLEPN,0,0,0,0
tr|W1DT99|W1DT99_KLEPN,0,0,0,0
tr|W1DTA3|W1DTA3_KLEPN,0,0,0,0
tr|W1DTA4|W1DTA4_KLEPN,0,0,0,0
tr|W1DTA5|W1DTA5_KLEPN,0,0,0,0
tr|W1DTA6|W1DTA6_KLEPN,0,0,0,0
tr|W1DTA7|W1DTA7_KLEPN,0,0,0,0
tr|W1DTA8|W1DTA8_KLEPN,0,0,0,0
tr|W1DTA9|W1DTA9_KLEPN,0,0,0,0
tr|W1DTB1|W1DTB1_KLEPN,0,0,0,0
tr|W1DTB2|W1DTB2_KLEPN,0,0,0,0
tr|W1DTB4|W1DTB4_KLEPN,0,0,0,0
tr|W1DTB5|W1DTB5_KLEPN,0,0,0,0
tr|W1DTB6|W1DTB6_KLEPN,0,0,0,0
tr|W1DTB7|W1DTB7_KLEPN,0,0,0,0
tr|W1DTB9|W1DTB9_KLEPN,0,0,0,0
tr|W1DTC0|W1DTC0_KLEPN,0,0,0,0
tr|W1DTC2|W1DTC2_KLEPN,0,0,0,0
tr|W1DTC4|W1DTC4_KLEPN,0,0,0,0
tr|W1DTC6|W1DTC6_KLEPN,0,0,0,0
tr|W1DTC7|W1DTC7_KLEPN,0,0,0,0
tr|W1DTC8|W1DTC8_KLEPN,0,0,0,0
tr|W1DTC9|W1DTC9_KLEPN,0,0,0,0
tr|W1DTD0|W1DTD0_KLEPN,0,0,0,0
tr|W1DTD1|W1DTD1_KLEPN,0,0,0,0
tr|W1DTD2|W1DTD2_KLEPN,0,0,0,0
tr|W1DTD3|W1DTD3_KLEPN,0,0,0,0
tr|W1DTD4|W1DTD4_KLEPN,0,0,0,0
tr|W1DTD5|W1DTD5_KLEPN,0,0,0,0
tr|W1DTD7|W1DTD7_KLEPN,0,0,0,0
tr|W1DTD8|W1DTD8_KLEPN,0,0,0,0
tr|W1DTD9|W1DTD9_KLEPN,0,0,0,0
tr|W1DTE0|W1DTE0_KLEPN,0,0,0,0
tr|W1DTE1|W1DTE1_KLEPN,0,0,0,0
tr|W1DTE2|W1DTE2_KLEPN,0,0,0,0
tr|W1DTE3|W1DTE3_KLEPN,0,0,0,0
tr|W1DTE4|W1DTE4_KLEPN,0,0,0,0
tr|W1DTE5|W1DTE5_KLEPN,0,0,0,0
tr|W1DTE6|W1DTE6_KLEPN,0,0,0,0
tr|W1DTE7|W1DTE7_KLEPN,0,0,0,0
tr|W1DTE8|W1DTE8_KLEPN,0,0,0,0
tr|W1DTE9|W1DTE9_KLEPN,0,0,0,0
tr|W1DTF0|W1DTF0_KLEPN,0,0,0,0
tr|W1DTF1|W1DTF1_KLEPN,0,0,0,0
tr|W1DTF2|W1DTF2_KLEPN,0,0,0,0
tr|W1DTF3|W1DTF3_KLEPN,0,0,0,0
tr|W1DTF4|W1DTF4_KLEPN,0,0,0,0
tr|W1DTF5|W1DTF5_KLEPN,0,0,0,0
tr|W1DTF6|W1DTF6_KLEPN,0,0,0,0
tr|W1DTF7|W1DTF7_KLEPN,0,0,0,0
tr|W1DTF8|W1DTF8_KLEPN,0,0,0,0
tr|W1DTF9|W1DTF9_KLEPN,0,0,0,0
tr|W1DTG1|W1DTG1_KLEPN,0,0,0,0
tr|W1DTG2|W1DTG2_KLEPN,1,1,1,1
tr|W1DTG3|W1DTG3_KLEPN,0,0,0,0
tr|W1DTG4|W1DTG4_KLEPN,0,0,0,0
tr|W1DTG5|W1DTG5_KLEPN,0,0,0,0
tr|W1DTG7|W1DTG7_KLEPN,0,0,0,0
tr|W1DTG8|W1DTG8_KLEPN,0,0,0,0
tr|W1DTG9|W1DTG9_KLEPN,0,0,0,0
tr|W1DTH0|W1DTH0_KLEPN,0,0,0,0
tr|W1DTH1|W1DTH1_KLEPN,0,0,0,0
tr|W1DTH2|W1DTH2_KLEPN,0,0,0,0
tr|W1DTH4|W1DTH4_KLEPN,0,0,0,0
tr|W1DTH5|W1DTH5_KLEPN,0,0,0,0
tr|W1DTH6|W1DTH6_KLEPN,0,0,0,0
tr|W1DTH7|W1DTH7_KLEPN,0,0,0,0
tr|W1DTH8|W1DTH8_KLEPN,0,0,0,0
tr|W1DTH9|W1DTH9_KLEPN,0,0,0,0
tr|W1DTI0|W1DTI0_KLEPN,0,0,0,0
tr|W1DTI1|W1DTI1_KLEPN,0,0,0,0
tr|W1DTI2|W1DTI2_KLEPN,1,1,1,0
tr|W1DTI3|W1DTI3_KLEPN,0,0,0,0
tr|W1DTI4|W1DTI4_KLEPN,0,0,0,0
tr|W1DTI5|W1DTI5_KLEPN,0,0,0,0
tr|W1DTI8|W1DTI8_KLEPN,0,0,0,0
tr|W1DTI9|W1DTI9_KLEPN,0,0,0,0
tr|W1DTJ0|W1DTJ0_KLEPN,0,0,0,0
tr|W1DTJ1|W1DTJ1_KLEPN,0,0,0,0
tr|W1DTJ2|W1DTJ2_KLEPN,0,0,0,0
tr|W1DTJ3|W1DTJ3_KLEPN,0,0,0,0
tr|W1DTJ4|W1DTJ4_KLEPN,0,0,0,0
tr|W1DTJ9|W1DTJ9_KLEPN,0,0,0,0
tr|W1DTK0|W1DTK0_KLEPN,0,0,0,0
tr|W1DTK1|W1DTK1_KLEPN,0,0,0,0
tr|W1DTK2|W1DTK2_KLEPN,0,0,0,0
tr|W1DTK3|W1DTK3_KLEPN,0,0,0,0
tr|W1DTK4|W1DTK4_KLEPN,0,0,0,0
tr|W1DTK5|W1DTK5_KLEPN,1,1,0,0
tr|W1DTK6|W1DTK6_KLEPN,0,0,0,0
tr|W1DTK7|W1DTK7_KLEPN,0,0,0,0
tr|W1DTK8|W1DTK8_KLEPN,0,0,0,0
tr|W1DTK9|W1DTK9_KLEPN,0,0,0,0
tr|W1DTL0|W1DTL0_KLEPN,0,0,0,0
tr|W1DTL1|W1DTL1_KLEPN,0,0,0,0
tr|W1DTL2|W1DTL2_KLEPN,0,0,0,0
tr|W1DTL3|W1DTL3_KLEPN,0,0,0,0
tr|W1DTL4|W1DTL4_KLEPN,0,0,0,0
tr|W1DTL5|W1DTL5_KLEPN,0,0,0,0
tr|W1DTL6|W1DTL6_KLEPN,0,0,0,0
tr|W1DTL7|W1DTL7_KLEPN,0,0,0,0
tr|W1DTL8|W1DTL8_KLEPN,0,0,0,0
tr|W1DTM0|W1DTM0_KLEPN,0,0,0,0
tr|W1DTM1|W1DTM1_KLEPN,0,0,0,0
tr|W1DTM2|W1DTM2_KLEPN,0,0,0,0
tr|W1DTM3|W1DTM3_KLEPN,0,0,0,0
tr|W1DTM4|W1DTM4_KLEPN,0,0,0,0
tr|W1DTM6|W1DTM6_KLEPN,0,0,0,0
tr|W1DTM7|W1DTM7_KLEPN,0,0,0,0
tr|W1DTM8|W1DTM8_KLEPN,0,0,0,0
tr|W1DTM9|W1DTM9_KLEPN,0,0,0,0
tr|W1DTN0|W1DTN0_KLEPN,0,0,0,0
tr|W1DTN2|W1DTN2_KLEPN,0,0,0,0
tr|W1DTN3|W1DTN3_KLEPN,0,0,0,0
tr|W1DTN4|W1DTN4_KLEPN,0,0,0,0
tr|W1DTN6|W1DTN6_KLEPN,0,0,0,0
tr|W1DTN7|W1DTN7_KLEPN,0,0,0,0
tr|W1DTN8|W1DTN8_KLEPN,0,0,0,0
tr|W1DTN9|W1DTN9_KLEPN,0,0,0,0
tr|W1DTP0|W1DTP0_KLEPN,0,0,0,0
tr|W1DTP1|W1DTP1_KLEPN,0,0,0,0
tr|W1DTP2|W1DTP2_KLEPN,0,0,0,0
tr|W1DTP3|W1DTP3_KLEPN,0,0,0,0
tr|W1DTP4|W1DTP4_KLEPN,0,0,0,0
tr|W1DTP5|W1DTP5_KLEPN,0,0,0,0
tr|W1DTP6|W1DTP6_KLEPN,1,1,1,0
tr|W1DTP7|W1DTP7_KLEPN,1,0,0,0
tr|W1DTP8|W1DTP8_KLEPN,0,0,0,0
tr|W1DTP9|W1DTP9_KLEPN,0,0,0,0
tr|W1DTQ0|W1DTQ0_KLEPN,0,0,0,0
tr|W1DTQ1|W1DTQ1_KLEPN,0,0,0,0
tr|W1DTQ3|W1DTQ3_KLEPN,0,0,0,0
tr|W1DTQ5|W1DTQ5_KLEPN,0,0,0,0
tr|W1DTQ7|W1DTQ7_KLEPN,0,0,0,0
tr|W1DTQ8|W1DTQ8_KLEPN,0,0,0,0
tr|W1DTQ9|W1DTQ9_KLEPN,0,0,0,0
tr|W1DTR5|W1DTR5_KLEPN,0,0,0,0
tr|W1DTR7|W1DTR7_KLEPN,0,0,0,0
tr|W1DTR8|W1DTR8_KLEPN,0,0,0,0
tr|W1DTR9|W1DTR9_KLEPN,0,0,0,0
tr|W1DTS1|W1DTS1_KLEPN,1,1,1,1
tr|W1DTS2|W1DTS2_KLEPN,0,0,0,0
tr|W1DTS3|W1DTS3_KLEPN,0,0,0,0
tr|W1DTS4|W1DTS4_KLEPN,0,0,0,0
tr|W1DTS5|W1DTS5_KLEPN,0,0,0,0
tr|W1DTS6|W1DTS6_KLEPN,0,0,0,0
tr|W1DTS7|W1DTS7_KLEPN,0,0,0,0
tr|W1DTS8|W1DTS8_KLEPN,0,0,0,0
tr|W1DTS9|W1DTS9_KLEPN,0,0,0,0
tr|W1DTT0|W1DTT0_KLEPN,0,0,0,0
tr|W1DTT1|W1DTT1_KLEPN,0,0,0,0
tr|W1DTT2|W1DTT2_KLEPN,0,0,0,0
tr|W1DTT3|W1DTT3_KLEPN,1,0,0,0
tr|W1DTT4|W1DTT4_KLEPN,0,0,0,0
tr|W1DTT6|W1DTT6_KLEPN,0,0,0,0
tr|W1DTT7|W1DTT7_KLEPN,0,0,0,0
tr|W1DTT8|W1DTT8_KLEPN,0,0,0,0
tr|W1DTT9|W1DTT9_KLEPN,0,0,0,0
tr|W1DTU2|W1DTU2_KLEPN,0,0,0,0
tr|W1DTU4|W1DTU4_KLEPN,0,0,0,0
tr|W1DTU5|W1DTU5_KLEPN,1,1,0,0
tr|W1DTU6|W1DTU6_KLEPN,1,1,0,0
tr|W1DTU7|W1DTU7_KLEPN,0,0,0,0
tr|W1DTU8|W1DTU8_KLEPN,0,0,0,0
tr|W1DTU9|W1DTU9_KLEPN,0,0,0,0
tr|W1DTV0|W1DTV0_KLEPN,0,0,0,0
tr|W1DTV1|W1DTV1_KLEPN,0,0,0,0
tr|W1DTV2|W1DTV2_KLEPN,0,0,0,0
tr|W1DTV4|W1DTV4_KLEPN,0,0,0,0
tr|W1DTV6|W1DTV6_KLEPN,0,0,0,0
tr|W1DTV7|W1DTV7_KLEPN,0,0,0,0
tr|W1DTV8|W1DTV8_KLEPN,0,0,0,0
tr|W1DTV9|W1DTV9_KLEPN,0,0,0,0
tr|W1DTW0|W1DTW0_KLEPN,0,0,0,0
tr|W1DTW1|W1DTW1_KLEPN,0,0,0,0
tr|W1DTW2|W1DTW2_KLEPN,0,0,0,0
tr|W1DTW3|W1DTW3_KLEPN,0,0,0,0
tr|W1DTW5|W1DTW5_KLEPN,0,0,0,0
tr|W1DTW6|W1DTW6_KLEPN,0,0,0,0
tr|W1DTW7|W1DTW7_KLEPN,0,0,0,0
tr|W1DTW8|W1DTW8_KLEPN,0,0,0,0
tr|W1DTW9|W1DTW9_KLEPN,0,0,0,0
tr|W1DTX0|W1DTX0_KLEPN,1,1,1,0
tr|W1DTX1|W1DTX1_KLEPN,0,0,0,0
tr|W1DTX2|W1DTX2_KLEPN,0,0,0,0
tr|W1DTX3|W1DTX3_KLEPN,0,0,0,0
tr|W1DTX4|W1DTX4_KLEPN,0,0,0,0
tr|W1DTX5|W1DTX5_KLEPN,1,1,0,0
tr|W1DTX7|W1DTX7_KLEPN,0,0,0,0
tr|W1DTX9|W1DTX9_KLEPN,0,0,0,0
tr|W1DTY0|W1DTY0_KLEPN,0,0,0,0
tr|W1DTY1|W1DTY1_KLEPN,0,0,0,0
tr|W1DTY2|W1DTY2_KLEPN,0,0,0,0
tr|W1DTY3|W1DTY3_KLEPN,0,0,0,0
tr|W1DTY4|W1DTY4_KLEPN,0,0,0,0
tr|W1DTY5|W1DTY5_KLEPN,0,0,0,0
tr|W1DTY6|W1DTY6_KLEPN,0,0,0,0
tr|W1DTY7|W1DTY7_KLEPN,0,0,0,0
tr|W1DTY8|W1DTY8_KLEPN,0,0,0,0
tr|W1DTY9|W1DTY9_KLEPN,0,0,0,0
tr|W1DTZ0|W1DTZ0_KLEPN,0,0,0,0
tr|W1DTZ1|W1DTZ1_KLEPN,0,0,0,0
tr|W1DTZ2|W1DTZ2_KLEPN,0,0,0,0
tr|W1DTZ3|W1DTZ3_KLEPN,0,0,0,0
tr|W1DTZ4|W1DTZ4_KLEPN,0,0,0,0
tr|W1DTZ5|W1DTZ5_KLEPN,0,0,0,0
tr|W1DTZ6|W1DTZ6_KLEPN,0,0,0,0
tr|W1DTZ7|W1DTZ7_KLEPN,0,0,0,0
tr|W1DTZ8|W1DTZ8_KLEPN,0,0,0,0
tr|W1DU00|W1DU00_KLEPN,0,0,0,0
tr|W1DU02|W1DU02_KLEPN,0,0,0,0
tr|W1DU03|W1DU03_KLEPN,1,1,1,1
tr|W1DU05|W1DU05_KLEPN,0,0,0,0
tr|W1DU06|W1DU06_KLEPN,0,0,0,0
tr|W1DU07|W1DU07_KLEPN,0,0,0,0
tr|W1DU09|W1DU09_KLEPN,0,0,0,0
tr|W1DU10|W1DU10_KLEPN,0,0,0,0
tr|W1DU11|W1DU11_KLEPN,0,0,0,0
tr|W1DU14|W1DU14_KLEPN,0,0,0,0
tr|W1DU15|W1DU15_KLEPN,0,0,0,0
tr|W1DU16|W1DU16_KLEPN,0,0,0,0
tr|W1DU17|W1DU17_KLEPN,0,0,0,0
tr|W1DU18|W1DU18_KLEPN,0,0,0,0
tr|W1DU19|W1DU19_KLEPN,0,0,0,0
tr|W1DU20|W1DU20_KLEPN,0,0,0,0
tr|W1DU21|W1DU21_KLEPN,0,0,0,0
tr|W1DU23|W1DU23_KLEPN,0,0,0,0
tr|W1DU24|W1DU24_KLEPN,0,0,0,0
tr|W1DU25|W1DU25_KLEPN,0,0,0,0
tr|W1DU27|W1DU27_KLEPN,0,0,0,0
tr|W1DU28|W1DU28_KLEPN,0,0,0,0
tr|W1DU30|W1DU30_KLEPN,0,0,0,0
tr|W1DU31|W1DU31_KLEPN,1,1,1,0
tr|W1DU33|W1DU33_KLEPN,0,0,0,0
tr|W1DU34|W1DU34_KLEPN,0,0,0,0
tr|W1DU35|W1DU35_KLEPN,0,0,0,0
tr|W1DU36|W1DU36_KLEPN,0,0,0,0
tr|W1DU37|W1DU37_KLEPN,0,0,0,0
tr|W1DU38|W1DU38_KLEPN,0,0,0,0
tr|W1DU39|W1DU39_KLEPN,1,0,0,0
tr|W1DU40|W1DU40_KLEPN,0,0,0,0
tr|W1DU41|W1DU41_KLEPN,0,0,0,0
tr|W1DU42|W1DU42_KLEPN,0,0,0,0
tr|W1DU43|W1DU43_KLEPN,0,0,0,0
tr|W1DU44|W1DU44_KLEPN,0,0,0,0
tr|W1DU45|W1DU45_KLEPN,0,0,0,0
tr|W1DU47|W1DU47_KLEPN,0,0,0,0
tr|W1DU48|W1DU48_KLEPN,0,0,0,0
tr|W1DU49|W1DU49_KLEPN,0,0,0,0
tr|W1DU50|W1DU50_KLEPN,0,0,0,0
tr|W1DU52|W1DU52_KLEPN,0,0,0,0
tr|W1DU53|W1DU53_KLEPN,0,0,0,0
tr|W1DU55|W1DU55_KLEPN,0,0,0,0
tr|W1DU56|W1DU56_KLEPN,0,0,0,0
tr|W1DU58|W1DU58_KLEPN,0,0,0,0
tr|W1DU60|W1DU60_KLEPN,0,0,0,0
tr|W1DU63|W1DU63_KLEPN,0,0,0,0
tr|W1DU64|W1DU64_KLEPN,1,1,1,0
tr|W1DU65|W1DU65_KLEPN,0,0,0,0
tr|W1DU67|W1DU67_KLEPN,0,0,0,0
tr|W1DU68|W1DU68_KLEPN,0,0,0,0
tr|W1DU69|W1DU69_KLEPN,0,0,0,0
tr|W1DU71|W1DU71_KLEPN,0,0,0,0
tr|W1DU72|W1DU72_KLEPN,0,0,0,0
tr|W1DU73|W1DU73_KLEPN,0,0,0,0
tr|W1DU74|W1DU74_KLEPN,1,1,1,0
tr|W1DU75|W1DU75_KLEPN,0,0,0,0
tr|W1DU76|W1DU76_KLEPN,0,0,0,0
tr|W1DU77|W1DU77_KLEPN,0,0,0,0
tr|W1DU79|W1DU79_KLEPN,0,0,0,0
tr|W1DU81|W1DU81_KLEPN,0,0,0,0
tr|W1DU83|W1DU83_KLEPN,0,0,0,0
tr|W1DU84|W1DU84_KLEPN,1,0,0,0
tr|W1DU85|W1DU85_KLEPN,0,0,0,0
tr|W1DU86|W1DU86_KLEPN,0,0,0,0
tr|W1DU88|W1DU88_KLEPN,0,0,0,0
tr|W1DU89|W1DU89_KLEPN,0,0,0,0
tr|W1DU96|W1DU96_KLEPN,0,0,0,0
tr|W1DU97|W1DU97_KLEPN,1,1,1,0
tr|W1DU98|W1DU98_KLEPN,0,0,0,0
tr|W1DU99|W1DU99_KLEPN,1,1,1,1
tr|W1DUA0|W1DUA0_KLEPN,0,0,0,0
tr|W1DUA1|W1DUA1_KLEPN,0,0,0,0
tr|W1DUA2|W1DUA2_KLEPN,0,0,0,0
tr|W1DUA3|W1DUA3_KLEPN,0,0,0,0
tr|W1DUA4|W1DUA4_KLEPN,0,0,0,0
tr|W1DUA5|W1DUA5_KLEPN,1,1,1,0
tr|W1DUA6|W1DUA6_KLEPN,0,0,0,0
tr|W1DUA7|W1DUA7_KLEPN,0,0,0,0
tr|W1DUA8|W1DUA8_KLEPN,0,0,0,0
tr|W1DUA9|W1DUA9_KLEPN,0,0,0,0
tr|W1DUB0|W1DUB0_KLEPN,0,0,0,0
tr|W1DUB2|W1DUB2_KLEPN,1,1,1,0
tr|W1DUB4|W1DUB4_KLEPN,0,0,0,0
tr|W1DUB5|W1DUB5_KLEPN,0,0,0,0
tr|W1DUB6|W1DUB6_KLEPN,1,1,0,0
tr|W1DUB7|W1DUB7_KLEPN,0,0,0,0
tr|W1DUB8|W1DUB8_KLEPN,0,0,0,0
tr|W1DUC0|W1DUC0_KLEPN,1,1,1,0
tr|W1DUC1|W1DUC1_KLEPN,0,0,0,0
tr|W1DUC2|W1DUC2_KLEPN,0,0,0,0
tr|W1DUC3|W1DUC3_KLEPN,0,0,0,0
tr|W1DUC5|W1DUC5_KLEPN,1,1,1,0
tr|W1DUC6|W1DUC6_KLEPN,0,0,0,0
tr|W1DUC7|W1DUC7_KLEPN,1,1,1,0
tr|W1DUC8|W1DUC8_KLEPN,0,0,0,0
tr|W1DUD0|W1DUD0_KLEPN,0,0,0,0
tr|W1DUD1|W1DUD1_KLEPN,0,0,0,0
tr|W1DUD2|W1DUD2_KLEPN,0,0,0,0
tr|W1DUD3|W1DUD3_KLEPN,0,0,0,0
tr|W1DUD4|W1DUD4_KLEPN,0,0,0,0
tr|W1DUD6|W1DUD6_KLEPN,0,0,0,0
tr|W1DUD7|W1DUD7_KLEPN,0,0,0,0
tr|W1DUD8|W1DUD8_KLEPN,0,0,0,0
tr|W1DUD9|W1DUD9_KLEPN,0,0,0,0
tr|W1DUE0|W1DUE0_KLEPN,0,0,0,0
tr|W1DUE1|W1DUE1_KLEPN,0,0,0,0
tr|W1DUE3|W1DUE3_KLEPN,0,0,0,0
tr|W1DUE5|W1DUE5_KLEPN,0,0,0,0
tr|W1DUE7|W1DUE7_KLEPN,0,0,0,0
tr|W1DUE8|W1DUE8_KLEPN,1,1,1,0
tr|W1DUE9|W1DUE9_KLEPN,0,0,0,0
tr|W1DUF0|W1DUF0_KLEPN,0,0,0,0
tr|W1DUF1|W1DUF1_KLEPN,0,0,0,0
tr|W1DUF2|W1DUF2_KLEPN,0,0,0,0
tr|W1DUF3|W1DUF3_KLEPN,0,0,0,0
tr|W1DUF4|W1DUF4_KLEPN,0,0,0,0
tr|W1DUF5|W1DUF5_KLEPN,0,0,0,0
tr|W1DUF7|W1DUF7_KLEPN,0,0,0,0
tr|W1DUF8|W1DUF8_KLEPN,0,0,0,0
tr|W1DUF9|W1DUF9_KLEPN,0,0,0,0
tr|W1DUG1|W1DUG1_KLEPN,0,0,0,0
tr|W1DUG3|W1DUG3_KLEPN,0,0,0,0
tr|W1DUG6|W1DUG6_KLEPN,0,0,0,0
tr|W1DUG7|W1DUG7_KLEPN,0,0,0,0
tr|W1DUG8|W1DUG8_KLEPN,0,0,0,0
tr|W1DUG9|W1DUG9_KLEPN,0,0,0,0
tr|W1DUH0|W1DUH0_KLEPN,1,1,1,0
tr|W1DUH1|W1DUH1_KLEPN,0,0,0,0
tr|W1DUH3|W1DUH3_KLEPN,0,0,0,0
tr|W1DUH4|W1DUH4_KLEPN,1,1,1,0
tr|W1DUH5|W1DUH5_KLEPN,0,0,0,0
tr|W1DUH7|W1DUH7_KLEPN,0,0,0,0
tr|W1DUH8|W1DUH8_KLEPN,0,0,0,0
tr|W1DUI0|W1DUI0_KLEPN,0,0,0,0
tr|W1DUI1|W1DUI1_KLEPN,0,0,0,0
tr|W1DUI2|W1DUI2_KLEPN,0,0,0,0
tr|W1DUI3|W1DUI3_KLEPN,0,0,0,0
tr|W1DUI6|W1DUI6_KLEPN,0,0,0,0
tr|W1DUI7|W1DUI7_KLEPN,0,0,0,0
tr|W1DUI8|W1DUI8_KLEPN,0,0,0,0
tr|W1DUI9|W1DUI9_KLEPN,0,0,0,0
tr|W1DUJ1|W1DUJ1_KLEPN,0,0,0,0
tr|W1DUJ3|W1DUJ3_KLEPN,0,0,0,0
tr|W1DUJ4|W1DUJ4_KLEPN,0,0,0,0
tr|W1DUJ6|W1DUJ6_KLEPN,0,0,0,0
tr|W1DUJ7|W1DUJ7_KLEPN,0,0,0,0
tr|W1DUK2|W1DUK2_KLEPN,0,0,0,0
tr|W1DUK3|W1DUK3_KLEPN,0,0,0,0
tr|W1DUK4|W1DUK4_KLEPN,0,0,0,0
tr|W1DUK5|W1DUK5_KLEPN,0,0,0,0
tr|W1DUK7|W1DUK7_KLEPN,0,0,0,0
tr|W1DUK9|W1DUK9_KLEPN,0,0,0,0
tr|W1DUL0|W1DUL0_KLEPN,0,0,0,0
tr|W1DUL2|W1DUL2_KLEPN,0,0,0,0
tr|W1DUL5|W1DUL5_KLEPN,0,0,0,0
tr|W1DUL6|W1DUL6_KLEPN,0,0,0,0
tr|W1DUL7|W1DUL7_KLEPN,0,0,0,0
tr|W1DUM2|W1DUM2_KLEPN,0,0,0,0
tr|W1DUM3|W1DUM3_KLEPN,0,0,0,0
tr|W1DUM4|W1DUM4_KLEPN,0,0,0,0
tr|W1DUM6|W1DUM6_KLEPN,1,1,1,0
tr|W1DUM7|W1DUM7_KLEPN,0,0,0,0
tr|W1DUM8|W1DUM8_KLEPN,0,0,0,0
tr|W1DUN0|W1DUN0_KLEPN,0,0,0,0
tr|W1DUN2|W1DUN2_KLEPN,0,0,0,0
tr|W1DUN4|W1DUN4_KLEPN,0,0,0,0
tr|W1DUN6|W1DUN6_KLEPN,0,0,0,0
tr|W1DUN7|W1DUN7_KLEPN,0,0,0,0
tr|W1DUN9|W1DUN9_KLEPN,0,0,0,0
tr|W1DUP2|W1DUP2_KLEPN,0,0,0,0
tr|W1DUP3|W1DUP3_KLEPN,1,1,1,0
tr|W1DUP5|W1DUP5_KLEPN,0,0,0,0
tr|W1DUP6|W1DUP6_KLEPN,0,0,0,0
tr|W1DUP7|W1DUP7_KLEPN,0,0,0,0
tr|W1DUP8|W1DUP8_KLEPN,0,0,0,0
tr|W1DUQ0|W1DUQ0_KLEPN,1,1,1,0
tr|W1DUQ1|W1DUQ1_KLEPN,0,0,0,0
tr|W1DUQ2|W1DUQ2_KLEPN,0,0,0,0
tr|W1DUQ4|W1DUQ4_KLEPN,0,0,0,0
tr|W1DUQ5|W1DUQ5_KLEPN,0,0,0,0
tr|W1DUQ7|W1DUQ7_KLEPN,0,0,0,0
tr|W1DUR0|W1DUR0_KLEPN,0,0,0,0
tr|W1DUR1|W1DUR1_KLEPN,0,0,0,0
tr|W1DUR4|W1DUR4_KLEPN,0,0,0,0
tr|W1DUR5|W1DUR5_KLEPN,0,0,0,0
tr|W1DUR7|W1DUR7_KLEPN,0,0,0,0
tr|W1DUR8|W1DUR8_KLEPN,0,0,0,0
tr|W1DUR9|W1DUR9_KLEPN,1,1,1,0
tr|W1DUS0|W1DUS0_KLEPN,1,1,1,0
tr|W1DUS1|W1DUS1_KLEPN,0,0,0,0
tr|W1DUS2|W1DUS2_KLEPN,0,0,0,0
tr|W1DUS7|W1DUS7_KLEPN,0,0,0,0
tr|W1DUS8|W1DUS8_KLEPN,0,0,0,0
tr|W1DUS9|W1DUS9_KLEPN,0,0,0,0
tr|W1DUT2|W1DUT2_KLEPN,0,0,0,0
tr|W1DUT4|W1DUT4_KLEPN,0,0,0,0
tr|W1DUT6|W1DUT6_KLEPN,0,0,0,0
tr|W1DUT7|W1DUT7_KLEPN,0,0,0,0
tr|W1DUU0|W1DUU0_KLEPN,0,0,0,0
tr|W1DUU1|W1DUU1_KLEPN,0,0,0,0
tr|W1DUU2|W1DUU2_KLEPN,0,0,0,0
tr|W1DUU4|W1DUU4_KLEPN,0,0,0,0
tr|W1DUU5|W1DUU5_KLEPN,0,0,0,0
tr|W1DUU6|W1DUU6_KLEPN,0,0,0,0
tr|W1DUU9|W1DUU9_KLEPN,0,0,0,0
tr|W1DUV0|W1DUV0_KLEPN,0,0,0,0
tr|W1DUV2|W1DUV2_KLEPN,0,0,0,0
tr|W1DUV3|W1DUV3_KLEPN,0,0,0,0
tr|W1DUV4|W1DUV4_KLEPN,0,0,0,0
tr|W1DUV8|W1DUV8_KLEPN,0,0,0,0
tr|W1DUW0|W1DUW0_KLEPN,0,0,0,0
tr|W1DUW4|W1DUW4_KLEPN,0,0,0,0
tr|W1DUW6|W1DUW6_KLEPN,1,0,0,0
tr|W1DUW8|W1DUW8_KLEPN,0,0,0,0
tr|W1DUX0|W1DUX0_KLEPN,0,0,0,0
tr|W1DUX1|W1DUX1_KLEPN,0,0,0,0
tr|W1DUX3|W1DUX3_KLEPN,0,0,0,0
tr|W1DUX5|W1DUX5_KLEPN,0,0,0,0
tr|W1DUY0|W1DUY0_KLEPN,0,0,0,0
tr|W1DUY2|W1DUY2_KLEPN,0,0,0,0
tr|W1DUY4|W1DUY4_KLEPN,0,0,0,0
tr|W1DUY6|W1DUY6_KLEPN,0,0,0,0
tr|W1DUY7|W1DUY7_KLEPN,0,0,0,0
tr|W1DUZ1|W1DUZ1_KLEPN,0,0,0,0
tr|W1DUZ3|W1DUZ3_KLEPN,0,0,0,0
tr|W1DUZ5|W1DUZ5_KLEPN,0,0,0,0
tr|W1DUZ8|W1DUZ8_KLEPN,0,0,0,0
tr|W1DV04|W1DV04_KLEPN,0,0,0,0
tr|W1DV07|W1DV07_KLEPN,0,0,0,0
tr|W1DV08|W1DV08_KLEPN,0,0,0,0
tr|W1DV12|W1DV12_KLEPN,0,0,0,0
tr|W1DV13|W1DV13_KLEPN,0,0,0,0
tr|W1DV16|W1DV16_KLEPN,1,1,1,0
tr|W1DV17|W1DV17_KLEPN,0,0,0,0
tr|W1DV19|W1DV19_KLEPN,0,0,0,0
tr|W1DV21|W1DV21_KLEPN,0,0,0,0
tr|W1DV22|W1DV22_KLEPN,0,0,0,0
tr|W1DV25|W1DV25_KLEPN,0,0,0,0
tr|W1DV26|W1DV26_KLEPN,0,0,0,0
tr|W1DV30|W1DV30_KLEPN,0,0,0,0
tr|W1DV31|W1DV31_KLEPN,0,0,0,0
tr|W1DV34|W1DV34_KLEPN,0,0,0,0
tr|W1DV37|W1DV37_KLEPN,0,0,0,0
tr|W1DV41|W1DV41_KLEPN,0,0,0,0
tr|W1DV42|W1DV42_KLEPN,0,0,0,0
tr|W1DV45|W1DV45_KLEPN,0,0,0,0
tr|W1DV46|W1DV46_KLEPN,0,0,0,0
tr|W1DV49|W1DV49_KLEPN,0,0,0,0
tr|W1DV50|W1DV50_KLEPN,0,0,0,0
tr|W1DV52|W1DV52_KLEPN,1,1,1,1
tr|W1DV54|W1DV54_KLEPN,0,0,0,0
tr|W1DV57|W1DV57_KLEPN,0,0,0,0
tr|W1DV58|W1DV58_KLEPN,0,0,0,0
tr|W1DV64|W1DV64_KLEPN,1,1,1,0
tr|W1DV67|W1DV67_KLEPN,0,0,0,0
tr|W1DV68|W1DV68_KLEPN,0,0,0,0
tr|W1DV69|W1DV69_KLEPN,0,0,0,0
tr|W1DV72|W1DV72_KLEPN,0,0,0,0
tr|W1DV73|W1DV73_KLEPN,0,0,0,0
tr|W1DV78|W1DV78_KLEPN,0,0,0,0
tr|W1DV79|W1DV79_KLEPN,0,0,0,0
tr|W1DV81|W1DV81_KLEPN,0,0,0,0
tr|W1DV83|W1DV83_KLEPN,0,0,0,0
tr|W1DV85|W1DV85_KLEPN,0,0,0,0
tr|W1DV88|W1DV88_KLEPN,0,0,0,0
tr|W1DV90|W1DV90_KLEPN,0,0,0,0
tr|W1DV93|W1DV93_KLEPN,0,0,0,0
tr|W1DV95|W1DV95_KLEPN,0,0,0,0
tr|W1DV98|W1DV98_KLEPN,0,0,0,0
tr|W1DV99|W1DV99_KLEPN,0,0,0,0
tr|W1DVA1|W1DVA1_KLEPN,0,0,0,0
tr|W1DVA4|W1DVA4_KLEPN,0,0,0,0
tr|W1DVA6|W1DVA6_KLEPN,0,0,0,0
tr|W1DVA8|W1DVA8_KLEPN,0,0,0,0
tr|W1DVA9|W1DVA9_KLEPN,1,1,1,0
tr|W1DVB2|W1DVB2_KLEPN,0,0,0,0
tr|W1DVB3|W1DVB3_KLEPN,0,0,0,0
tr|W1DVB5|W1DVB5_KLEPN,0,0,0,0
tr|W1DVB7|W1DVB7_KLEPN,0,0,0,0
tr|W1DVB8|W1DVB8_KLEPN,0,0,0,0
tr|W1DVC0|W1DVC0_KLEPN,0,0,0,0
tr|W1DVC2|W1DVC2_KLEPN,0,0,0,0
tr|W1DVC4|W1DVC4_KLEPN,0,0,0,0
tr|W1DVC5|W1DVC5_KLEPN,0,0,0,0
tr|W1DVC8|W1DVC8_KLEPN,0,0,0,0
tr|W1DVD1|W1DVD1_KLEPN,0,0,0,0
tr|W1DVD2|W1DVD2_KLEPN,0,0,0,0
tr|W1DVD4|W1DVD4_KLEPN,0,0,0,0
tr|W1DVD7|W1DVD7_KLEPN,0,0,0,0
tr|W1DVD8|W1DVD8_KLEPN,0,0,0,0
tr|W1DVE1|W1DVE1_KLEPN,0,0,0,0
tr|W1DVE2|W1DVE2_KLEPN,0,0,0,0
tr|W1DVE3|W1DVE3_KLEPN,0,0,0,0
tr|W1DVE8|W1DVE8_KLEPN,0,0,0,0
tr|W1DVF1|W1DVF1_KLEPN,0,0,0,0
tr|W1DVF2|W1DVF2_KLEPN,1,1,1,0
tr|W1DVF5|W1DVF5_KLEPN,0,0,0,0
tr|W1DVF7|W1DVF7_KLEPN,0,0,0,0
tr|W1DVF9|W1DVF9_KLEPN,0,0,0,0
tr|W1DVG0|W1DVG0_KLEPN,0,0,0,0
tr|W1DVG1|W1DVG1_KLEPN,1,1,1,0
tr|W1DVG5|W1DVG5_KLEPN,0,0,0,0
tr|W1DVG9|W1DVG9_KLEPN,0,0,0,0
tr|W1DVH0|W1DVH0_KLEPN,0,0,0,0
tr|W1DVH1|W1DVH1_KLEPN,0,0,0,0
tr|W1DVH4|W1DVH4_KLEPN,0,0,0,0
tr|W1DVH5|W1DVH5_KLEPN,0,0,0,0
tr|W1DVH7|W1DVH7_KLEPN,0,0,0,0
tr|W1DVH9|W1DVH9_KLEPN,0,0,0,0
tr|W1DVI0|W1DVI0_KLEPN,0,0,0,0
tr|W1DVI1|W1DVI1_KLEPN,0,0,0,0
tr|W1DVI4|W1DVI4_KLEPN,0,0,0,0
tr|W1DVI5|W1DVI5_KLEPN,0,0,0,0
tr|W1DVI9|W1DVI9_KLEPN,1,1,1,1
tr|W1DVJ0|W1DVJ0_KLEPN,0,0,0,0
tr|W1DVJ1|W1DVJ1_KLEPN,0,0,0,0
tr|W1DVJ3|W1DVJ3_KLEPN,0,0,0,0
tr|W1DVJ5|W1DVJ5_KLEPN,0,0,0,0
tr|W1DVJ7|W1DVJ7_KLEPN,0,0,0,0
tr|W1DVJ9|W1DVJ9_KLEPN,0,0,0,0
tr|W1DVK2|W1DVK2_KLEPN,0,0,0,0
tr|W1DVK7|W1DVK7_KLEPN,0,0,0,0
tr|W1DVK8|W1DVK8_KLEPN,0,0,0,0
tr|W1DVK9|W1DVK9_KLEPN,0,0,0,0
tr|W1DVL0|W1DVL0_KLEPN,0,0,0,0
tr|W1DVL3|W1DVL3_KLEPN,1,1,1,0
tr|W1DVL4|W1DVL4_KLEPN,0,0,0,0
tr|W1DVL5|W1DVL5_KLEPN,0,0,0,0
tr|W1DVL8|W1DVL8_KLEPN,1,1,1,0
tr|W1DVL9|W1DVL9_KLEPN,0,0,0,0
tr|W1DVM0|W1DVM0_KLEPN,0,0,0,0
tr|W1DVM3|W1DVM3_KLEPN,0,0,0,0
tr|W1DVM4|W1DVM4_KLEPN,1,1,0,0
tr|W1DVM5|W1DVM5_KLEPN,0,0,0,0
tr|W1DVM8|W1DVM8_KLEPN,0,0,0,0
tr|W1DVM9|W1DVM9_KLEPN,0,0,0,0
tr|W1DVN0|W1DVN0_KLEPN,0,0,0,0
tr|W1DVN3|W1DVN3_KLEPN,0,0,0,0
tr|W1DVN4|W1DVN4_KLEPN,0,0,0,0
tr|W1DVN5|W1DVN5_KLEPN,0,0,0,0
tr|W1DVN9|W1DVN9_KLEPN,0,0,0,0
tr|W1DVP1|W1DVP1_KLEPN,0,0,0,0
tr|W1DVP3|W1DVP3_KLEPN,0,0,0,0
tr|W1DVP4|W1DVP4_KLEPN,0,0,0,0
tr|W1DVP7|W1DVP7_KLEPN,0,0,0,0
tr|W1DVP8|W1DVP8_KLEPN,0,0,0,0
tr|W1DVP9|W1DVP9_KLEPN,0,0,0,0
tr|W1DVQ2|W1DVQ2_KLEPN,0,0,0,0
tr|W1DVQ3|W1DVQ3_KLEPN,0,0,0,0
tr|W1DVQ7|W1DVQ7_KLEPN,0,0,0,0
tr|W1DVR0|W1DVR0_KLEPN,0,0,0,0
tr|W1DVR2|W1DVR2_KLEPN,0,0,0,0
tr|W1DVR3|W1DVR3_KLEPN,1,1,1,1
tr|W1DVR4|W1DVR4_KLEPN,0,0,0,0
tr|W1DVR7|W1DVR7_KLEPN,0,0,0,0
tr|W1DVR9|W1DVR9_KLEPN,0,0,0,0
tr|W1DVS3|W1DVS3_KLEPN,0,0,0,0
tr|W1DVS9|W1DVS9_KLEPN,0,0,0,0
tr|W1DVT1|W1DVT1_KLEPN,0,0,0,0
tr|W1DVT3|W1DVT3_KLEPN,0,0,0,0
tr|W1DVT5|W1DVT5_KLEPN,0,0,0,0
tr|W1DVT6|W1DVT6_KLEPN,0,0,0,0
tr|W1DVT8|W1DVT8_KLEPN,0,0,0,0
tr|W1DVU0|W1DVU0_KLEPN,0,0,0,0
tr|W1DVU1|W1DVU1_KLEPN,0,0,0,0
tr|W1DVU3|W1DVU3_KLEPN,0,0,0,0
tr|W1DVU5|W1DVU5_KLEPN,0,0,0,0
tr|W1DVU6|W1DVU6_KLEPN,0,0,0,0
tr|W1DVU8|W1DVU8_KLEPN,0,0,0,0
tr|W1DVV1|W1DVV1_KLEPN,0,0,0,0
tr|W1DVV2|W1DVV2_KLEPN,1,1,1,0
tr|W1DVV7|W1DVV7_KLEPN,1,1,0,0
tr|W1DVW1|W1DVW1_KLEPN,0,0,0,0
tr|W1DVW2|W1DVW2_KLEPN,1,1,0,0
tr|W1DVW5|W1DVW5_KLEPN,1,1,1,0
tr|W1DVW6|W1DVW6_KLEPN,0,0,0,0
tr|W1DVW7|W1DVW7_KLEPN,0,0,0,0
tr|W1DVX1|W1DVX1_KLEPN,0,0,0,0
tr|W1DVX2|W1DVX2_KLEPN,0,0,0,0
tr|W1DVX3|W1DVX3_KLEPN,0,0,0,0
tr|W1DVX4|W1DVX4_KLEPN,0,0,0,0
tr|W1DVX7|W1DVX7_KLEPN,0,0,0,0
tr|W1DVX8|W1DVX8_KLEPN,0,0,0,0
tr|W1DVY2|W1DVY2_KLEPN,0,0,0,0
tr|W1DVY4|W1DVY4_KLEPN,0,0,0,0
tr|W1DVY6|W1DVY6_KLEPN,0,0,0,0
tr|W1DVY8|W1DVY8_KLEPN,0,0,0,0
tr|W1DVY9|W1DVY9_KLEPN,0,0,0,0
tr|W1DVZ0|W1DVZ0_KLEPN,0,0,0,0
tr|W1DVZ3|W1DVZ3_KLEPN,0,0,0,0
tr|W1DVZ4|W1DVZ4_KLEPN,0,0,0,0
tr|W1DVZ5|W1DVZ5_KLEPN,0,0,0,0
tr|W1DVZ7|W1DVZ7_KLEPN,0,0,0,0
tr|W1DVZ8|W1DVZ8_KLEPN,0,0,0,0
tr|W1DW01|W1DW01_KLEPN,0,0,0,0
tr|W1DW02|W1DW02_KLEPN,0,0,0,0
tr|W1DW05|W1DW05_KLEPN,0,0,0,0
tr|W1DW06|W1DW06_KLEPN,0,0,0,0
tr|W1DW07|W1DW07_KLEPN,0,0,0,0
tr|W1DW10|W1DW10_KLEPN,0,0,0,0
tr|W1DW12|W1DW12_KLEPN,0,0,0,0
tr|W1DW16|W1DW16_KLEPN,1,1,1,0
tr|W1DW17|W1DW17_KLEPN,0,0,0,0
tr|W1DW18|W1DW18_KLEPN,0,0,0,0
tr|W1DW21|W1DW21_KLEPN,1,1,1,0
tr|W1DW22|W1DW22_KLEPN,0,0,0,0
tr|W1DW23|W1DW23_KLEPN,1,1,1,0
tr|W1DW24|W1DW24_KLEPN,0,0,0,0
tr|W1DW25|W1DW25_KLEPN,0,0,0,0
tr|W1DW28|W1DW28_KLEPN,1,1,1,0
tr|W1DW30|W1DW30_KLEPN,0,0,0,0
tr|W1DW34|W1DW34_KLEPN,0,0,0,0
tr|W1DW35|W1DW35_KLEPN,0,0,0,0
tr|W1DW38|W1DW38_KLEPN,1,1,0,0
tr|W1DW41|W1DW41_KLEPN,0,0,0,0
tr|W1DW42|W1DW42_KLEPN,0,0,0,0
tr|W1DW44|W1DW44_KLEPN,0,0,0,0
tr|W1DW48|W1DW48_KLEPN,0,0,0,0
tr|W1DW50|W1DW50_KLEPN,0,0,0,0
tr|W1DW52|W1DW52_KLEPN,0,0,0,0
tr|W1DW53|W1DW53_KLEPN,0,0,0,0
tr|W1DW54|W1DW54_KLEPN,0,0,0,0
tr|W1DW57|W1DW57_KLEPN,0,0,0,0
tr|W1DW59|W1DW59_KLEPN,0,0,0,0
tr|W1DW60|W1DW60_KLEPN,0,0,0,0
tr|W1DW62|W1DW62_KLEPN,0,0,0,0
tr|W1DW63|W1DW63_KLEPN,0,0,0,0
tr|W1DW64|W1DW64_KLEPN,0,0,0,0
tr|W1DW66|W1DW66_KLEPN,0,0,0,0
tr|W1DW73|W1DW73_KLEPN,0,0,0,0
tr|W1DW75|W1DW75_KLEPN,0,0,0,0
tr|W1DW77|W1DW77_KLEPN,0,0,0,0
tr|W1DW78|W1DW78_KLEPN,0,0,0,0
tr|W1DW79|W1DW79_KLEPN,0,0,0,0
tr|W1DW83|W1DW83_KLEPN,0,0,0,0
tr|W1DW84|W1DW84_KLEPN,0,0,0,0
tr|W1DW88|W1DW88_KLEPN,0,0,0,0
tr|W1DW89|W1DW89_KLEPN,0,0,0,0
tr|W1DW91|W1DW91_KLEPN,0,0,0,0
tr|W1DW92|W1DW92_KLEPN,0,0,0,0
tr|W1DW93|W1DW93_KLEPN,0,0,0,0
tr|W1DW94|W1DW94_KLEPN,0,0,0,0
tr|W1DW96|W1DW96_KLEPN,0,0,0,0
tr|W1DW99|W1DW99_KLEPN,1,1,1,0
tr|W1DWA0|W1DWA0_KLEPN,0,0,0,0
tr|W1DWA2|W1DWA2_KLEPN,0,0,0,0
tr|W1DWA3|W1DWA3_KLEPN,1,1,0,0
tr|W1DWA5|W1DWA5_KLEPN,0,0,0,0
tr|W1DWA8|W1DWA8_KLEPN,1,1,1,0
tr|W1DWA9|W1DWA9_KLEPN,0,0,0,0
tr|W1DWB1|W1DWB1_KLEPN,0,0,0,0
tr|W1DWB2|W1DWB2_KLEPN,0,0,0,0
tr|W1DWB4|W1DWB4_KLEPN,0,0,0,0
tr|W1DWB6|W1DWB6_KLEPN,0,0,0,0
tr|W1DWB8|W1DWB8_KLEPN,0,0,0,0
tr|W1DWB9|W1DWB9_KLEPN,0,0,0,0
tr|W1DWC3|W1DWC3_KLEPN,1,1,1,0
tr|W1DWC8|W1DWC8_KLEPN,0,0,0,0
tr|W1DWD0|W1DWD0_KLEPN,0,0,0,0
tr|W1DWD3|W1DWD3_KLEPN,0,0,0,0
tr|W1DWD4|W1DWD4_KLEPN,0,0,0,0
tr|W1DWE0|W1DWE0_KLEPN,0,0,0,0
tr|W1DWE2|W1DWE2_KLEPN,0,0,0,0
tr|W1DWE5|W1DWE5_KLEPN,0,0,0,0
tr|W1DWE7|W1DWE7_KLEPN,0,0,0,0
tr|W1DWF0|W1DWF0_KLEPN,0,0,0,0
tr|W1DWF1|W1DWF1_KLEPN,0,0,0,0
tr|W1DWF6|W1DWF6_KLEPN,0,0,0,0
tr|W1DWG3|W1DWG3_KLEPN,0,0,0,0
tr|W1DWG9|W1DWG9_KLEPN,0,0,0,0
tr|W1DWH3|W1DWH3_KLEPN,0,0,0,0
tr|W1DWH6|W1DWH6_KLEPN,0,0,0,0
tr|W1DWH9|W1DWH9_KLEPN,0,0,0,0
tr|W1DWI2|W1DWI2_KLEPN,0,0,0,0
tr|W1DWI5|W1DWI5_KLEPN,0,0,0,0
tr|W1DWI6|W1DWI6_KLEPN,0,0,0,0
tr|W1DWI9|W1DWI9_KLEPN,1,1,1,0
tr|W1DWJ1|W1DWJ1_KLEPN,0,0,0,0
tr|W1DWJ6|W1DWJ6_KLEPN,1,1,1,0
tr|W1DWJ8|W1DWJ8_KLEPN,0,0,0,0
tr|W1DWK1|W1DWK1_KLEPN,0,0,0,0
tr|W1DWK4|W1DWK4_KLEPN,0,0,0,0
tr|W1DWK6|W1DWK6_KLEPN,0,0,0,0
tr|W1DWK7|W1DWK7_KLEPN,0,0,0,0
tr|W1DWL1|W1DWL1_KLEPN,0,0,0,0
tr|W1DWL2|W1DWL2_KLEPN,0,0,0,0
tr|W1DWL5|W1DWL5_KLEPN,0,0,0,0
tr|W1DWL9|W1DWL9_KLEPN,0,0,0,0
tr|W1DWM0|W1DWM0_KLEPN,0,0,0,0
tr|W1DWM5|W1DWM5_KLEPN,0,0,0,0
tr|W1DWM6|W1DWM6_KLEPN,0,0,0,0
tr|W1DWN7|W1DWN7_KLEPN,0,0,0,0
tr|W1DWP7|W1DWP7_KLEPN,0,0,0,0
tr|W1DWQ1|W1DWQ1_KLEPN,0,0,0,0
tr|W1DWQ7|W1DWQ7_KLEPN,0,0,0,0
tr|W1DWR2|W1DWR2_KLEPN,0,0,0,0
tr|W1DWS0|W1DWS0_KLEPN,0,0,0,0
tr|W1DWS5|W1DWS5_KLEPN,0,0,0,0
tr|W1DWT0|W1DWT0_KLEPN,0,0,0,0
tr|W1DWT5|W1DWT5_KLEPN,0,0,0,0
tr|W1DWT9|W1DWT9_KLEPN,0,0,0,0
tr|W1DWU5|W1DWU5_KLEPN,0,0,0,0
tr|W1DWU9|W1DWU9_KLEPN,0,0,0,0
tr|W1DWV4|W1DWV4_KLEPN,0,0,0,0
tr|W1DWV9|W1DWV9_KLEPN,0,0,0,0
tr|W1DWW3|W1DWW3_KLEPN,0,0,0,0
tr|W1DWW9|W1DWW9_KLEPN,0,0,0,0
tr|W1DWX3|W1DWX3_KLEPN,0,0,0,0
tr|W1DWX7|W1DWX7_KLEPN,0,0,0,0
tr|W1DWY2|W1DWY2_KLEPN,0,0,0,0
tr|W1DWY8|W1DWY8_KLEPN,0,0,0,0
tr|W1DX11|W1DX11_KLEPN,0,0,0,0
tr|W1DX17|W1DX17_KLEPN,0,0,0,0
tr|W1DX22|W1DX22_KLEPN,0,0,0,0
tr|W1DX28|W1DX28_KLEPN,0,0,0,0
tr|W1DX45|W1DX45_KLEPN,0,0,0,0
tr|W1DX66|W1DX66_KLEPN,0,0,0,0
tr|W1DX71|W1DX71_KLEPN,0,0,0,0
tr|W1DX75|W1DX75_KLEPN,0,0,0,0
tr|W1DX83|W1DX83_KLEPN,0,0,0,0
tr|W1DX88|W1DX88_KLEPN,0,0,0,0
tr|W1DX92|W1DX92_KLEPN,0,0,0,0
tr|W1DX96|W1DX96_KLEPN,1,1,1,0
tr|W1DX99|W1DX99_KLEPN,0,0,0,0
tr|W1DXA4|W1DXA4_KLEPN,0,0,0,0
tr|W1DXA8|W1DXA8_KLEPN,0,0,0,0
tr|W1DXB3|W1DXB3_KLEPN,0,0,0,0
tr|W1DXB8|W1DXB8_KLEPN,0,0,0,0
tr|W1DXC3|W1DXC3_KLEPN,0,0,0,0
tr|W1DXC6|W1DXC6_KLEPN,0,0,0,0
tr|W1DXC9|W1DXC9_KLEPN,0,0,0,0
tr|W1DXD4|W1DXD4_KLEPN,0,0,0,0
tr|W1DXD8|W1DXD8_KLEPN,0,0,0,0
tr|W1DXE3|W1DXE3_KLEPN,0,0,0,0
tr|W1DXE7|W1DXE7_KLEPN,0,0,0,0
tr|W1DXF0|W1DXF0_KLEPN,0,0,0,0
tr|W1DXF9|W1DXF9_KLEPN,0,0,0,0
tr|W1DXG4|W1DXG4_KLEPN,0,0,0,0
tr|W1DXG9|W1DXG9_KLEPN,0,0,0,0
tr|W1DXH1|W1DXH1_KLEPN,0,0,0,0
tr|W1DXH5|W1DXH5_KLEPN,0,0,0,0
tr|W1DXI0|W1DXI0_KLEPN,0,0,0,0
tr|W1DXI4|W1DXI4_KLEPN,0,0,0,0
tr|W1DXI9|W1DXI9_KLEPN,0,0,0,0
tr|W1DXJ1|W1DXJ1_KLEPN,0,0,0,0
tr|W1DXJ6|W1DXJ6_KLEPN,0,0,0,0
tr|W1DXK0|W1DXK0_KLEPN,0,0,0,0
tr|W1DXK4|W1DXK4_KLEPN,0,0,0,0
tr|W1DXK8|W1DXK8_KLEPN,0,0,0,0
tr|W1DXL1|W1DXL1_KLEPN,0,0,0,0
tr|W1DXL5|W1DXL5_KLEPN,1,1,1,1
tr|W1DXL8|W1DXL8_KLEPN,0,0,0,0
tr|W1DXM1|W1DXM1_KLEPN,0,0,0,0
tr|W1DXM9|W1DXM9_KLEPN,0,0,0,0
tr|W1DXN2|W1DXN2_KLEPN,0,0,0,0
tr|W1DXN6|W1DXN6_KLEPN,0,0,0,0
tr|W1DXN8|W1DXN8_KLEPN,0,0,0,0
tr|W1DXP1|W1DXP1_KLEPN,0,0,0,0
tr|W1DXP5|W1DXP5_KLEPN,1,1,1,0
tr|W1DXQ0|W1DXQ0_KLEPN,0,0,0,0
tr|W1DXQ3|W1DXQ3_KLEPN,0,0,0,0
tr|W1DXQ8|W1DXQ8_KLEPN,0,0,0,0
tr|W1DXR2|W1DXR2_KLEPN,0,0,0,0
tr|W1DXR7|W1DXR7_KLEPN,0,0,0,0
tr|W1DXS2|W1DXS2_KLEPN,0,0,0,0
tr|W1DXS9|W1DXS9_KLEPN,0,0,0,0
tr|W1DXV1|W1DXV1_KLEPN,0,0,0,0
tr|W1DXW1|W1DXW1_KLEPN,0,0,0,0
tr|W1DXW7|W1DXW7_KLEPN,0,0,0,0
tr|W1DXX3|W1DXX3_KLEPN,0,0,0,0
tr|W1DXX7|W1DXX7_KLEPN,0,0,0,0
tr|W1DXY6|W1DXY6_KLEPN,0,0,0,0
tr|W1DXZ2|W1DXZ2_KLEPN,0,0,0,0
tr|W1DXZ7|W1DXZ7_KLEPN,1,1,1,0
tr|W1DY01|W1DY01_KLEPN,0,0,0,0
tr|W1DY05|W1DY05_KLEPN,1,1,0,0
tr|W1DY12|W1DY12_KLEPN,1,1,1,0
tr|W1DY44|W1DY44_KLEPN,0,0,0,0
tr|W1DY49|W1DY49_KLEPN,0,0,0,0
tr|W1DY55|W1DY55_KLEPN,0,0,0,0
tr|W1DY63|W1DY63_KLEPN,0,0,0,0
tr|W1DY68|W1DY68_KLEPN,0,0,0,0
tr|W1DY74|W1DY74_KLEPN,0,0,0,0
tr|W1DY82|W1DY82_KLEPN,0,0,0,0
tr|W1DY87|W1DY87_KLEPN,0,0,0,0
tr|W1DY93|W1DY93_KLEPN,0,0,0,0
tr|W1DY99|W1DY99_KLEPN,0,0,0,0
tr|W1DYA8|W1DYA8_KLEPN,0,0,0,0
tr|W1DYB3|W1DYB3_KLEPN,0,0,0,0
tr|W1DYB8|W1DYB8_KLEPN,0,0,0,0
tr|W1DYD0|W1DYD0_KLEPN,0,0,0,0
